goIdx,name,category,catNo,desc,source
4778,이호선,강연자,87,상담을 통해 세대 간 소통을 이끄는 따뜻한 상담 전문가,https://www.artsro.com/right/enter_view.html?GoIdx=4778&CatNo=87
4768,김지윤,강연자,87,“정치·사회 분야 강연으로 대중과 소통하는 전문가.”,https://www.artsro.com/right/enter_view.html?GoIdx=4768&CatNo=87
4641,이정모,강연자,87,대한민국의 과학자이자 펭귄각종과학관의 관장,https://www.artsro.com/right/enter_view.html?GoIdx=4641&CatNo=87
4554,한문철,강연자,87,"""100대 0입니다."" 명쾌한 도로의 해결사",https://www.artsro.com/right/enter_view.html?GoIdx=4554&CatNo=87
4497,박태웅,강연자,87,대한민국의 한겨레신문 기자 출신 기업가,https://www.artsro.com/right/enter_view.html?GoIdx=4497&CatNo=87
4496,이종범,강연자,87,대한민국의 웹툰 작가이자 스토리 텔링 교육자,https://www.artsro.com/right/enter_view.html?GoIdx=4496&CatNo=87
4493,송길영,강연자,87,대한민국의 빅 데이터 전문가,https://www.artsro.com/right/enter_view.html?GoIdx=4493&CatNo=87
4292,이낙준,강연자,87,"이비인후과 전문의이자 웹소설 작가, 유튜버, 교수",https://www.artsro.com/right/enter_view.html?GoIdx=4292&CatNo=87
4234,항성,강연자,87,"온라인콘텐츠창작자, 교육인",https://www.artsro.com/right/enter_view.html?GoIdx=4234&CatNo=87
4232,박성현,강연자,87,“투자·경제 베스트셀러 작가이자 청소년 금융 교육과 콘텐츠 제작에 힘쓰는 박성현 대표”,https://www.artsro.com/right/enter_view.html?GoIdx=4232&CatNo=87
4212,조영태,강연자,87,대한민국 인구학자 서울대 조영태 교수가 제시하는 미래를 바라보는 새로운 눈(眼),https://www.artsro.com/right/enter_view.html?GoIdx=4212&CatNo=87
4169,정호승,강연자,87,삶의 본질에 관한 글을 쓰는 시인,https://www.artsro.com/right/enter_view.html?GoIdx=4169&CatNo=87
3895,김홍신,강연자,87,대한민국 최초의 밀리언셀러 소설가,https://www.artsro.com/right/enter_view.html?GoIdx=3895&CatNo=87
3550,임용한 박사,강연자,87,"현실적인 통찰력과 예리한 분석을 바탕으로 한, 그 누구보다 본질적이고 합리적이지만 색다른 시각",https://www.artsro.com/right/enter_view.html?GoIdx=3550&CatNo=87
3507,배정원,강연자,87,대한민국의 세종대학교 교수이며 성교육인이자 작가,https://www.artsro.com/right/enter_view.html?GoIdx=3507&CatNo=87
3493,조승연,강연자,87,대한민국의 작가 및 방송인,https://www.artsro.com/right/enter_view.html?GoIdx=3493&CatNo=87
2619,김수인,강연자,87,사람과 조직을 연구하고 소통과 성장으로 안내합니다.,https://www.artsro.com/right/enter_view.html?GoIdx=2619&CatNo=87
802,최태성,강연자,87,모두의 큰별 쌤 '최태성',https://www.artsro.com/right/enter_view.html?GoIdx=802&CatNo=87
739,황석영,강연자,87,시대를 대표한다 한국 문단의 거목 '황석영',https://www.artsro.com/right/enter_view.html?GoIdx=739&CatNo=87
738,서희태,강연자,87,"클래식의 대중화, 국악의 세계화, 예술의 보편화를 위해 꾸준히 노력하는 '서희태'",https://www.artsro.com/right/enter_view.html?GoIdx=738&CatNo=87
573,김창옥,강연자,87,"대한민국 최고의 명강사, 가슴을 울리는 강의!",https://www.artsro.com/right/enter_view.html?GoIdx=573&CatNo=87
562,김미경,강연자,87,꿈은 몸이 똑똑한 사람이 이룬다. 아트스피치 No.1 '김미경',https://www.artsro.com/right/enter_view.html?GoIdx=562&CatNo=87
4693,생각대로 사는 여자(박제인),강연자,88,"퍼스널 브랜딩, 콘텐츠 마케팅 강사 '생각대로 사는 여자 박제인'",https://www.artsro.com/right/enter_view.html?GoIdx=4693&CatNo=88
4427,조지은,강연자,88,한국이 낳은 세계적인 언어학자 옥스퍼드의 조지은 작가,https://www.artsro.com/right/enter_view.html?GoIdx=4427&CatNo=88
4426,이학준,강연자,88,생과 사를 넘나들던 기자이자 다큐 감독,https://www.artsro.com/right/enter_view.html?GoIdx=4426&CatNo=88
4422,이세영 (무니),강연자,88,팔로워 1.4만 일러스트레이터 작가,https://www.artsro.com/right/enter_view.html?GoIdx=4422&CatNo=88
4421,김수윤 (소금툰),강연자,88,팔로워 11.5만의 인스타툰 작가,https://www.artsro.com/right/enter_view.html?GoIdx=4421&CatNo=88
4228,김영아,강연자,88,치유 심리학자 김영아,https://www.artsro.com/right/enter_view.html?GoIdx=4228&CatNo=88
4174,김재원,강연자,88,한국사 스토리텔러,https://www.artsro.com/right/enter_view.html?GoIdx=4174&CatNo=88
3888,강형욱,강연자,88,대한민국의 동물 훈련사,https://www.artsro.com/right/enter_view.html?GoIdx=3888&CatNo=88
3263,설채현,강연자,88,행동학 수의사 설채현입니다.,https://www.artsro.com/right/enter_view.html?GoIdx=3263&CatNo=88
3253,곽민수,강연자,88,고대 이집트 전공 고고학자,https://www.artsro.com/right/enter_view.html?GoIdx=3253&CatNo=88
3215,박소연,강연자,88,복잡함을 제거하고 본질에 집중하는 업무의 전문,https://www.artsro.com/right/enter_view.html?GoIdx=3215&CatNo=88
3027,정영욱,강연자,88,"독자에게 늘 따스한 응원, 희망과 용기를 전하는 에세이 작가",https://www.artsro.com/right/enter_view.html?GoIdx=3027&CatNo=88
1442,김하얀,강연자,88,교육하는 날 대표,https://www.artsro.com/right/enter_view.html?GoIdx=1442&CatNo=88
821,전미영,강연자,88,희망 메세지를 주는 트렌드 코리아 '전미영',https://www.artsro.com/right/enter_view.html?GoIdx=821&CatNo=88
817,오은영 마술사,강연자,88,"미모도Queen, 마술도Queen, 강의도Queen. 국내 최고의 여성 마술사 No.1 '오은영'",https://www.artsro.com/right/enter_view.html?GoIdx=817&CatNo=88
816,함선희,강연자,88,소통하며 발전하는 사회를 만든다 냉정과 열정사이 그녀'함선희',https://www.artsro.com/right/enter_view.html?GoIdx=816&CatNo=88
4811,최재천,강연자,90,대한민국의 생물학자,https://www.artsro.com/right/enter_view.html?GoIdx=4811&CatNo=90
4808,박용우,강연자,90,대한민국 비만 치료의 권위자이자 '건강한 다이어트'의 멘토,https://www.artsro.com/right/enter_view.html?GoIdx=4808&CatNo=90
4675,문정훈,강연자,90,국내 음식 데이터 1등 서울대 맛잘알 교수,https://www.artsro.com/right/enter_view.html?GoIdx=4675&CatNo=90
4498,김대식,강연자,90,뇌과학자이자 KAIST 교수,https://www.artsro.com/right/enter_view.html?GoIdx=4498&CatNo=90
4491,장동선,강연자,90,대한민국의 뇌과학자,https://www.artsro.com/right/enter_view.html?GoIdx=4491&CatNo=90
4454,정수종,강연자,90,기후변화·탄소순환 전문가,https://www.artsro.com/right/enter_view.html?GoIdx=4454&CatNo=90
4453,문병로,강연자,90,대한민국의 컴퓨터공학자이자 금융인,https://www.artsro.com/right/enter_view.html?GoIdx=4453&CatNo=90
4452,황승진,강연자,90,스탠퍼드 최초의 한국인 종신교수,https://www.artsro.com/right/enter_view.html?GoIdx=4452&CatNo=90
4451,윤용현,강연자,90,공군사관학교 출신 항공우주공학 전문가,https://www.artsro.com/right/enter_view.html?GoIdx=4451&CatNo=90
4209,김정운,강연자,90,,https://www.artsro.com/right/enter_view.html?GoIdx=4209&CatNo=90
4119,박지선,강연자,90,"숙명여자대학교 사회심리학과 교수이자, 대한민국의 범죄심리학자",https://www.artsro.com/right/enter_view.html?GoIdx=4119&CatNo=90
3879,김태훈,강연자,90,경남대학교 심리학과 교수,https://www.artsro.com/right/enter_view.html?GoIdx=3879&CatNo=90
3047,권일용,강연자,90,강력반 형사와 과학수사요원 출신 프로파일러,https://www.artsro.com/right/enter_view.html?GoIdx=3047&CatNo=90
3046,표창원,강연자,90,대한민국 첫번째 프로파일러,https://www.artsro.com/right/enter_view.html?GoIdx=3046&CatNo=90
3021,최재붕,강연자,90,성균관대 서비스융합디자인학과/기계공학부 교수,https://www.artsro.com/right/enter_view.html?GoIdx=3021&CatNo=90
2669,썬킴,강연자,90,역사 스토리텔러,https://www.artsro.com/right/enter_view.html?GoIdx=2669&CatNo=90
2668,이익주,강연자,90,역사학자,https://www.artsro.com/right/enter_view.html?GoIdx=2668&CatNo=90
2504,정재승,강연자,90,인간의 뇌는 어떻게 선택을 하는가? 를 연구하는 물리학자 정재승 교수님,https://www.artsro.com/right/enter_view.html?GoIdx=2504&CatNo=90
2402,유현준,강연자,90,홍익대학교 건축도시대학 교수,https://www.artsro.com/right/enter_view.html?GoIdx=2402&CatNo=90
2395,이향은,강연자,90,LG전자 상무이자 성신여자대학교서비스디자인공학과 교수,https://www.artsro.com/right/enter_view.html?GoIdx=2395&CatNo=90
2394,오은영,강연자,90,대한민국 정신건강의학과 전문의이자 한국외국어대학교 영어대학 영문학과 교수,https://www.artsro.com/right/enter_view.html?GoIdx=2394&CatNo=90
2390,김범준,강연자,90,우메아대학교 이학 명예박사 김범준교수,https://www.artsro.com/right/enter_view.html?GoIdx=2390&CatNo=90
2389,유지나,강연자,90,희망제작소 이사 겸 동국대학교 교수,https://www.artsro.com/right/enter_view.html?GoIdx=2389&CatNo=90
2387,김난도,강연자,90,서울대학교 생활과학대학 소비자학과 교수,https://www.artsro.com/right/enter_view.html?GoIdx=2387&CatNo=90
2384,김경일,강연자,90,인지심리학자이자 심리학과 교수,https://www.artsro.com/right/enter_view.html?GoIdx=2384&CatNo=90
2383,신병주,강연자,90,대한민국 역사학자 신병주 교수.,https://www.artsro.com/right/enter_view.html?GoIdx=2383&CatNo=90
4708,노희영,강연자,95,대한민국의 브랜드 컨설턴트,https://www.artsro.com/right/enter_view.html?GoIdx=4708&CatNo=95
4524,김성준,강연자,95,시몬스 디자인 스튜디오 대표,https://www.artsro.com/right/enter_view.html?GoIdx=4524&CatNo=95
813,엄준태,강연자,95,패션과 예술의 만남 '엄준태',https://www.artsro.com/right/enter_view.html?GoIdx=813&CatNo=95
4772,희철리즘,강연자,129,자유로운 영혼 유쾌한 철학을 겸비한 여행유튜버,https://www.artsro.com/right/enter_view.html?GoIdx=4772&CatNo=129
4707,흥둥이,강연자,129,"흥 넘치는 쌍둥이 ""흥둥이""와 살 쭉쭉빼고 근육 쑥쑥 키워요",https://www.artsro.com/right/enter_view.html?GoIdx=4707&CatNo=129
4681,오마이비키,강연자,129,25만 키즈 콘텐츠 채널,https://www.artsro.com/right/enter_view.html?GoIdx=4681&CatNo=129
4611,마선호,강연자,129,대한민국의 보디빌더이자 유튜버,https://www.artsro.com/right/enter_view.html?GoIdx=4611&CatNo=129
4575,야금야금,강연자,129,"틱톡, 인스타그램, 유튜브 인기 크리에이터",https://www.artsro.com/right/enter_view.html?GoIdx=4575&CatNo=129
4511,정준,강연자,129,대한민국의 전 던전앤파이터 프로게이머. 현 카트라이더 해설자.,https://www.artsro.com/right/enter_view.html?GoIdx=4511&CatNo=129
4485,부동산 읽어주는 남자,강연자,129,대한민국의 투자 전문 유튜버 겸 부동산 투자 사업가 겸 투자 교육 강연 사업가,https://www.artsro.com/right/enter_view.html?GoIdx=4485&CatNo=129
4371,허성범,강연자,129,"대한민국의 모델 겸 크리에이터, 방송인, AI 연구원.",https://www.artsro.com/right/enter_view.html?GoIdx=4371&CatNo=129
4324,이독실,강연자,129,"카이스트 출신의 과학 커뮤니케이터로, 방송과 강연을 넘나들며 대중과 소통하는 전문가",https://www.artsro.com/right/enter_view.html?GoIdx=4324&CatNo=129
4323,울림,강연자,129,"과학커뮤니케이터 '울림'이라는 이름처럼, 다양한 분야의 다채로운 과학의 울림을 대중에게 전달하고자 합니다.",https://www.artsro.com/right/enter_view.html?GoIdx=4323&CatNo=129
4322,지구,강연자,129,지구와 우주의 일을 과학 이야기로 풀어냅니다,https://www.artsro.com/right/enter_view.html?GoIdx=4322&CatNo=129
4223,주언규 (joo earn gyu),강연자,129,61만 명 구독자를 가진 그냥 사는 얘기를 나누는 유튜버,https://www.artsro.com/right/enter_view.html?GoIdx=4223&CatNo=129
4161,박다혜,강연자,129,인터넷 방송인 겸 가수,https://www.artsro.com/right/enter_view.html?GoIdx=4161&CatNo=129
4083,카니,강연자,129,"대한민국에서 활동하는 프랑스인 댄서, 안무가, 퍼포먼스 디렉터, 유튜버.",https://www.artsro.com/right/enter_view.html?GoIdx=4083&CatNo=129
3982,연스커플,강연자,129,비주얼 커플로 유명한 혜연&호연의 꽁냥꽁냥 케미가 돋보이는 커플 채널!,https://www.artsro.com/right/enter_view.html?GoIdx=3982&CatNo=129
3978,아로치카,강연자,129,한국인 남편 아론과 일본인 아내 치카코의 일본거주 한일부부!,https://www.artsro.com/right/enter_view.html?GoIdx=3978&CatNo=129
3977,아누누,강연자,129,틱톡 송중기 안은우!,https://www.artsro.com/right/enter_view.html?GoIdx=3977&CatNo=129
3976,씨씨코,강연자,129,Vlog나 다양한 1인 다역 상황극을 찍는 크리에이터!,https://www.artsro.com/right/enter_view.html?GoIdx=3976&CatNo=129
3975,슈뻘맨,강연자,129,"대결, 도전, 실험, 체험하는 컨텐츠를 주로 하는 유튜브!",https://www.artsro.com/right/enter_view.html?GoIdx=3975&CatNo=129
3974,쉴라면 (주간반상회),강연자,129,송은이가 제작한 보다보면 중독되는 MSG 채널!,https://www.artsro.com/right/enter_view.html?GoIdx=3974&CatNo=129
3973,세아쌤,강연자,129,"중국어.영어 능통, 현직 댄스 강사, 틱톡 상황극에 떠오르는 신예 채널!",https://www.artsro.com/right/enter_view.html?GoIdx=3973&CatNo=129
3972,새옴,강연자,129,종합 스트리머 새옴!,https://www.artsro.com/right/enter_view.html?GoIdx=3972&CatNo=129
3963,비보티비,강연자,129,송은이의 일상과 팟캐스트 하이라이트와 비하인드 영상을 만날 수 있는 채널!,https://www.artsro.com/right/enter_view.html?GoIdx=3963&CatNo=129
3962,박씨집안,강연자,129,파뿌리 강호이와 부모님의 시트콤 같은 일상!,https://www.artsro.com/right/enter_view.html?GoIdx=3962&CatNo=129
3961,미스스한 이야기,강연자,129,미스테리하고 재밌는 이야기들을 소개하는 채널!,https://www.artsro.com/right/enter_view.html?GoIdx=3961&CatNo=129
3960,모칠레로,강연자,129,여행하는 일상을 기록하는 세계 여행자 유투버!,https://www.artsro.com/right/enter_view.html?GoIdx=3960&CatNo=129
3959,머독,강연자,129,흔들어댄 콜라마냥 포텐터지는 방송!,https://www.artsro.com/right/enter_view.html?GoIdx=3959&CatNo=129
3958,릴리세은,강연자,129,성대모사 유튜버이자 틱톡커!,https://www.artsro.com/right/enter_view.html?GoIdx=3958&CatNo=129
3956,또호,강연자,129,꿀조합부터 괴조합까지 호기심 가득 또호의 먹방 쇼츠 채널!,https://www.artsro.com/right/enter_view.html?GoIdx=3956&CatNo=129
3955,또솔,강연자,129,오늘의 급식은~? 또솔의 행복한 먹방 쇼츠 채널,https://www.artsro.com/right/enter_view.html?GoIdx=3955&CatNo=129
3954,또또커플,강연자,129,커플 유튜버이자 틱톡커!,https://www.artsro.com/right/enter_view.html?GoIdx=3954&CatNo=129
3953,달쑤,강연자,129,숏폼 등 다양한 콘텐츠를 선보이는 틱톡커이자 유튜버!,https://www.artsro.com/right/enter_view.html?GoIdx=3953&CatNo=129
3950,김숙티비,강연자,129,김숙의 유튜브 채널!,https://www.artsro.com/right/enter_view.html?GoIdx=3950&CatNo=129
3949,꾸삐,강연자,129,"인생 자체가 레고, 레고 박사 꾸삐가 진행하는 퀄리티 있는 레고 전문 채널!",https://www.artsro.com/right/enter_view.html?GoIdx=3949&CatNo=129
3948,김단군,강연자,129,영화나 드라마를 리뷰하는 유튜버!,https://www.artsro.com/right/enter_view.html?GoIdx=3948&CatNo=129
3947,규파(gyupa),강연자,129,부드럽고 따뜻한 감성으로 시청자를 편하고 즐겁해 해주는 3D펜 굿즈 설계자!,https://www.artsro.com/right/enter_view.html?GoIdx=3947&CatNo=129
3946,공파리파,강연자,129,캐나다에서 건너온 만능 엔터테이너!,https://www.artsro.com/right/enter_view.html?GoIdx=3946&CatNo=129
3944,감스트,강연자,129,"아프리카 베스트 BJ에서 플랫폼과 장르를 넘어 게임,축구, 먹방 모두 섭렵합 260만 유튜버!",https://www.artsro.com/right/enter_view.html?GoIdx=3944&CatNo=129
3904,진돌,강연자,129,대한민국의 웹툰 작가 겸 개인사업자이자 유튜버,https://www.artsro.com/right/enter_view.html?GoIdx=3904&CatNo=129
3883,서이브,강연자,129,숏폼 콘텐츠를 통해 시청자들과 활발하게 소통하는 '국민챌린지소녀' 크리에이터,https://www.artsro.com/right/enter_view.html?GoIdx=3883&CatNo=129
3774,핏블리,강연자,129,"국제트레이너이자, 스포츠 영양 코치인 운동 유투버!",https://www.artsro.com/right/enter_view.html?GoIdx=3774&CatNo=129
3742,심으뜸,강연자,129,으뜸이라는 최고의 뜻을 가진 스포츠 트레이너이자 유튜버!,https://www.artsro.com/right/enter_view.html?GoIdx=3742&CatNo=129
3690,또딘또딘,강연자,129,청초하고 맑은 외모를 가진 일상을 담는 유튜버!,https://www.artsro.com/right/enter_view.html?GoIdx=3690&CatNo=129
3627,궤도,강연자,129,과학 유튜브 채널 안될과학의 멤버 궤도!,https://www.artsro.com/right/enter_view.html?GoIdx=3627&CatNo=129
3615,수마일 (김수환),강연자,129,춤 추는 교생쌤!,https://www.artsro.com/right/enter_view.html?GoIdx=3615&CatNo=129
3520,엔조이커플,강연자,129,구독자수 250만명의 코미디언 부부유튜버,https://www.artsro.com/right/enter_view.html?GoIdx=3520&CatNo=129
3441,문복희,강연자,129,먹방유투버,https://www.artsro.com/right/enter_view.html?GoIdx=3441&CatNo=129
3435,입짧은 햇님,강연자,129,먹방 유튜버,https://www.artsro.com/right/enter_view.html?GoIdx=3435&CatNo=129
3406,미미미누,강연자,129,MZ수험생들의 아이돌,https://www.artsro.com/right/enter_view.html?GoIdx=3406&CatNo=129
3399,과학쿠키,강연자,129,과학을 쿠키처럼!,https://www.artsro.com/right/enter_view.html?GoIdx=3399&CatNo=129
3398,과학드림,강연자,129,과학은 세상을 보는 창!,https://www.artsro.com/right/enter_view.html?GoIdx=3398&CatNo=129
3248,김원,강연자,129,김원 사건파일,https://www.artsro.com/right/enter_view.html?GoIdx=3248&CatNo=129
3014,동네친구 강나미(강남),강연자,129,한국으로 귀화한 강남의 찐 한국인이 되기 위한 도전기!,https://www.artsro.com/right/enter_view.html?GoIdx=3014&CatNo=129
3013,잠골버스,강연자,129,감미로운 목소리에 개그 한스푼! 보컬 잠골버스의 다재다능 커버 채널,https://www.artsro.com/right/enter_view.html?GoIdx=3013&CatNo=129
3012,우파푸른하늘(한승훈),강연자,129,국내 자동차 카테고리 구독자 1위! 금수저 아저씨의 친근한 입담으로 세상의 모든 차를 리뷰한다.,https://www.artsro.com/right/enter_view.html?GoIdx=3012&CatNo=129
3011,공돌이용달(정용준),강연자,129,과학을 사랑하는 공돌이 용달의 기상천외 실험 채널,https://www.artsro.com/right/enter_view.html?GoIdx=3011&CatNo=129
3010,파트리샤,강연자,129,"현실남매 캐미로 사랑 받는 조나단 여동생, 파트리샤",https://www.artsro.com/right/enter_view.html?GoIdx=3010&CatNo=129
3009,비밀이야(배동렬),강연자,129,먹자!마시자!놀러나가자!전국의 맛집을 탐방하는 채널,https://www.artsro.com/right/enter_view.html?GoIdx=3009&CatNo=129
3008,백수골방,강연자,129,날카롭고 차분한 영화 해석 및 소개로 두터운 구독자층을 가지고 있는 영화 전문 채널,https://www.artsro.com/right/enter_view.html?GoIdx=3008&CatNo=129
3006,하다필름 (HADAFILM),강연자,129,Life and fashion story full of empathy,https://www.artsro.com/right/enter_view.html?GoIdx=3006&CatNo=129
3005,조나단,강연자,129,콩고왕자 조나단의 유쾌한 일상 채널,https://www.artsro.com/right/enter_view.html?GoIdx=3005&CatNo=129
3004,임다TV,강연자,129,원조 입담꾼 임다의 시간 순삭 유튜브 채널,https://www.artsro.com/right/enter_view.html?GoIdx=3004&CatNo=129
3003,곽튜브,강연자,129,"여행콘텐츠부터 먹방, 일상까지! 친근한 입담과 다양한 매력으로 사랑 받는 엔터테이너",https://www.artsro.com/right/enter_view.html?GoIdx=3003&CatNo=129
3002,파뿌리,강연자,129,옥탑방을 겨우 벗어나 반지하 땅굴 라이프를 시작한 20대 친구들의 짠내나는 리얼 라이프,https://www.artsro.com/right/enter_view.html?GoIdx=3002&CatNo=129
3001,약사가 들려주는 약 이야기,강연자,129,"영양제, 건강식품 등 신뢰성 가득한 생활 속 건강 정보! 약사에게 직접 듣는 약 이야기",https://www.artsro.com/right/enter_view.html?GoIdx=3001&CatNo=129
3000,도진이,강연자,129,춤추는 도진! 어떤 커버곡도 찰떡같이 소화하는 능력의 댄싱도진 채널,https://www.artsro.com/right/enter_view.html?GoIdx=3000&CatNo=129
2998,조재원,강연자,129,인싸 감성 가득한 개그 콘텐츠로 웃음을 자아내는 상황극 전문가 조재원,https://www.artsro.com/right/enter_view.html?GoIdx=2998&CatNo=129
2997,보물섬,강연자,129,아령하세여~ 허잇~!,https://www.artsro.com/right/enter_view.html?GoIdx=2997&CatNo=129
2996,빠니보틀,강연자,129,명실상부 탑 인플루언서. 모두를 사로잡을 수 밖에 없는 뻔하지 않고 획기적인 그 만의 콘텐츠,https://www.artsro.com/right/enter_view.html?GoIdx=2996&CatNo=129
2992,슈카월드,강연자,129,"어렵고 딱딱한 경제, 시사, 금융을 정확한 자료를 바탕으로 쉽고 재밌게 풀어내는 시사 채널",https://www.artsro.com/right/enter_view.html?GoIdx=2992&CatNo=129
2991,나도,강연자,129,나도 먹을래♡ 나도의 사랑스러운 먹방 ASMR 채널,https://www.artsro.com/right/enter_view.html?GoIdx=2991&CatNo=129
2990,흥삼이네,강연자,129,흥삼이네 식구의 정감 넘치는 시골 힐링 먹방,https://www.artsro.com/right/enter_view.html?GoIdx=2990&CatNo=129
2989,옐언니,강연자,129,"틱톡을 모르는 사람은 있어도, 옐언니를 모르는 사람은 없다! 틱톡 아이돌 옐언니의 일상 채널",https://www.artsro.com/right/enter_view.html?GoIdx=2989&CatNo=129
2988,까니짱,강연자,129,"전매특허 해산물 먹방, 활발한 야외먹방! 정통 리얼사운드 먹방 ASMR 채널",https://www.artsro.com/right/enter_view.html?GoIdx=2988&CatNo=129
2987,떵개떵,강연자,129,국내 먹방 구독자 수 1위! 리얼사운드의 대표 주자,https://www.artsro.com/right/enter_view.html?GoIdx=2987&CatNo=129
2715,그래쓰 (GRASS),강연자,129,음악하는 여행 크리에이터,https://www.artsro.com/right/enter_view.html?GoIdx=2715&CatNo=129
2705,도티 (DDotty),강연자,129,샌드박스 네트워크의 공동창립자,https://www.artsro.com/right/enter_view.html?GoIdx=2705&CatNo=129
2505,악어,강연자,129,마인크래프트를 주로하는 트위치TV 종합게임 스트리머이자 백만 유튜버 악어.,https://www.artsro.com/right/enter_view.html?GoIdx=2505&CatNo=129
2496,덱스,강연자,129,군인 출신 유튜버 겸 방송인 덱스,https://www.artsro.com/right/enter_view.html?GoIdx=2496&CatNo=129
2379,기안84,강연자,129,"웹툰작가이자 방송인, AOMG 소속 기안84",https://www.artsro.com/right/enter_view.html?GoIdx=2379&CatNo=129
4630,김희은,강연자,91,대한민국의 요리연구가.,https://www.artsro.com/right/enter_view.html?GoIdx=4630&CatNo=91
4560,박가람,강연자,91,흑백요리사 2의 '천생연분',https://www.artsro.com/right/enter_view.html?GoIdx=4560&CatNo=91
4559,박은영,강연자,91,대한민국과 홍콩에서 활동하는 한국 중식 요리사,https://www.artsro.com/right/enter_view.html?GoIdx=4559&CatNo=91
4527,최강록,강연자,91,흑백요리사2 X 마스터셰프 코리아2 우승자,https://www.artsro.com/right/enter_view.html?GoIdx=4527&CatNo=91
4518,손종원,강연자,91,대한민국의 파인 다이닝 요리사,https://www.artsro.com/right/enter_view.html?GoIdx=4518&CatNo=91
4476,이준,강연자,91,폭넓은 요리 스펙트럼을 선보인 쉐프,https://www.artsro.com/right/enter_view.html?GoIdx=4476&CatNo=91
4472,삐딱한 천재(이찬양),강연자,91,문턱은 낮추고 맛은 올리는 셰프,https://www.artsro.com/right/enter_view.html?GoIdx=4472&CatNo=91
4469,아기맹수(김시현),강연자,91,대중을 사로잡은 '반전 매력'의 셰프,https://www.artsro.com/right/enter_view.html?GoIdx=4469&CatNo=91
3760,만찢남,강연자,91,만화방을 운영하면서 비룡 떡볶이를 직접 만들어 판매한 셰프!,https://www.artsro.com/right/enter_view.html?GoIdx=3760&CatNo=91
3759,철가방요리사(임태훈),강연자,91,진정성 있는 한 그릇을 만들어내는 셰프!,https://www.artsro.com/right/enter_view.html?GoIdx=3759&CatNo=91
3676,에드워드 리,강연자,91,각종 요리 경연 프로그램을 통해 실력을 인정 받은 쉐프!,https://www.artsro.com/right/enter_view.html?GoIdx=3676&CatNo=91
3675,나폴리 맛피아(권성준),강연자,91,넷플릭스 흑백 요리사 우승자!,https://www.artsro.com/right/enter_view.html?GoIdx=3675&CatNo=91
3674,장호준,강연자,91,일식 끝판왕이자 창의적인 메뉴를 선보이는 쉐프!,https://www.artsro.com/right/enter_view.html?GoIdx=3674&CatNo=91
3673,이모카세 1호(김미령),강연자,91,세련된 손놀림과 뛰어난 손맛으로 감탄을 자아내는 한식 쉐프!,https://www.artsro.com/right/enter_view.html?GoIdx=3673&CatNo=91
3672,요리하는 돌아이(윤남노),강연자,91,신라 호텔 외식 사업부에 최연소로 입사한 양식 쉐프!,https://www.artsro.com/right/enter_view.html?GoIdx=3672&CatNo=91
3671,정지선,강연자,91,딤섬의 여왕이자 중식에 특화 되어있는 쉐프!,https://www.artsro.com/right/enter_view.html?GoIdx=3671&CatNo=91
2533,정호영,강연자,91,유학파 일식 쉐프,https://www.artsro.com/right/enter_view.html?GoIdx=2533&CatNo=91
2399,공격수 셰프,강연자,91,누구나 따라할 수 있는 간편 요리부터 전문적인 요리까지  요리로 다양하게 소통하는 공격수 셰프 박민혁.,https://www.artsro.com/right/enter_view.html?GoIdx=2399&CatNo=91
2346,미카엘 아쉬미노프,강연자,91,불가리아 출신의 호텔 셰프,https://www.artsro.com/right/enter_view.html?GoIdx=2346&CatNo=91
2295,레이먼 킴,강연자,91,한국에서 활동하는 한국계 캐나다인 셰프.,https://www.artsro.com/right/enter_view.html?GoIdx=2295&CatNo=91
1604,이혜정,강연자,91,얼마나 맛있게요~한국의 줄리아 차일드,https://www.artsro.com/right/enter_view.html?GoIdx=1604&CatNo=91
962,이원일,강연자,91,끊임없이 노력하고 연구한다 귀요미 먹방 요정 '이원일',https://www.artsro.com/right/enter_view.html?GoIdx=962&CatNo=91
834,김유아,강연자,91,"눈, 코, 입~♬ 오감을 만족시키는 태국요리 NO.1 미녀셰프 '김유아'",https://www.artsro.com/right/enter_view.html?GoIdx=834&CatNo=91
832,김형석,강연자,91,일식과 한식의 경계를 넘나들며 손맛 풍부한 맛의 세계를 펼친다 '김형석',https://www.artsro.com/right/enter_view.html?GoIdx=832&CatNo=91
830,유현수,강연자,91,요리의 모든 순간은 디자인이다 모던 한식의 대표 No.1 '유현수',https://www.artsro.com/right/enter_view.html?GoIdx=830&CatNo=91
808,신동민,강연자,91,지금까지 이런 요리는 없었다 음식에 철학이 더하다 분자요리의 NO.1 '신동민',https://www.artsro.com/right/enter_view.html?GoIdx=808&CatNo=91
806,여경래,강연자,91,자타공인 한국 중식요리의 대가 '여경래',https://www.artsro.com/right/enter_view.html?GoIdx=806&CatNo=91
805,오세득,강연자,91,장르와 재료에 국한되지 않고 독창과 개성있는 요리를 담아내는 럭셔리셰프 '오세득',https://www.artsro.com/right/enter_view.html?GoIdx=805&CatNo=91
803,최현석,강연자,91,세계인이 맛 보고싶어 한다. 크리에이티브 믹스 No.1 크레이지 셰프 '최현석',https://www.artsro.com/right/enter_view.html?GoIdx=803&CatNo=91
666,오스틴 강,강연자,91,패션을 요리하다 맛과 멋이 있는 남자의 매력 '오스틴 강',https://www.artsro.com/right/enter_view.html?GoIdx=666&CatNo=91
578,유성남,강연자,91,훈남 쉐프!,https://www.artsro.com/right/enter_view.html?GoIdx=578&CatNo=91
577,이진호,강연자,91,재즈 요리사 이진호!,https://www.artsro.com/right/enter_view.html?GoIdx=577&CatNo=91
565,신효섭,강연자,91,최고의 요리비결을 알려준다 쿠킹클래스 꽃미남 '신효섭',https://www.artsro.com/right/enter_view.html?GoIdx=565&CatNo=91
532,서현명,강연자,91,디저트의 마술사 셰프테이너 훈남 '서현명',https://www.artsro.com/right/enter_view.html?GoIdx=532&CatNo=91
572,채은정,강연자,92,가수 클레오 출신 방송인 채은정의 건강하고 아름다운 신체 만들기!,https://www.artsro.com/right/enter_view.html?GoIdx=572&CatNo=92
563,정예진,강연자,92,다양한 도전을 한다 긍정 에너지 '정예진',https://www.artsro.com/right/enter_view.html?GoIdx=563&CatNo=92
4786,전도희,강연자,93,연기력을 갖춘 모델,https://www.artsro.com/right/enter_view.html?GoIdx=4786&CatNo=93
3787,고예진,강연자,93,고혹적인 미모를 소유하고 있는 모델!,https://www.artsro.com/right/enter_view.html?GoIdx=3787&CatNo=93
1443,이하윤,강연자,93,전직 치어리더이자 대전의 딸,https://www.artsro.com/right/enter_view.html?GoIdx=1443&CatNo=93
4503,이사배,강연자,94,"대한민국의 메이크업 아티스트, 뷰티 크리에이터, 방송인, 사업가",https://www.artsro.com/right/enter_view.html?GoIdx=4503&CatNo=94
2986,승비니,강연자,94,"유튜브 구독자 2580만, 풋풋한 20대 남동생 컨셉의 리뷰 채널",https://www.artsro.com/right/enter_view.html?GoIdx=2986&CatNo=94
4766,이동국,강연자,96,전북 현대 최초의 영구 결번 선수이자 K리그 통산 최다 득점,https://www.artsro.com/right/enter_view.html?GoIdx=4766&CatNo=96
4628,박태환,강연자,96,대한민국의 前 수영 선수,https://www.artsro.com/right/enter_view.html?GoIdx=4628&CatNo=96
4626,김동현,강연자,96,친근한 이미지와 리액션으로 예능 프로그램에서 존재감을 발휘하는 아티스트,https://www.artsro.com/right/enter_view.html?GoIdx=4626&CatNo=96
4625,추성훈,강연자,96,강한 카리스마와 반전 매력이 돋보이는 아티스트.,https://www.artsro.com/right/enter_view.html?GoIdx=4625&CatNo=96
4492,이상화,강연자,96,대한민국의 前 스피드 스케이팅 선수,https://www.artsro.com/right/enter_view.html?GoIdx=4492&CatNo=96
3776,김동휘,강연자,96,학생 골프 대회에서 좋은 성적으로 우승 트로피까지 거머쥔 프로!,https://www.artsro.com/right/enter_view.html?GoIdx=3776&CatNo=96
3394,박세리,강연자,96,레전드 골프선수 박세리,https://www.artsro.com/right/enter_view.html?GoIdx=3394&CatNo=96
3165,박세우,강연자,96,"스케이트 감독, 전 스케이트코치",https://www.artsro.com/right/enter_view.html?GoIdx=3165&CatNo=96
2377,정찬성,강연자,96,"대한민국 최초 UFC 타이틀 매치, UFC 페더급 랭킹 3위 코리안좀비 정찬성 !",https://www.artsro.com/right/enter_view.html?GoIdx=2377&CatNo=96
2319,윤석민,강연자,96,류윤김의 윤석민!!,https://www.artsro.com/right/enter_view.html?GoIdx=2319&CatNo=96
2245,김태술,강연자,96,현역시절 천재 포인트 가드,https://www.artsro.com/right/enter_view.html?GoIdx=2245&CatNo=96
2243,최준석,강연자,96,롯데 자이언츠 5.26 대첩의 주인공,https://www.artsro.com/right/enter_view.html?GoIdx=2243&CatNo=96
2242,이장군,강연자,96,카바디선수(국가대표),https://www.artsro.com/right/enter_view.html?GoIdx=2242&CatNo=96
1677,김요한,강연자,96,배구계의 대표 미남 선수출신 방송인,https://www.artsro.com/right/enter_view.html?GoIdx=1677&CatNo=96
1675,김상욱,강연자,96,"UDT출신, 김동현의 제자인 격투기 선수",https://www.artsro.com/right/enter_view.html?GoIdx=1675&CatNo=96
1674,양준혁,강연자,96,야구와 방송을 다잡은 양신,https://www.artsro.com/right/enter_view.html?GoIdx=1674&CatNo=96
815,서거원,강연자,96,"도전, 성취, 그리고 열정 세계 양궁 1등을 지킨다 '서거원'",https://www.artsro.com/right/enter_view.html?GoIdx=815&CatNo=96
576,우지원,강연자,96,농구 코트의 황제 우지원! 꿈을위한 끝없는 열정과 도전정신!,https://www.artsro.com/right/enter_view.html?GoIdx=576&CatNo=96
2288,다나카,개그맨,85,일본 최고의 호스트 다나카 상 입니다!,https://www.artsro.com/right/enter_view.html?GoIdx=2288&CatNo=85
4785,박경호,개그맨,85,대한민국의 코미디언이자 쇼호스트.,https://www.artsro.com/right/enter_view.html?GoIdx=4785&CatNo=85
4784,김지호,개그맨,85,KBS 22기 공채 개그맨,https://www.artsro.com/right/enter_view.html?GoIdx=4784&CatNo=85
4706,김학도,개그맨,85,"김학도는 성대모사의 달인으로 사랑받으며 개그맨, MC, DJ, 프로 포커 플레이어로 활약 중인 만능 엔터테이너",https://www.artsro.com/right/enter_view.html?GoIdx=4706&CatNo=85
4593,김민기,개그맨,85,SBS 10기 특채 개그맨,https://www.artsro.com/right/enter_view.html?GoIdx=4593&CatNo=85
4541,MC 프라임,개그맨,85,래퍼이자 MC로 그룹 무가당의 멤버,https://www.artsro.com/right/enter_view.html?GoIdx=4541&CatNo=85
4538,최성민,개그맨,85,"웃찾사, 코미디 빅리그 코미디언",https://www.artsro.com/right/enter_view.html?GoIdx=4538&CatNo=85
4513,허준,개그맨,85,각종 세계에 일어나는 모든 일들을 중계 가능 허준입니다.,https://www.artsro.com/right/enter_view.html?GoIdx=4513&CatNo=85
4436,윤택,개그맨,85,"자연인 13년차, 대한민국 아재들의 아이돌",https://www.artsro.com/right/enter_view.html?GoIdx=4436&CatNo=85
4215,이형택,개그맨,85,테니스 국가대표 선수이자 방송인,https://www.artsro.com/right/enter_view.html?GoIdx=4215&CatNo=85
4201,김용명,개그맨,85,웃찾사로 데뷔 후 코디미빅리그 출연 관객들에게 큰 웃음을 줘 대중에게 사랑 받는 개그맨,https://www.artsro.com/right/enter_view.html?GoIdx=4201&CatNo=85
4172,허경환,개그맨,85,자타공인 유행어 제조기!,https://www.artsro.com/right/enter_view.html?GoIdx=4172&CatNo=85
4143,안일권,개그맨,85,다재다능 타고난 웃수저!,https://www.artsro.com/right/enter_view.html?GoIdx=4143&CatNo=85
4134,노우진,개그맨,85,2005년 KBS 20기 공채 개그맨으로 데뷔  KBS 2TV '개그콘서트 출연,https://www.artsro.com/right/enter_view.html?GoIdx=4134&CatNo=85
4100,추대엽(카피추),개그맨,85,대한민국의 코미디언,https://www.artsro.com/right/enter_view.html?GoIdx=4100&CatNo=85
4034,송준근,개그맨,85,우쥬 플리즈 닥쳐줄래?,https://www.artsro.com/right/enter_view.html?GoIdx=4034&CatNo=85
4015,유재필,개그맨,85,대한민국의 희극배우 겸 가수이자 리포터,https://www.artsro.com/right/enter_view.html?GoIdx=4015&CatNo=85
4014,정호철,개그맨,85,SBS 공채 15기 코미디언,https://www.artsro.com/right/enter_view.html?GoIdx=4014&CatNo=85
3909,문세윤,개그맨,85,대한민국의 개그맨,https://www.artsro.com/right/enter_view.html?GoIdx=3909&CatNo=85
3851,송필근,개그맨,85,KBS 27기 공채 수석개그맨,https://www.artsro.com/right/enter_view.html?GoIdx=3851&CatNo=85
3641,박성광,개그맨,85,대한민국의 개그맨이자 가수이자 영화 감독!,https://www.artsro.com/right/enter_view.html?GoIdx=3641&CatNo=85
3640,김용만,개그맨,85,대한민국의 개그맨 출신 MC!,https://www.artsro.com/right/enter_view.html?GoIdx=3640&CatNo=85
3609,신동엽,개그맨,85,국내 최고 남자 MC 및 개그맨 입니다!,https://www.artsro.com/right/enter_view.html?GoIdx=3609&CatNo=85
3503,정찬민,개그맨,85,재치 있는 입담과 센스 있는 상황극으로 무대를 유쾌하게 이끄는 개그맨 정창민.,https://www.artsro.com/right/enter_view.html?GoIdx=3503&CatNo=85
3490,이수근,개그맨,85,KBS 18기 코미디언 겸 방송인,https://www.artsro.com/right/enter_view.html?GoIdx=3490&CatNo=85
3380,신윤승,개그맨,85,떠오르는 개그맨 신윤승,https://www.artsro.com/right/enter_view.html?GoIdx=3380&CatNo=85
3315,한민관,개그맨,85,KBS 21기 공채 개그맨이자 카레이서,https://www.artsro.com/right/enter_view.html?GoIdx=3315&CatNo=85
3282,김홍남,개그맨,85,가리봉동에 사는 53세 김홍남,https://www.artsro.com/right/enter_view.html?GoIdx=3282&CatNo=85
3273,이정수,개그맨,85,행복 자가 발전소 이정수,https://www.artsro.com/right/enter_view.html?GoIdx=3273&CatNo=85
3201,이세진,개그맨,85,웃찾사와 개그콘서트 출신 코미디언 이세진,https://www.artsro.com/right/enter_view.html?GoIdx=3201&CatNo=85
3142,김성원,개그맨,85,외국어 개그 1인자 김성원,https://www.artsro.com/right/enter_view.html?GoIdx=3142&CatNo=85
3133,김재우,개그맨,85,나몰라 패밀리,https://www.artsro.com/right/enter_view.html?GoIdx=3133&CatNo=85
2748,김재욱,개그맨,85,개그콘서트부터 트로트까지 다양한 방면에서 활동하는 멀티 엔터테이너 김재욱입니다.,https://www.artsro.com/right/enter_view.html?GoIdx=2748&CatNo=85
2696,조승제,개그맨,85,대한민국의 희극 배우이자 진행MC,https://www.artsro.com/right/enter_view.html?GoIdx=2696&CatNo=85
2545,임혁필,개그맨,85,개그부터 샌드아트까지 다재다능!,https://www.artsro.com/right/enter_view.html?GoIdx=2545&CatNo=85
2516,붐,개그맨,85,쉐끼루 붐 이에요~!,https://www.artsro.com/right/enter_view.html?GoIdx=2516&CatNo=85
2455,김승진,개그맨,85,SBS 공채 12기 개그맨,https://www.artsro.com/right/enter_view.html?GoIdx=2455&CatNo=85
2442,김기욱,개그맨,85,대한민국 SBS 공채 7기 개그맨 김기욱,https://www.artsro.com/right/enter_view.html?GoIdx=2442&CatNo=85
2354,황제성,개그맨,85,MBC 16기 공채 개그맨 황제성,https://www.artsro.com/right/enter_view.html?GoIdx=2354&CatNo=85
2310,서경석,개그맨,85,공무원 시험 합격을 외치는 남자,https://www.artsro.com/right/enter_view.html?GoIdx=2310&CatNo=85
2287,윤형빈,개그맨,85,대한민국의 주먹! 윤형빈입니다.,https://www.artsro.com/right/enter_view.html?GoIdx=2287&CatNo=85
2286,나경훈,개그맨,85,MBC 4기 공채 개그맨 나경훈,https://www.artsro.com/right/enter_view.html?GoIdx=2286&CatNo=85
1746,MC배,개그맨,85,방송사전MC계의 히어로! 행사계의 김성주!,https://www.artsro.com/right/enter_view.html?GoIdx=1746&CatNo=85
1688,박휘순,개그맨,85,디테일을 살리는 깨알같은 드립의 개그맨,https://www.artsro.com/right/enter_view.html?GoIdx=1688&CatNo=85
1650,이상준,개그맨,85,타의 추종을 불허하는 애드리브의 대가,https://www.artsro.com/right/enter_view.html?GoIdx=1650&CatNo=85
1531,양상국,개그맨,85,확 마 궁디를 주 차삐카?,https://www.artsro.com/right/enter_view.html?GoIdx=1531&CatNo=85
1377,이승윤,개그맨,85,자연인으로 사는 개그맨,https://www.artsro.com/right/enter_view.html?GoIdx=1377&CatNo=85
1362,김영철,개그맨,85,개그계의 언어학 박사,https://www.artsro.com/right/enter_view.html?GoIdx=1362&CatNo=85
1359,조윤호,개그맨,85,당황하지 않고 자연스럽게 끝!!,https://www.artsro.com/right/enter_view.html?GoIdx=1359&CatNo=85
1358,이광섭,개그맨,85,개그계의 행사전문MC,https://www.artsro.com/right/enter_view.html?GoIdx=1358&CatNo=85
1356,홍인규,개그맨,85,개그계의 골프강자,https://www.artsro.com/right/enter_view.html?GoIdx=1356&CatNo=85
1309,권재관,개그맨,85,개그계의 숨겨진 토크강자,https://www.artsro.com/right/enter_view.html?GoIdx=1309&CatNo=85
1224,박영진,개그맨,85,그걸 아는 사람이 그래? 소는 누가 키워!,https://www.artsro.com/right/enter_view.html?GoIdx=1224&CatNo=85
903,장동민,개그맨,85,센스있는 멘트와 노련한 입담 대중과 호흡한다  '장동민',https://www.artsro.com/right/enter_view.html?GoIdx=903&CatNo=85
819,김한석,개그맨,85,"마이크를 잡는 순간 빠져들게 만드는 매력, 훌륭한 진행자 '김한석'",https://www.artsro.com/right/enter_view.html?GoIdx=819&CatNo=85
791,김기열,개그맨,85,혀로 웃긴다 개그기획 전문가 No.1 핵존심 '김기열',https://www.artsro.com/right/enter_view.html?GoIdx=791&CatNo=85
790,송영길,개그맨,85,끊임없이 웃기려고 고민하고 연구한다 분장의 귀재 '송영길',https://www.artsro.com/right/enter_view.html?GoIdx=790&CatNo=85
778,정형돈,개그맨,85,근자감과 터프함으로 무장한 대세 미존개오 도니도니 '정형돈',https://www.artsro.com/right/enter_view.html?GoIdx=778&CatNo=85
658,박명수,개그맨,85,웃음이란 영역에서는 누구에게도 뒤지지 않는다 거성 '박명수',https://www.artsro.com/right/enter_view.html?GoIdx=658&CatNo=85
622,이상훈,개그맨,85,니글니글~니글~뼛속까지 웃기고 싶다 기호0번 '이상훈',https://www.artsro.com/right/enter_view.html?GoIdx=622&CatNo=85
617,최종훈,개그맨,85,최코디에서 최병장까지 대뇌 전두엽을 강타시킨 최배우 '최종훈',https://www.artsro.com/right/enter_view.html?GoIdx=617&CatNo=85
584,정성호,개그맨,85,인간복사기 성대모사No.1 천의얼굴 '정성호',https://www.artsro.com/right/enter_view.html?GoIdx=584&CatNo=85
582,김원효,개그맨,85,열정과 노력으로 빛났다. 핫한 입담 안~돼~~'김원효',https://www.artsro.com/right/enter_view.html?GoIdx=582&CatNo=85
568,홍록기,개그맨,85,넘치는 끼와 재능으로 다방면으로 활약하는 생각을 보여주는 '홍록기',https://www.artsro.com/right/enter_view.html?GoIdx=568&CatNo=85
567,박준형,개그맨,85,정통개그의 수장 무를 주세요~갈갈이 '박준형',https://www.artsro.com/right/enter_view.html?GoIdx=567&CatNo=85
566,정종철,개그맨,85,재능과 노력을 겸비한 마빡이옥동자 '정종철',https://www.artsro.com/right/enter_view.html?GoIdx=566&CatNo=85
554,양배차,개그맨,85,열정과 끈기로 뭉쳤다 노력하는 신예 샛별 '양배차',https://www.artsro.com/right/enter_view.html?GoIdx=554&CatNo=85
529,양세찬,개그맨,85,무궁무진 잠재력 센스만점 쌥쌥이'양세찬',https://www.artsro.com/right/enter_view.html?GoIdx=529&CatNo=85
527,이용진,개그맨,85,센스있는말투와 마성의 매력 예측불가 히어로 '이용진',https://www.artsro.com/right/enter_view.html?GoIdx=527&CatNo=85
521,남창희,개그맨,85,개그계의 신스틸러 '남창희',https://www.artsro.com/right/enter_view.html?GoIdx=521&CatNo=85
520,조세호,개그맨,85,종횡무진 믿고 본다. 예능대세 프로불참러 '조세호',https://www.artsro.com/right/enter_view.html?GoIdx=520&CatNo=85
519,남희석,개그맨,85,바라바라바라밤~대한민국 대표 개그 본좌 '남희석',https://www.artsro.com/right/enter_view.html?GoIdx=519&CatNo=85
499,정범균,개그맨,85,항상 고민한다. 울림 있는 웃음을 선사한 메뚜기 동생 사마귀예요 '정범균',https://www.artsro.com/right/enter_view.html?GoIdx=499&CatNo=85
421,변기수,개그맨,85,어~어~ 그러는거 아냐~ 유쾌한 개그맨 '변기수',https://www.artsro.com/right/enter_view.html?GoIdx=421&CatNo=85
420,정명훈,개그맨,85,골프왕 '정명훈',https://www.artsro.com/right/enter_view.html?GoIdx=420&CatNo=85
413,유민상,개그맨,85,예능대세 이십끼형 '유민상',https://www.artsro.com/right/enter_view.html?GoIdx=413&CatNo=85
412,김준현,개그맨,85,고뤠~ 먹선수 김프로 '김준현',https://www.artsro.com/right/enter_view.html?GoIdx=412&CatNo=85
411,김준호,개그맨,85,개그맨들의 아버지,https://www.artsro.com/right/enter_view.html?GoIdx=411&CatNo=85
350,김대희,개그맨,85,개콘의 기둥 후배들의 발판 버팀목 롱런~ '김대희',https://www.artsro.com/right/enter_view.html?GoIdx=350&CatNo=85
100,허동환,개그맨,85,최고의 추억만 남겨드리는 소통하는 개그9단 '허둥9단',https://www.artsro.com/right/enter_view.html?GoIdx=100&CatNo=85
4822,이세영,개그맨,86,MBN 1기 공채 개그맨,https://www.artsro.com/right/enter_view.html?GoIdx=4822&CatNo=86
4781,김혜선,개그맨,86,몸을 아끼지 않는 개그우먼,https://www.artsro.com/right/enter_view.html?GoIdx=4781&CatNo=86
4759,김효진,개그맨,86,"코미디언이자 뮤지컬 배우, 방송인",https://www.artsro.com/right/enter_view.html?GoIdx=4759&CatNo=86
4592,한윤서,개그맨,86,대한민국의 코미디언 출신 유튜브 크리에이터,https://www.artsro.com/right/enter_view.html?GoIdx=4592&CatNo=86
4591,신기루,개그맨,86,"대한민국의 코미디언, 방송인, 유튜버",https://www.artsro.com/right/enter_view.html?GoIdx=4591&CatNo=86
4483,강유미,개그맨,86,대한민국의 코미디언이자 구독자 100만명 유튜브 크리에이터,https://www.artsro.com/right/enter_view.html?GoIdx=4483&CatNo=86
2649,조승희,개그맨,86,조승희의 힐링레크레이션,https://www.artsro.com/right/enter_view.html?GoIdx=2649&CatNo=86
2490,심진화,개그맨,86,개그계의 잉꼬 부부 해피 바이러스,https://www.artsro.com/right/enter_view.html?GoIdx=2490&CatNo=86
2368,전수희,개그맨,86,대한민국의 코미디언이자 유튜버 전수희입니다.,https://www.artsro.com/right/enter_view.html?GoIdx=2368&CatNo=86
2068,박경림,개그맨,86,20대 최연소 연예대상 수상 타이틀의 주인공,https://www.artsro.com/right/enter_view.html?GoIdx=2068&CatNo=86
1357,김경아,개그맨,86,떠오르는 개그우먼계의 홈쇼핑 강자,https://www.artsro.com/right/enter_view.html?GoIdx=1357&CatNo=86
1345,안소미,개그맨,86,KBS 공채 24기 대표 미녀 개그우먼,https://www.artsro.com/right/enter_view.html?GoIdx=1345&CatNo=86
1308,오나미,개그맨,86,"개그계의 반전매력, 실물미녀",https://www.artsro.com/right/enter_view.html?GoIdx=1308&CatNo=86
1306,신봉선,개그맨,86,예능과 음악 다방면으로 활동하는 대한민국의 코미디언,https://www.artsro.com/right/enter_view.html?GoIdx=1306&CatNo=86
1303,홍현희,개그맨,86,"한국 여성 코미디언, 코미디언 출신 유튜버",https://www.artsro.com/right/enter_view.html?GoIdx=1303&CatNo=86
1154,장도연,개그맨,86,걸크러시 끝판왕....모델보다 더 모델같은 기럭지,https://www.artsro.com/right/enter_view.html?GoIdx=1154&CatNo=86
779,이국주,개그맨,86,솔직하고 당당하다 보는 사람마저 유쾌하게 만드는 호로록 '이국주',https://www.artsro.com/right/enter_view.html?GoIdx=779&CatNo=86
593,김미려,개그맨,86,호탕한 웃음과 솔직함이 매력적인 김기사 운전해~ '김미려',https://www.artsro.com/right/enter_view.html?GoIdx=593&CatNo=86
589,김숙,개그맨,86,내가 갓숙이다. 요즘대세 인간 사이다 숙크러시  '김숙',https://www.artsro.com/right/enter_view.html?GoIdx=589&CatNo=86
553,김신영,개그맨,86,희망을 드립니다~ 흥부자 아이콘 행님아 '김신영',https://www.artsro.com/right/enter_view.html?GoIdx=553&CatNo=86
539,김영희,개그맨,86,뼛속까지 개그우먼 죽을때 까지 개그하고 싶다 앙대요~ '김영희',https://www.artsro.com/right/enter_view.html?GoIdx=539&CatNo=86
524,박소라,개그맨,86,우월한 미모에서 나오는 매력 개그 남심저격 '박소라',https://www.artsro.com/right/enter_view.html?GoIdx=524&CatNo=86
523,이수지,개그맨,86,온 국민에게 행복과 웃음을 선사한 연기의달인 귀요미 '이수지',https://www.artsro.com/right/enter_view.html?GoIdx=523&CatNo=86
522,하지영,개그맨,86,화려한 입담~ 색깔있는 진행~  이슈메이커 하톡왔숑 '하지영',https://www.artsro.com/right/enter_view.html?GoIdx=522&CatNo=86
419,허민,개그맨,86,귀여운데 섹시하다 팔색조 '허민',https://www.artsro.com/right/enter_view.html?GoIdx=419&CatNo=86
418,박소영,개그맨,86,개그포텐 터졌다 깜찍발랄 초등여왕 '박소영',https://www.artsro.com/right/enter_view.html?GoIdx=418&CatNo=86
417,홍윤화,개그맨,86,애교개그 No.1 얼~마나 맛있게요. 픽마마 '홍윤화',https://www.artsro.com/right/enter_view.html?GoIdx=417&CatNo=86
415,김민경,개그맨,86,개그에 한 우물만 팠다 먹방 요정 '김민경',https://www.artsro.com/right/enter_view.html?GoIdx=415&CatNo=86
414,김지민,개그맨,86,곁에 두고 싶은 개그우먼 예쁜 개그우먼'김지민',https://www.artsro.com/right/enter_view.html?GoIdx=414&CatNo=86
4782,정가은,방송인,89,대한민국의 방송인,https://www.artsro.com/right/enter_view.html?GoIdx=4782&CatNo=89
4757,한그루,방송인,89,대한민국의 가수이자 배우,https://www.artsro.com/right/enter_view.html?GoIdx=4757&CatNo=89
4695,정혁,방송인,89,"모델, 방송인, MC",https://www.artsro.com/right/enter_view.html?GoIdx=4695&CatNo=89
4632,아모띠,방송인,89,피지컬: 100 시즌2 - 언더그라운드 최종 우승자,https://www.artsro.com/right/enter_view.html?GoIdx=4632&CatNo=89
4623,황광희,방송인,89,국의아이들(ZE:A) 출신으로 뛰어난 예능감과 친근한 매력으로 사랑받는 방송인,https://www.artsro.com/right/enter_view.html?GoIdx=4623&CatNo=89
4614,서해성,방송인,89,복화술사의 최강자,https://www.artsro.com/right/enter_view.html?GoIdx=4614&CatNo=89
4510,김대겸,방송인,89,대한민국의 전  카트라이더 를 전문으로하는프로게이머. 현 카트라이더 해설자 겸 인터넷 방송인.,https://www.artsro.com/right/enter_view.html?GoIdx=4510&CatNo=89
4437,유정,방송인,89,브랜드를 젊게 만드는 러블리 에너지,https://www.artsro.com/right/enter_view.html?GoIdx=4437&CatNo=89
4425,박중훈,방송인,89,한국 영화의 현대사가 된 아름다운 배우,https://www.artsro.com/right/enter_view.html?GoIdx=4425&CatNo=89
4424,차인표,방송인,89,"따뜻한 감성의 배우, 아름다운 희망의 소설가",https://www.artsro.com/right/enter_view.html?GoIdx=4424&CatNo=89
4391,성승헌,방송인,89,"대한민국의 게임, 스포츠 전문 캐스터 겸 MC",https://www.artsro.com/right/enter_view.html?GoIdx=4391&CatNo=89
4216,박광재,방송인,89,대한민국의 前 농구 선수이자 배우,https://www.artsro.com/right/enter_view.html?GoIdx=4216&CatNo=89
4207,박정아,방송인,89,전 걸그룹 쥬얼리의 멤버이자 배우이자 MC!,https://www.artsro.com/right/enter_view.html?GoIdx=4207&CatNo=89
4206,NRG 이성진,방송인,89,그룹 NRG 이성진의 깔끔하고 재밌는 MC,https://www.artsro.com/right/enter_view.html?GoIdx=4206&CatNo=89
4141,신주아,방송인,89,20년 경력의 베테랑 배우!,https://www.artsro.com/right/enter_view.html?GoIdx=4141&CatNo=89
4005,김태균,방송인,89,김태균의 힐링 토크 콘서트!,https://www.artsro.com/right/enter_view.html?GoIdx=4005&CatNo=89
3951,임호,방송인,89,대한민국의 왕 전문 배우!,https://www.artsro.com/right/enter_view.html?GoIdx=3951&CatNo=89
3862,백종원,방송인,89,대한민국 최고의 요식 사업가!,https://www.artsro.com/right/enter_view.html?GoIdx=3862&CatNo=89
3808,이영하,방송인,89,멜로부터 액션까지 대채로운 연기로 사랑 받은 배우!,https://www.artsro.com/right/enter_view.html?GoIdx=3808&CatNo=89
3807,홍석천,방송인,89,민머리 헤어 스타일이 트레이드 마크인 연예인!,https://www.artsro.com/right/enter_view.html?GoIdx=3807&CatNo=89
3757,정준하,방송인,89,예능계에서 독보적인 위치를 차지하고 있는 방송인!,https://www.artsro.com/right/enter_view.html?GoIdx=3757&CatNo=89
3750,송경아,방송인,89,한국 모델계의 베테랑이자 방송인!,https://www.artsro.com/right/enter_view.html?GoIdx=3750&CatNo=89
3749,한혜진,방송인,89,"대한민국의 탑 모델이자, 방송인!",https://www.artsro.com/right/enter_view.html?GoIdx=3749&CatNo=89
3741,이하늘,방송인,89,청순한 이미지를 가지고 있는 배우!,https://www.artsro.com/right/enter_view.html?GoIdx=3741&CatNo=89
3738,김이준,방송인,89,훤칠한 피지컬과 비주얼 만큼이나 매력적인 연기를 선보이는 배우!,https://www.artsro.com/right/enter_view.html?GoIdx=3738&CatNo=89
3737,유태주,방송인,89,연기력으로 드라마의 몰입도를 높이는 배우!,https://www.artsro.com/right/enter_view.html?GoIdx=3737&CatNo=89
3736,조경창,방송인,89,대한민국의 영화 배우!,https://www.artsro.com/right/enter_view.html?GoIdx=3736&CatNo=89
3735,조태관,방송인,89,2018 아시아 모델 어워즈 연기자 부문 뉴스타상을 수상한 배우!,https://www.artsro.com/right/enter_view.html?GoIdx=3735&CatNo=89
3734,정웅인,방송인,89,소름 돋는 악연 연기로 호평을 받은 배우!,https://www.artsro.com/right/enter_view.html?GoIdx=3734&CatNo=89
3733,이형훈,방송인,89,천의 얼굴을 가진 뮤지컬 배우!,https://www.artsro.com/right/enter_view.html?GoIdx=3733&CatNo=89
3705,신이안,방송인,89,신선한 마스크와 에너지를 지닌 배우!,https://www.artsro.com/right/enter_view.html?GoIdx=3705&CatNo=89
3704,한서울,방송인,89,안정적이고 탄탄한 연기력의 소유자!,https://www.artsro.com/right/enter_view.html?GoIdx=3704&CatNo=89
3703,민성,방송인,89,뛰어난 연기력을 선보이고 있는 신인 배우!,https://www.artsro.com/right/enter_view.html?GoIdx=3703&CatNo=89
3685,김남일,방송인,89,축구 감독이자 전 축구 선수!,https://www.artsro.com/right/enter_view.html?GoIdx=3685&CatNo=89
3684,안정환,방송인,89,스포츠 해설가이자 전 축구 선수!,https://www.artsro.com/right/enter_view.html?GoIdx=3684&CatNo=89
3610,지예은,방송인,89,대한민국의 배우입니다!,https://www.artsro.com/right/enter_view.html?GoIdx=3610&CatNo=89
3265,박기량,방송인,89,대표 치어리더,https://www.artsro.com/right/enter_view.html?GoIdx=3265&CatNo=89
3250,최영재,방송인,89,강철부대 마스터,https://www.artsro.com/right/enter_view.html?GoIdx=3250&CatNo=89
3238,션,방송인,89,지누션 멤버,https://www.artsro.com/right/enter_view.html?GoIdx=3238&CatNo=89
3204,안현모,방송인,89,통역사이자 방송인 안현모,https://www.artsro.com/right/enter_view.html?GoIdx=3204&CatNo=89
3070,서동주,방송인,89,"대한민국의 작가, 미국 변호사 겸 방송인",https://www.artsro.com/right/enter_view.html?GoIdx=3070&CatNo=89
3054,재재(이은재),방송인,89,"스브스뉴스 문명특급 기획PD이자 MC, 유튜버, 방송인, 연반인 재재",https://www.artsro.com/right/enter_view.html?GoIdx=3054&CatNo=89
2714,이지혜,방송인,89,대한민국의 가수이자 배우,https://www.artsro.com/right/enter_view.html?GoIdx=2714&CatNo=89
2675,일루셔니스트 이은결,방송인,89,한국을 대표하는 매지션,https://www.artsro.com/right/enter_view.html?GoIdx=2675&CatNo=89
2670,브라이언 (Brian),방송인,89,플라이 투 더 스카이의 멤버,https://www.artsro.com/right/enter_view.html?GoIdx=2670&CatNo=89
2495,주우재,방송인,89,모델 출신 연기자 주우재,https://www.artsro.com/right/enter_view.html?GoIdx=2495&CatNo=89
2494,정상훈,방송인,89,대한민국 배우 정상훈,https://www.artsro.com/right/enter_view.html?GoIdx=2494&CatNo=89
2454,풍자,방송인,89,대한민국 유튜버이자 방송인 풍자.,https://www.artsro.com/right/enter_view.html?GoIdx=2454&CatNo=89
2443,김문정,방송인,89,"뮤지컬계의 작은 거인, 김문정 음악감독",https://www.artsro.com/right/enter_view.html?GoIdx=2443&CatNo=89
2400,허진,방송인,89,연극배우겸 영화배우 허진,https://www.artsro.com/right/enter_view.html?GoIdx=2400&CatNo=89
2397,김영하,방송인,89,1990년대와 2000년대 젊은 작가 세대를 대표하였던 소설가,https://www.artsro.com/right/enter_view.html?GoIdx=2397&CatNo=89
2382,양재진,방송인,89,정신건강의학과의원 전문 방송인.,https://www.artsro.com/right/enter_view.html?GoIdx=2382&CatNo=89
2370,권혁수,방송인,89,대한민국의 배우 겸 방송인.,https://www.artsro.com/right/enter_view.html?GoIdx=2370&CatNo=89
2315,최현우,방송인,89,"마술, 그이상의 놀라움!! 최고의 마술사 최현우!!",https://www.artsro.com/right/enter_view.html?GoIdx=2315&CatNo=89
2226,박재민,방송인,89,만능 스포츠맨  박재민입니다.,https://www.artsro.com/right/enter_view.html?GoIdx=2226&CatNo=89
1670,박슬기,방송인,89,대한민국 연예계에서 대표 젊은 리포터,https://www.artsro.com/right/enter_view.html?GoIdx=1670&CatNo=89
1645,니클라스 클라분데,방송인,89,독일 출신 비정상회담의 비쥬얼,https://www.artsro.com/right/enter_view.html?GoIdx=1645&CatNo=89
1603,제이쓴,방송인,89,인테리어 디자이너 겸 방송인,https://www.artsro.com/right/enter_view.html?GoIdx=1603&CatNo=89
1602,이민웅,방송인,89,방송인 겸 쇼호스트,https://www.artsro.com/right/enter_view.html?GoIdx=1602&CatNo=89
1518,김이나,방송인,89,대한민국 대표 작사가,https://www.artsro.com/right/enter_view.html?GoIdx=1518&CatNo=89
1513,오영주,방송인,89,대한민국의 방송인이자 유튜버.,https://www.artsro.com/right/enter_view.html?GoIdx=1513&CatNo=89
1460,앤디(이선호),방송인,89,보이그룹 [신화]의 멤버,https://www.artsro.com/right/enter_view.html?GoIdx=1460&CatNo=89
1459,에릭(문정혁),방송인,89,그룹 [신화]의 리더 겸 배우,https://www.artsro.com/right/enter_view.html?GoIdx=1459&CatNo=89
963,김제동,방송인,89,"꿈, 끼, 꾀, 끈, 깡, 꼴, 꾼 7개의 키워드를 차례로 삶에 활용하는 가장 구수하고 편안한 느낌의 방송인 '김제동' '",https://www.artsro.com/right/enter_view.html?GoIdx=963&CatNo=89
890,럭키(아비쉐크 굽타),방송인,89,마음씨 푸근한 잘생긴 인도형 럭키 '아비쉐크 굽타',https://www.artsro.com/right/enter_view.html?GoIdx=890&CatNo=89
882,타일러 라쉬,방송인,89,흠잡을 때가 없다 박학다식 하고 언어천재 '타일러러쉬',https://www.artsro.com/right/enter_view.html?GoIdx=882&CatNo=89
881,다니엘 린데만,방송인,89,행복을 전파하는 매력적인 모범생 '다니엘린데만',https://www.artsro.com/right/enter_view.html?GoIdx=881&CatNo=89
880,기욤 패트리,방송인,89,유일무이 세계최강 천재 '기욤패트리',https://www.artsro.com/right/enter_view.html?GoIdx=880&CatNo=89
879,알베르토 몬디,방송인,89,"일, 방송, 사랑까지 모두 잡았다 이탈리안 멋쟁이 '알베르토 몬디'",https://www.artsro.com/right/enter_view.html?GoIdx=879&CatNo=89
877,샘 해밍턴,방송인,89,한국을 사랑하는 남자 대한민국 외국인 개그맨 1호 '샘 해밍턴',https://www.artsro.com/right/enter_view.html?GoIdx=877&CatNo=89
827,이지안(이은희),방송인,89,지성과 미모를 겸비한 방송인 '이지안',https://www.artsro.com/right/enter_view.html?GoIdx=827&CatNo=89
824,정진수,방송인,89,호탕한 웃음 꼼꼼한 진행 활력 넘치는 행복전도사 '정진수',https://www.artsro.com/right/enter_view.html?GoIdx=824&CatNo=89
823,허수경,방송인,89,목소리 듣는 순간 따뜻해 진다 똑부러지는 방송인 '허수경',https://www.artsro.com/right/enter_view.html?GoIdx=823&CatNo=89
822,김수용,방송인,89,침묵하고 있어도 웃음을 선사하는 배려심의 아이콘 '김수용',https://www.artsro.com/right/enter_view.html?GoIdx=822&CatNo=89
818,김준희,방송인,89,"당당한 여자, 완성도 있는 여자, 멋진 여자 '김준희'",https://www.artsro.com/right/enter_view.html?GoIdx=818&CatNo=89
780,노홍철,방송인,89,늘 노력하고 이유 있는 변신을 한다  좋아 가는거야~~'노홍철',https://www.artsro.com/right/enter_view.html?GoIdx=780&CatNo=89
744,이동진,방송인,89,영화는 날 흥분 심킨다~ 유희적인 인간 '이동진',https://www.artsro.com/right/enter_view.html?GoIdx=744&CatNo=89
740,윤성은,방송인,89,"인생을 영화처럼, 영화를 인생처럼~ 영화를 묵묵히 공부한다 모더레이터 '윤성은'",https://www.artsro.com/right/enter_view.html?GoIdx=740&CatNo=89
700,블랑카(정철규),방송인,89,코미디계의 대부에서 영화배우로 새로운 삶을 사는 영원한 젊은 오빠!!,https://www.artsro.com/right/enter_view.html?GoIdx=700&CatNo=89
598,조향기,방송인,89,한층 더 성숙된 아름다움과 세련미를 슈퍼 맘 '조향기',https://www.artsro.com/right/enter_view.html?GoIdx=598&CatNo=89
575,추상미,방송인,89,배우에서 이제는 영화감독으로...,https://www.artsro.com/right/enter_view.html?GoIdx=575&CatNo=89
574,이무영,방송인,89,"명곡의 숨겨진 이야기, 알고 들으면 더욱 재미있다!",https://www.artsro.com/right/enter_view.html?GoIdx=574&CatNo=89
564,김태훈,방송인,89,뛰어난 언변 해박한 지식 깔끔한 유머까지 박학다식 '김태훈',https://www.artsro.com/right/enter_view.html?GoIdx=564&CatNo=89
561,배윤정,방송인,89,춤추는 이들에게 희망을 주는 대한민국No.1 안무가  '배윤정',https://www.artsro.com/right/enter_view.html?GoIdx=561&CatNo=89
534,곽정은,방송인,89,다재다능한 능력으로 고민과 궁금증을 쏵~ 척척박사 '곽정은',https://www.artsro.com/right/enter_view.html?GoIdx=534&CatNo=89
533,서유리,방송인,89,카랑카랑 성숙미 넘치는 섹시한 목소리. 실력파 성우. 도도한 팔방미인 '서유리',https://www.artsro.com/right/enter_view.html?GoIdx=533&CatNo=89
530,유병재,방송인,89,화려한 입담으로 스탠드업 코미디로 승화하다 블랙코미디 No.1 '유병재',https://www.artsro.com/right/enter_view.html?GoIdx=530&CatNo=89
2532,김선근,방송인,83,대한민국의 언론인 겸 前 KBS 아나운서 김선근,https://www.artsro.com/right/enter_view.html?GoIdx=2532&CatNo=83
4760,조충현,방송인,83,KBS 아나운서 출신 방송인,https://www.artsro.com/right/enter_view.html?GoIdx=4760&CatNo=83
4574,김대호,방송인,83,MBC 아나운서 출신 방송인,https://www.artsro.com/right/enter_view.html?GoIdx=4574&CatNo=83
4457,조정식,방송인,83,"2024 KBS 연예대상 라디오 DJ상 수상, 방송·라디오·공연을 아우르는 베테랑 진행자",https://www.artsro.com/right/enter_view.html?GoIdx=4457&CatNo=83
4219,정용검,방송인,83,불꽃 야구로 핫한 정용검,https://www.artsro.com/right/enter_view.html?GoIdx=4219&CatNo=83
2688,김용필,방송인,83,"대한민국 前 아나운서이자 現 MC, 가수.",https://www.artsro.com/right/enter_view.html?GoIdx=2688&CatNo=83
2662,한석준,방송인,83,방송인이자 MC,https://www.artsro.com/right/enter_view.html?GoIdx=2662&CatNo=83
2451,김병찬,방송인,83,KBS 17기 공채 김병찬아나운서,https://www.artsro.com/right/enter_view.html?GoIdx=2451&CatNo=83
1711,최기환,방송인,83,연예인급의 외모의 前 SBS 아나운서,https://www.artsro.com/right/enter_view.html?GoIdx=1711&CatNo=83
1652,배성재,방송인,83,sbs 출신 프리랜서 아나운서 및 스포츠 캐스터,https://www.artsro.com/right/enter_view.html?GoIdx=1652&CatNo=83
1600,도경완,방송인,83,예능인과 아나운서로 높은 인지도를 보인 아나운서,https://www.artsro.com/right/enter_view.html?GoIdx=1600&CatNo=83
1120,손범수,방송인,83,대한민국 대표 남자 아나운서,https://www.artsro.com/right/enter_view.html?GoIdx=1120&CatNo=83
1119,김환,방송인,83,시원한 외모와 시원한 진행실력을 갖춘 만능아나운서~!,https://www.artsro.com/right/enter_view.html?GoIdx=1119&CatNo=83
860,김승현,방송인,83,흔들림 없이 편안한 진행을 선보인다 유쾌한 '김승현',https://www.artsro.com/right/enter_view.html?GoIdx=860&CatNo=83
494,김범수,방송인,83,끝까지 추적한다 젠틀남 '김범수',https://www.artsro.com/right/enter_view.html?GoIdx=494&CatNo=83
493,최동석,방송인,83,사랑의 전도사 싱글벙글 '최동석',https://www.artsro.com/right/enter_view.html?GoIdx=493&CatNo=83
492,오상진,방송인,83,아나테이너의 대표 아이콘 훈남 '오상진',https://www.artsro.com/right/enter_view.html?GoIdx=492&CatNo=83
491,신영일,방송인,83,순발력과 노련미가 공부하는 방송인 만능 '신영일',https://www.artsro.com/right/enter_view.html?GoIdx=491&CatNo=83
490,김현욱,방송인,83,다재다능하다 모든게 준비되어 있는 스토리텔링 '김현욱',https://www.artsro.com/right/enter_view.html?GoIdx=490&CatNo=83
489,김정근,방송인,83,자유로운 방송인 유쾌한 '김정근',https://www.artsro.com/right/enter_view.html?GoIdx=489&CatNo=83
488,조우종,방송인,83,거침없는 입담과 예능감까지 아그맨'조우종',https://www.artsro.com/right/enter_view.html?GoIdx=488&CatNo=83
487,김일중,방송인,83,꿈을 향해 거침없이 걸어간다 도전의 아이콘 인포테인먼트 '김일중',https://www.artsro.com/right/enter_view.html?GoIdx=487&CatNo=83
486,장성규,방송인,83,21세기 새로운 꿈을 꾼다 최초의 크리에이터 MC. Not Yet 장티쳐 '장성규',https://www.artsro.com/right/enter_view.html?GoIdx=486&CatNo=83
485,김성주,방송인,83,짜릿하게 긴장감을 선사한다,https://www.artsro.com/right/enter_view.html?GoIdx=485&CatNo=83
4762,곽민선,방송인,84,스포티비 게임즈 정규직 공채 아나운서,https://www.artsro.com/right/enter_view.html?GoIdx=4762&CatNo=84
4761,박은지,방송인,84,"대한민국의 방송인, 前 MBC 기상캐스터",https://www.artsro.com/right/enter_view.html?GoIdx=4761&CatNo=84
4758,이정민,방송인,84,KBS 아나운서(31기) 출신 프리랜서 방송인,https://www.artsro.com/right/enter_view.html?GoIdx=4758&CatNo=84
4748,조예진,방송인,84,정확한 정보를 흔들림 없이 차분하게 전달하는 아나운서,https://www.artsro.com/right/enter_view.html?GoIdx=4748&CatNo=84
4705,박진아,방송인,84,MBN 매일방송 소속 아나운서,https://www.artsro.com/right/enter_view.html?GoIdx=4705&CatNo=84
4602,김민정,방송인,84,전 KBS 뉴스9시 아나운서,https://www.artsro.com/right/enter_view.html?GoIdx=4602&CatNo=84
4506,조은나래,방송인,84,"대한민국의 아나운서, 방송인",https://www.artsro.com/right/enter_view.html?GoIdx=4506&CatNo=84
4274,이하늘,방송인,84,세련된 전달력으로 따뜻하게 소통하는 MC,https://www.artsro.com/right/enter_view.html?GoIdx=4274&CatNo=84
4267,오정연,방송인,84,"대한민국의 아나운서 겸 배우, 방송인, 모터사이클 레이서.",https://www.artsro.com/right/enter_view.html?GoIdx=4267&CatNo=84
4218,김선신,방송인,84,아나운서계의 김태희 김선신 아나운서,https://www.artsro.com/right/enter_view.html?GoIdx=4218&CatNo=84
3692,강수정,방송인,84,예능형 아나운서 이자 일명 아나테이너 열풍의 선두주자!,https://www.artsro.com/right/enter_view.html?GoIdx=3692&CatNo=84
2704,정다은,방송인,84,KBS 공채 34기 출신 아나운서,https://www.artsro.com/right/enter_view.html?GoIdx=2704&CatNo=84
2525,박소민,방송인,84,스포츠 아나운서 이자 모델 박소민입니다.,https://www.artsro.com/right/enter_view.html?GoIdx=2525&CatNo=84
2482,이혜성,방송인,84,러블리한 미소의 혜성처럼 등장한 아나테이너,https://www.artsro.com/right/enter_view.html?GoIdx=2482&CatNo=84
2385,최원정,방송인,84,KBS 26기 공채 아나운서 주말 여성 앵커 19대 최원정,https://www.artsro.com/right/enter_view.html?GoIdx=2385&CatNo=84
2372,윤태진,방송인,84,대한민국의 방송인. 前 KBS N SPORTS 아나운서.,https://www.artsro.com/right/enter_view.html?GoIdx=2372&CatNo=84
2172,서현진,방송인,84,미스코리아 출신 아나운서,https://www.artsro.com/right/enter_view.html?GoIdx=2172&CatNo=84
2170,이하정,방송인,84,다재다능 이 시대 최고의 워킹맘,https://www.artsro.com/right/enter_view.html?GoIdx=2170&CatNo=84
1692,정이나,방송인,84,슈퍼모델 출신 아나운서,https://www.artsro.com/right/enter_view.html?GoIdx=1692&CatNo=84
1685,이혜주,방송인,84,2019 미스코리아 미 출신 기상캐스터,https://www.artsro.com/right/enter_view.html?GoIdx=1685&CatNo=84
1673,여의주,방송인,84,前 SBS Sports 아나운서,https://www.artsro.com/right/enter_view.html?GoIdx=1673&CatNo=84
1672,강아랑,방송인,84,중저음의 발성톤으로 전달력이 좋은 아나운서,https://www.artsro.com/right/enter_view.html?GoIdx=1672&CatNo=84
1651,이진희,방송인,84,tv조선 소속 아나운서,https://www.artsro.com/right/enter_view.html?GoIdx=1651&CatNo=84
1591,박은영,방송인,84,연예가중계 MC 출신 프리랜서 아나운서,https://www.artsro.com/right/enter_view.html?GoIdx=1591&CatNo=84
1590,정지영,방송인,84,오늘아침 정지영입니다,https://www.artsro.com/right/enter_view.html?GoIdx=1590&CatNo=84
1589,박선영,방송인,84,SBS 8 메인앵커,https://www.artsro.com/right/enter_view.html?GoIdx=1589&CatNo=84
1411,조수빈,방송인,84,kbs 아나운서 출신 방송인,https://www.artsro.com/right/enter_view.html?GoIdx=1411&CatNo=84
781,문지애,방송인,84,무한한 능력을 보여준다 이 시대를 대표하는 방송인 '문지애',https://www.artsro.com/right/enter_view.html?GoIdx=781&CatNo=84
619,이지애,방송인,84,재치 있는 입담과 순발력으로 시선집중~ 똑순이 '이지애',https://www.artsro.com/right/enter_view.html?GoIdx=619&CatNo=84
618,김경화,방송인,84,부드러운 목소리 단아한 외모까지 자기관리의 끝판왕 '김경화',https://www.artsro.com/right/enter_view.html?GoIdx=618&CatNo=84
616,황보미,방송인,84,도전은 계속된다~ 예능감과 진행력을 동시에 겸비한 단아한 미모로 매력발산 '황보미',https://www.artsro.com/right/enter_view.html?GoIdx=616&CatNo=84
602,김남희,방송인,84,지성과 미모를 겸비한 뇌섹녀 멘사 '김남희',https://www.artsro.com/right/enter_view.html?GoIdx=602&CatNo=84
515,최희,방송인,84,순수함과 섹시미가 공존한다 심장폭격 '최희',https://www.artsro.com/right/enter_view.html?GoIdx=515&CatNo=84
513,공서영,방송인,84,최고를 위해 끊임없는 도전과 노력을 한다 야구여신 ' 공서영',https://www.artsro.com/right/enter_view.html?GoIdx=513&CatNo=84
505,윤영미,방송인,84,대한민국 최초의 프로야구 여성 캐스터 '윤영미',https://www.artsro.com/right/enter_view.html?GoIdx=505&CatNo=84
503,황수경,방송인,84,MC계의 교과서 아나운서의 전설 '황수경',https://www.artsro.com/right/enter_view.html?GoIdx=503&CatNo=84
502,김소영,방송인,84,책방 주인 진작 할 걸 그랬어 '김소영',https://www.artsro.com/right/enter_view.html?GoIdx=502&CatNo=84
501,신아영,방송인,84,미모와 지식까지 겸비한 차세대 MC 뇌섹녀 '신아영',https://www.artsro.com/right/enter_view.html?GoIdx=501&CatNo=84
500,장예원,방송인,84,대체 불가 세상에 없던 아나운서 '장예원',https://www.artsro.com/right/enter_view.html?GoIdx=500&CatNo=84
498,김경란,방송인,84,반짝반짝 빛나는 지니어스 '김경란',https://www.artsro.com/right/enter_view.html?GoIdx=498&CatNo=84
497,박지윤,방송인,84,욕망의 아이콘 먹방여신 '박지윤',https://www.artsro.com/right/enter_view.html?GoIdx=497&CatNo=84
496,임성민,방송인,84,인생이란 무대에 조연은 없다. 종횡무진 '임성민',https://www.artsro.com/right/enter_view.html?GoIdx=496&CatNo=84
495,황정민,방송인,84,당신의 영원한 모닝 파트너! 튀는 에너지걸 '황정민',https://www.artsro.com/right/enter_view.html?GoIdx=495&CatNo=84
560,이다인,방송인,114,MBC 공채 출신 아나운서,https://www.artsro.com/right/enter_view.html?GoIdx=560&CatNo=114
861,장선영,방송인,114,앵커 출신의 깔끔한 진행과 딕션을 통해 격식있는 행사를 만들어가는 아나운서,https://www.artsro.com/right/enter_view.html?GoIdx=861&CatNo=114
4735,수어통역사 채주연,방송인,114,수어로 세상을 물들이는 수어통역사,https://www.artsro.com/right/enter_view.html?GoIdx=4735&CatNo=114
4657,이용석,방송인,114,밑고 맡길 수 있는 아나운서,https://www.artsro.com/right/enter_view.html?GoIdx=4657&CatNo=114
4638,한형구,방송인,114,SBS Golf 아나운서,https://www.artsro.com/right/enter_view.html?GoIdx=4638&CatNo=114
4637,나경철,방송인,114,"MBC 및 YTN 소속의 프리랜서 앵커, 방송인",https://www.artsro.com/right/enter_view.html?GoIdx=4637&CatNo=114
4482,박이주,방송인,114,현장 인터뷰와 라이브커머스를 수행한 리포터·진행자로 콘텐츠 전달력이 뛰어난 아나운서,https://www.artsro.com/right/enter_view.html?GoIdx=4482&CatNo=114
4474,이대겸,방송인,114,품격있고 고급스러우며 위트 있는 진행자 이대겸 아나운서,https://www.artsro.com/right/enter_view.html?GoIdx=4474&CatNo=114
4435,김다현,방송인,114,밝고 정확한 목소리로 매끄러운 진행을 이끄는 아나운서 김다현,https://www.artsro.com/right/enter_view.html?GoIdx=4435&CatNo=114
4410,전승민,방송인,114,"밝은 미소, 위트, 따뜻한 목소리로 감동을 전합니다.",https://www.artsro.com/right/enter_view.html?GoIdx=4410&CatNo=114
4390,이강민,방송인,114,다양한 행사경력을 가진 아나운서,https://www.artsro.com/right/enter_view.html?GoIdx=4390&CatNo=114
4387,김민수,방송인,114,진행의 격을 높이는 아나운서,https://www.artsro.com/right/enter_view.html?GoIdx=4387&CatNo=114
4383,김유진,방송인,114,끊임없는 성장을 추구하는 아나운서,https://www.artsro.com/right/enter_view.html?GoIdx=4383&CatNo=114
4360,임평순,방송인,114,,https://www.artsro.com/right/enter_view.html?GoIdx=4360&CatNo=114
4325,김세연,방송인,114,SBS sports 아나운서,https://www.artsro.com/right/enter_view.html?GoIdx=4325&CatNo=114
4313,정혜리,방송인,114,세련된 국제 매너와 편안한 진행,https://www.artsro.com/right/enter_view.html?GoIdx=4313&CatNo=114
4310,이혜지,방송인,114,환한 미소가 아름다운 MC,https://www.artsro.com/right/enter_view.html?GoIdx=4310&CatNo=114
4111,박은정,방송인,114,"8시뉴스 앵커 방송 MC,리포터 등 다양한 경험으로 깔끔한 진행력을 가진 아나운서",https://www.artsro.com/right/enter_view.html?GoIdx=4111&CatNo=114
4109,유가희,방송인,114,공식 행사 및 기업 축제 전문 아나운서/MC,https://www.artsro.com/right/enter_view.html?GoIdx=4109&CatNo=114
4093,서하린,방송인,114,15년 차 방송인 오픈 유어 아튼 CEO이며 전라북도 남원시 홍보대사  아나운서 서하린,https://www.artsro.com/right/enter_view.html?GoIdx=4093&CatNo=114
4017,조윤하,방송인,114,"국제(한.영동시), 기업, 공식행사 전문 아나운서",https://www.artsro.com/right/enter_view.html?GoIdx=4017&CatNo=114
3905,소리나,방송인,114,아나운서 소리나,https://www.artsro.com/right/enter_view.html?GoIdx=3905&CatNo=114
3780,김설아,방송인,114,"신뢰를 주는 목소리, 자신감 넘치는 아나운서 MC!",https://www.artsro.com/right/enter_view.html?GoIdx=3780&CatNo=114
3745,유하경,방송인,114,언제나 긍정적인 비타민C 하긍정!,https://www.artsro.com/right/enter_view.html?GoIdx=3745&CatNo=114
3691,장유리나,방송인,114,'목소리'로 가치있는 일을 하고 싶습니다.,https://www.artsro.com/right/enter_view.html?GoIdx=3691&CatNo=114
3618,최시은,방송인,114,안녕하세요 게임 캐스터 및 아나운서 최시은 입니다!,https://www.artsro.com/right/enter_view.html?GoIdx=3618&CatNo=114
3430,이채은,방송인,114,스피치 퍼스널 강사로도 활동 중인 18년 경력 아나운서,https://www.artsro.com/right/enter_view.html?GoIdx=3430&CatNo=114
3405,김경민,방송인,114,믿음이 가는 따뜻한 진행,https://www.artsro.com/right/enter_view.html?GoIdx=3405&CatNo=114
3367,김우림,방송인,114,하고 싶은 이야기가 많은 아나운서,https://www.artsro.com/right/enter_view.html?GoIdx=3367&CatNo=114
3145,김미진,방송인,114,14년차 방송사리포터 프리랜서 김미진,https://www.artsro.com/right/enter_view.html?GoIdx=3145&CatNo=114
2727,유하영,방송인,114,따뜻하고 공감하는 진행,https://www.artsro.com/right/enter_view.html?GoIdx=2727&CatNo=114
2687,최현미,방송인,114,KBS 기상캐스터 출신 최현미 아나운서,https://www.artsro.com/right/enter_view.html?GoIdx=2687&CatNo=114
2565,송혜지,방송인,114,당신의 가치를 잘 전달하겠습니다.,https://www.artsro.com/right/enter_view.html?GoIdx=2565&CatNo=114
2509,김수민,방송인,114,‘날씨폭격기’ 아나운서 김수민,https://www.artsro.com/right/enter_view.html?GoIdx=2509&CatNo=114
2426,정다영,방송인,114,대한민국 OGN 아나운서,https://www.artsro.com/right/enter_view.html?GoIdx=2426&CatNo=114
2347,김재희,방송인,114,영혼을 밝히는 말은 보석보다 소중합니다 :),https://www.artsro.com/right/enter_view.html?GoIdx=2347&CatNo=114
2082,한혜원,방송인,114,앵커 출신의 정확한 딕션으로 고품격의 행사를 이끌어가는 MC,https://www.artsro.com/right/enter_view.html?GoIdx=2082&CatNo=114
2081,장민정,방송인,114,능숙한 행사진행을 이끄는 팔방미인 MC,https://www.artsro.com/right/enter_view.html?GoIdx=2081&CatNo=114
2080,고선영,방송인,114,빛나는 비쥬얼로 행사의 분위기를 밝히는 MC,https://www.artsro.com/right/enter_view.html?GoIdx=2080&CatNo=114
2079,황인성,방송인,114,앵커 출신의 깔끔한 진행과 딕션을 통해 격식있는 행사를 만들어가는 아나운서,https://www.artsro.com/right/enter_view.html?GoIdx=2079&CatNo=114
2076,최하나,방송인,114,자연스런 멘트와 톤으로 행사장의 분위기를 이끌어가는 MC,https://www.artsro.com/right/enter_view.html?GoIdx=2076&CatNo=114
2063,조서연,방송인,114,빛나는 비쥬얼로 행사의 분위기를 밝히는 MC,https://www.artsro.com/right/enter_view.html?GoIdx=2063&CatNo=114
2061,장혜선,방송인,114,앵커 출신의 깔끔한 진행과 딕션을 통해 격식있는 행사를 만들어가는 아나운서,https://www.artsro.com/right/enter_view.html?GoIdx=2061&CatNo=114
2055,이지현,방송인,114,빛나는 비쥬얼로 행사의 분위기를 밝히는 MC,https://www.artsro.com/right/enter_view.html?GoIdx=2055&CatNo=114
2054,이승희,방송인,114,앵커 출신의 깔끔한 진행과 딕션을 통해 격식있는 행사를 만들어가는 아나운서,https://www.artsro.com/right/enter_view.html?GoIdx=2054&CatNo=114
2047,유한솔,방송인,114,빛나는 비쥬얼로 행사의 분위기를 밝히는 MC,https://www.artsro.com/right/enter_view.html?GoIdx=2047&CatNo=114
2046,엄지민,방송인,114,빛나는 비쥬얼로 행사의 분위기를 밝히는 MC,https://www.artsro.com/right/enter_view.html?GoIdx=2046&CatNo=114
2045,안예은,방송인,114,"품격있는 진행, 품격있는 멘트로 행사의 분위기를 만들어가는 MC",https://www.artsro.com/right/enter_view.html?GoIdx=2045&CatNo=114
2044,김진주,방송인,114,앵커 출신의 깔끔한 진행과 딕션을 통해 격식있는 행사를 만들어가는 아나운서,https://www.artsro.com/right/enter_view.html?GoIdx=2044&CatNo=114
2042,김주아,방송인,114,"품격있는 진행, 품격있는 멘트로 행사의 분위기를 만들어가는 아나운서",https://www.artsro.com/right/enter_view.html?GoIdx=2042&CatNo=114
2041,김은별,방송인,114,"깔끔한 진행 , 자연스런 분위기로 행사을 이끌어나가는 MC",https://www.artsro.com/right/enter_view.html?GoIdx=2041&CatNo=114
2040,김설희,방송인,114,품격있는 진행을 보여주는 MC,https://www.artsro.com/right/enter_view.html?GoIdx=2040&CatNo=114
2038,임지원,방송인,114,"품격 있는 진행, 신뢰받는 목소리",https://www.artsro.com/right/enter_view.html?GoIdx=2038&CatNo=114
2036,김빅토리아노,방송인,114,앵커 출신의 깔끔한 진행과 딕션을 통해 격식있는 행사를 만들어가는 아나운서,https://www.artsro.com/right/enter_view.html?GoIdx=2036&CatNo=114
2032,김미영,방송인,114,고급스러운 분위기를 만들어나가는 MC,https://www.artsro.com/right/enter_view.html?GoIdx=2032&CatNo=114
2030,김나연,방송인,114,앵커 출신의 깔끔한 진행과 딕션을 통해 격식있는 행사를 만들어가는 아나운서,https://www.artsro.com/right/enter_view.html?GoIdx=2030&CatNo=114
2029,고영서,방송인,114,자연스런 멘트와 톤으로 행사장의 분위기를 이끌어가는 MC,https://www.artsro.com/right/enter_view.html?GoIdx=2029&CatNo=114
2018,강나연,방송인,114,빛나는 비쥬얼로 행사의 분위기를 밝히는 MC,https://www.artsro.com/right/enter_view.html?GoIdx=2018&CatNo=114
1988,황예린,방송인,114,TPO에 맞는 톤앤매너 ! 아나운서 황예린입니다.,https://www.artsro.com/right/enter_view.html?GoIdx=1988&CatNo=114
1987,박권,방송인,114,깔끔한 멘트와 깔끔한 진행으로 행사의 격을 높이는 MC,https://www.artsro.com/right/enter_view.html?GoIdx=1987&CatNo=114
1986,김우중,방송인,114,순조로운 행사진행을 제공하는 아나운서,https://www.artsro.com/right/enter_view.html?GoIdx=1986&CatNo=114
1985,김소현,방송인,114,정확한 정보전달 및 멘트를 통해 높은 수준의 행사를 만들어가는 아나운서,https://www.artsro.com/right/enter_view.html?GoIdx=1985&CatNo=114
1984,김세영,방송인,114,빛나는 비쥬얼을 행사장의 분위기를 밝게 만들어가는 MC,https://www.artsro.com/right/enter_view.html?GoIdx=1984&CatNo=114
1910,오수정,방송인,114,상큼한 미소를 가진 전문MC,https://www.artsro.com/right/enter_view.html?GoIdx=1910&CatNo=114
1902,김성,방송인,114,"매끄러운 진행으로 한국어, 영어 능통한 만능 아나운서!",https://www.artsro.com/right/enter_view.html?GoIdx=1902&CatNo=114
1874,추보라,방송인,114,다양한 스포츠 행사 경험을 가진 골프 전문 MC,https://www.artsro.com/right/enter_view.html?GoIdx=1874&CatNo=114
1873,최민지,방송인,114,능숙한 행사진행을 이끄는 팔방미인 MC,https://www.artsro.com/right/enter_view.html?GoIdx=1873&CatNo=114
1868,정아영,방송인,114,자연스런 멘트와 톤으로 행사장의 분위기를 이끌어가는 MC,https://www.artsro.com/right/enter_view.html?GoIdx=1868&CatNo=114
1866,장나연,방송인,114,품격있는 비쥬얼과 보이스톤으로 행사의 격을 높이는 MC,https://www.artsro.com/right/enter_view.html?GoIdx=1866&CatNo=114
1863,정순주,방송인,114,밝은 에너지와 열정으로 행사의 분위기를 띄우는 아나운서,https://www.artsro.com/right/enter_view.html?GoIdx=1863&CatNo=114
1859,김하나,방송인,114,품격있는 진행을 보여주는 MC,https://www.artsro.com/right/enter_view.html?GoIdx=1859&CatNo=114
1856,신미정,방송인,114,다재다능한 아나운서,https://www.artsro.com/right/enter_view.html?GoIdx=1856&CatNo=114
1850,박지영,방송인,114,생중계에서 빛을 발하는  안정감 있는 리포팅,https://www.artsro.com/right/enter_view.html?GoIdx=1850&CatNo=114
1844,박가영,방송인,114,앵커 출신의 깔끔한 진행과 딕션을 통해 격식있는 행사를 만들어가는 아나운서,https://www.artsro.com/right/enter_view.html?GoIdx=1844&CatNo=114
1840,김승주,방송인,114,깔끔한 진행과 정확한 딕션을 통해 정석을 보여주는 아나운서,https://www.artsro.com/right/enter_view.html?GoIdx=1840&CatNo=114
1815,장새론,방송인,114,앵커 출신의 깔끔한 진행과 딕션을 통해 격식있는 행사를 만들어가는 아나운서,https://www.artsro.com/right/enter_view.html?GoIdx=1815&CatNo=114
1811,오혜선,방송인,114,높은 수준의 정보 전달과 준비성을 통하여 완벽한 행사를 추구하는 아나운서,https://www.artsro.com/right/enter_view.html?GoIdx=1811&CatNo=114
1761,한보람,방송인,114,"깔끔한 진행 , 자연스런 분위기로 행사을 이끌어나가는 MC",https://www.artsro.com/right/enter_view.html?GoIdx=1761&CatNo=114
1679,소슬지,방송인,114,본격 연예 한밤 선물요정 아나운서,https://www.artsro.com/right/enter_view.html?GoIdx=1679&CatNo=114
1434,송희태,방송인,114,"진행력, 순발력을 고루 갖춘 만능 아나운서, 송희태",https://www.artsro.com/right/enter_view.html?GoIdx=1434&CatNo=114
1222,박지혜,방송인,114,밝은에너지와 품격과 센스를 갖춘 아나운서!,https://www.artsro.com/right/enter_view.html?GoIdx=1222&CatNo=114
1079,강지혜,방송인,114,"품격있는 진행, 품격있는 멘트로 행사의 분위기를 만들어가는 MC",https://www.artsro.com/right/enter_view.html?GoIdx=1079&CatNo=114
825,강령아,방송인,114,정확한 정보전달 및 멘트를 통해 높은 수준의 행사를 만들어가는 아나운서,https://www.artsro.com/right/enter_view.html?GoIdx=825&CatNo=114
707,이나은,방송인,114,아름다운 비쥬얼과 고급스런 목소리로 행사를 진행하는 MC,https://www.artsro.com/right/enter_view.html?GoIdx=707&CatNo=114
300,김민아,방송인,114,품격 있는 멘트와 톤을 가진 골프 및 스포츠 진행 전문 MC,https://www.artsro.com/right/enter_view.html?GoIdx=300&CatNo=114
428,지민,방송인,69,시상식부터 레크레이션 진행까지 다재다능 행사 MC,https://www.artsro.com/right/enter_view.html?GoIdx=428&CatNo=69
637,정소림,방송인,69,입담과 순발력으로 게임에 생명력 불어넣는 스토리텔러!!,https://www.artsro.com/right/enter_view.html?GoIdx=637&CatNo=69
425,고아침,방송인,69,품격있는 진행을 제공하는 MC,https://www.artsro.com/right/enter_view.html?GoIdx=425&CatNo=69
430,최재우,방송인,69,맛깔스런 멘트와 위트있는 진행으로 행사를 만들어가는 MC,https://www.artsro.com/right/enter_view.html?GoIdx=430&CatNo=69
689,김현영,방송인,69,행사장을 빛내는 비쥬얼을 가진 MC,https://www.artsro.com/right/enter_view.html?GoIdx=689&CatNo=69
427,전성현,방송인,69,재치있는 입담과 센스로 행사에서 웃음 꽃을 만드는 MC,https://www.artsro.com/right/enter_view.html?GoIdx=427&CatNo=69
426,배준하,방송인,69,진행의 달인! 행사의 지존!,https://www.artsro.com/right/enter_view.html?GoIdx=426&CatNo=69
4780,MC하루,방송인,69,행사를 위한 최고의 선택  mc하루,https://www.artsro.com/right/enter_view.html?GoIdx=4780&CatNo=69
4773,MC 최미나,방송인,69,밝은에너지를 선사하는 진행자 최미나와 함께하세요!,https://www.artsro.com/right/enter_view.html?GoIdx=4773&CatNo=69
4749,손예윤,방송인,69,"각종 축제 및 체육대회, 방송 프로그램에서 활약하는 MC 손예윤입니다.",https://www.artsro.com/right/enter_view.html?GoIdx=4749&CatNo=69
4691,손단,방송인,69,품격 있고 따뜻한 진행 MC 손,https://www.artsro.com/right/enter_view.html?GoIdx=4691&CatNo=69
4673,MC 강성연,방송인,69,"함께하는 마음을 나누는 진행자, 털보 강성연의 사회",https://www.artsro.com/right/enter_view.html?GoIdx=4673&CatNo=69
4624,MC아빈,방송인,69,"노래부터 댄스, MC까지 가능한 팔방미인",https://www.artsro.com/right/enter_view.html?GoIdx=4624&CatNo=69
4449,편무송,방송인,69,청춘의 에너지와 친절한 진행으로 함께하는 MC,https://www.artsro.com/right/enter_view.html?GoIdx=4449&CatNo=69
4420,여선아MC,방송인,69,깔끔하고 재치있는 전문MC,https://www.artsro.com/right/enter_view.html?GoIdx=4420&CatNo=69
4418,임건준,방송인,69,수많은 현장이 증명한 MC,https://www.artsro.com/right/enter_view.html?GoIdx=4418&CatNo=69
4416,이요셉,방송인,69,"""즐거움""을 추구하는 MC이요셉입니다.",https://www.artsro.com/right/enter_view.html?GoIdx=4416&CatNo=69
4415,김성우,방송인,69,트렌디하고 재미있는 진행으로 행사에 확실한 마침표를 찍어드립니다.,https://www.artsro.com/right/enter_view.html?GoIdx=4415&CatNo=69
4413,장예림,방송인,69,무대위의 에너자이저,https://www.artsro.com/right/enter_view.html?GoIdx=4413&CatNo=69
4412,이수혁,방송인,69,진심을 담아 소통하는 MC,https://www.artsro.com/right/enter_view.html?GoIdx=4412&CatNo=69
4411,강바다,방송인,69,"사랑받아, 행복받아, 웃음바다!",https://www.artsro.com/right/enter_view.html?GoIdx=4411&CatNo=69
4409,이형우,방송인,69,에너제틱하고 생동감 넘치는 MC,https://www.artsro.com/right/enter_view.html?GoIdx=4409&CatNo=69
4408,MC 손재희,방송인,69,기업행사 /송년회/ 체육대회/ 가족행사 /워크숍 등 여러분의 행사를 최고의 순간으로 선물 드리겠습니다.,https://www.artsro.com/right/enter_view.html?GoIdx=4408&CatNo=69
4346,MC이태권,방송인,69,상상을 현실로 견인하겠습니다!,https://www.artsro.com/right/enter_view.html?GoIdx=4346&CatNo=69
4332,MC반석,방송인,69,행사를 가장 잘하는 MC,https://www.artsro.com/right/enter_view.html?GoIdx=4332&CatNo=69
4301,조현아,방송인,69,성공적인 행사를 만드는 MC,https://www.artsro.com/right/enter_view.html?GoIdx=4301&CatNo=69
4110,황진기,방송인,69,"유쾌,상쾌,통쾌 명 MC 황진기",https://www.artsro.com/right/enter_view.html?GoIdx=4110&CatNo=69
4000,MC 닥터,방송인,69,진행 박사 MC 닥터!,https://www.artsro.com/right/enter_view.html?GoIdx=4000&CatNo=69
3971,MC 배선재,방송인,69,김성주 아나운서 느낌의 깔끔하고 유쾌한 진행,https://www.artsro.com/right/enter_view.html?GoIdx=3971&CatNo=69
3931,MC윤참,방송인,69,텐션 좋은 MC 개그유튜버 윤참!!!,https://www.artsro.com/right/enter_view.html?GoIdx=3931&CatNo=69
3930,김효정,방송인,69,팬미팅 전문 MC 김효정입니다.,https://www.artsro.com/right/enter_view.html?GoIdx=3930&CatNo=69
3903,MC이슈,방송인,69,"챔피언스 필드 최초의 장내 진행자이자 레크리에이션 강사, 행사MC",https://www.artsro.com/right/enter_view.html?GoIdx=3903&CatNo=69
3613,임하람,방송인,69,힘 있는 목소리와 센스 있는 진행 실력을 가진 MC 입니다!,https://www.artsro.com/right/enter_view.html?GoIdx=3613&CatNo=69
3612,오한교,방송인,69,공식행사와 레크레이션. 정중함과 유쾌함을 한큐에,https://www.artsro.com/right/enter_view.html?GoIdx=3612&CatNo=69
3599,김재성,방송인,69,보기만 해도 기분 좋아지는 남자 MC 김재성입니다.,https://www.artsro.com/right/enter_view.html?GoIdx=3599&CatNo=69
3580,송지훈,방송인,69,텐션있고 트렌디한 모든 행사 가능한 올라운더 MC,https://www.artsro.com/right/enter_view.html?GoIdx=3580&CatNo=69
3556,MC 감동,방송인,69,"행사, 분위기가 바뀝니다! 행사는 MC 감동!",https://www.artsro.com/right/enter_view.html?GoIdx=3556&CatNo=69
3542,김진완,방송인,69,프로페셔널한 즐거움을 선사합니다!,https://www.artsro.com/right/enter_view.html?GoIdx=3542&CatNo=69
3540,하나리,방송인,69,마음을 울리는 MC 하나리,https://www.artsro.com/right/enter_view.html?GoIdx=3540&CatNo=69
3514,이승훈,방송인,69,알아서 잘 딱! 깔끔하고 센스있게!,https://www.artsro.com/right/enter_view.html?GoIdx=3514&CatNo=69
3496,박시원,방송인,69,마음을 움직이는 진행자,https://www.artsro.com/right/enter_view.html?GoIdx=3496&CatNo=69
3414,최관우,방송인,69,,https://www.artsro.com/right/enter_view.html?GoIdx=3414&CatNo=69
3413,이상학,방송인,69,전문 쇼호스트,https://www.artsro.com/right/enter_view.html?GoIdx=3413&CatNo=69
3412,김도현,방송인,69,,https://www.artsro.com/right/enter_view.html?GoIdx=3412&CatNo=69
3409,한국남,방송인,69,,https://www.artsro.com/right/enter_view.html?GoIdx=3409&CatNo=69
3261,문지훈,방송인,69,특별함을 더할 수 있는 재능으로 많은 분들의 뜻깊은 시간을 책임지겠습니다.,https://www.artsro.com/right/enter_view.html?GoIdx=3261&CatNo=69
3252,현승훈,방송인,69,소통 하는 MC! 웃음과 감동을 선사하는 MC!,https://www.artsro.com/right/enter_view.html?GoIdx=3252&CatNo=69
3213,MC섭이,방송인,69,만능입담 MC섭이,https://www.artsro.com/right/enter_view.html?GoIdx=3213&CatNo=69
3156,박제인,방송인,69,"도서 인플루언서, 북토크쇼 MC. 생각대로사는여자 박제인 입니다.",https://www.artsro.com/right/enter_view.html?GoIdx=3156&CatNo=69
3154,신해인,방송인,69,육아맘 쇼호스트 뚜아맘 신해인,https://www.artsro.com/right/enter_view.html?GoIdx=3154&CatNo=69
3153,서민지,방송인,69,"그래! 서민지 하면 그래서, 민지",https://www.artsro.com/right/enter_view.html?GoIdx=3153&CatNo=69
3151,최우린,방송인,69,다재다능한 매력을 갖춘 쇼호스트 최우린,https://www.artsro.com/right/enter_view.html?GoIdx=3151&CatNo=69
3149,신예원,방송인,69,멋있게! 맛있게! 진행하는 오감만족 전문MC,https://www.artsro.com/right/enter_view.html?GoIdx=3149&CatNo=69
3148,한동욱,방송인,69,레크레이션 강사 MC 한동욱,https://www.artsro.com/right/enter_view.html?GoIdx=3148&CatNo=69
3147,윤은진,방송인,69,"강력한 push, 라이브 커머스 선수. 쇼호스트 윤은진",https://www.artsro.com/right/enter_view.html?GoIdx=3147&CatNo=69
3146,신진경,방송인,69,"독보적인 캐릭터, 깔끔한 진행력_자꾸만 생각나는 MC신진경",https://www.artsro.com/right/enter_view.html?GoIdx=3146&CatNo=69
3126,정영,방송인,69,기업행사 전문 MC,https://www.artsro.com/right/enter_view.html?GoIdx=3126&CatNo=69
3095,김성민,방송인,69,단 10분이면 당신의 마음을 사로 잡습니다.,https://www.artsro.com/right/enter_view.html?GoIdx=3095&CatNo=69
3025,김리아(닐리리아),방송인,69,"MC, 쇼호스트, 도슨트, 먹방까지 모든게 가능한 높은 텐션의 만능 엔터테이너",https://www.artsro.com/right/enter_view.html?GoIdx=3025&CatNo=69
2979,유영훈,방송인,69,MC계의 작은 거인,https://www.artsro.com/right/enter_view.html?GoIdx=2979&CatNo=69
2652,변현무,방송인,69,귀를 훔치는것이 아닌 가슴을 흔드는 말을 하는 사,https://www.artsro.com/right/enter_view.html?GoIdx=2652&CatNo=69
2456,박소윤,방송인,69,장르를 넘나드는 매력적인 진행,https://www.artsro.com/right/enter_view.html?GoIdx=2456&CatNo=69
2290,강대일,방송인,69,마이크로 설레임을 전하는 MC,https://www.artsro.com/right/enter_view.html?GoIdx=2290&CatNo=69
2136,MC범식,방송인,69,"소통, 공감, 철저한 사전 준비",https://www.artsro.com/right/enter_view.html?GoIdx=2136&CatNo=69
2125,가영훈,방송인,69,진행에 진심을 담아 소통하는 MC 가영훈,https://www.artsro.com/right/enter_view.html?GoIdx=2125&CatNo=69
2077,이채원,방송인,69,"깔끔한 진행 , 자연스런 분위기로 행사을 이끌어나가는 MC",https://www.artsro.com/right/enter_view.html?GoIdx=2077&CatNo=69
2051,이상혁,방송인,69,재치있는 멘트와 자연스런 진행을 보여주는 MC,https://www.artsro.com/right/enter_view.html?GoIdx=2051&CatNo=69
1981,지영웅,방송인,69,모든 행사가 가능한 팔방미인 전문MC,https://www.artsro.com/right/enter_view.html?GoIdx=1981&CatNo=69
1979,조은설,방송인,69,공식행사부터 레크리에이션까지 모두 잘하는 장르불문 MC,https://www.artsro.com/right/enter_view.html?GoIdx=1979&CatNo=69
1978,조민성,방송인,69,"재미있는 행사진행 , 품격있는 행사, 화이팅한 에너지의 스포츠아나운서 출신 전문MC",https://www.artsro.com/right/enter_view.html?GoIdx=1978&CatNo=69
1974,장우성,방송인,69,경력 18년차 베테랑 전문 MC,https://www.artsro.com/right/enter_view.html?GoIdx=1974&CatNo=69
1973,이성화,방송인,69,10년의 노하우가 빛나는 전문 MC,https://www.artsro.com/right/enter_view.html?GoIdx=1973&CatNo=69
1970,이성혁,방송인,69,매일 매일이 새로운 MC,https://www.artsro.com/right/enter_view.html?GoIdx=1970&CatNo=69
1969,유황준,방송인,69,"웃음이 끊이지 않는,행복을 전하는 따뜻한 MC",https://www.artsro.com/right/enter_view.html?GoIdx=1969&CatNo=69
1967,안서인,방송인,69,프로 골퍼 출신 전문 골프 MC,https://www.artsro.com/right/enter_view.html?GoIdx=1967&CatNo=69
1966,선행,방송인,69,깨알 같은 즐거움을 선사하는 MC,https://www.artsro.com/right/enter_view.html?GoIdx=1966&CatNo=69
1964,MC정아,방송인,69,재치있는 멘트와 자연스런 진행! MC정아,https://www.artsro.com/right/enter_view.html?GoIdx=1964&CatNo=69
1961,강예훈,방송인,69,"깔끔한 진행 , 자연스런 분위기로 행사을 이끌어나가는 MC",https://www.artsro.com/right/enter_view.html?GoIdx=1961&CatNo=69
1960,MC한석,방송인,69,재치있는 입담을 가진 다재다능 전문MC,https://www.artsro.com/right/enter_view.html?GoIdx=1960&CatNo=69
1911,김태진,방송인,69,웃음과 행복함이 가득한 행사를 만들어나가는 MC,https://www.artsro.com/right/enter_view.html?GoIdx=1911&CatNo=69
1803,최홍석,방송인,69,깔끔한 멘트와 깔끔한 진행으로 행사의 격을 높이는 MC,https://www.artsro.com/right/enter_view.html?GoIdx=1803&CatNo=69
1801,한성규,방송인,69,넘치는 열정과 청량한 목소리를 가진 MC,https://www.artsro.com/right/enter_view.html?GoIdx=1801&CatNo=69
1799,연호진,방송인,69,깔끔한 진행과 함께하는 순조로운 행사를 지향하는 MC,https://www.artsro.com/right/enter_view.html?GoIdx=1799&CatNo=69
1798,송상호,방송인,69,게스트를 즐겁게 만들어주는 재치있는 MC,https://www.artsro.com/right/enter_view.html?GoIdx=1798&CatNo=69
1794,현명호,방송인,69,101퍼센트의 감동을 주는 MC,https://www.artsro.com/right/enter_view.html?GoIdx=1794&CatNo=69
1792,황인철,방송인,69,"안녕하세요, 노래하는 MC황인철입니다.",https://www.artsro.com/right/enter_view.html?GoIdx=1792&CatNo=69
1790,이강문,방송인,69,자신감과 긍정이 넘치는 행사 전문 MC,https://www.artsro.com/right/enter_view.html?GoIdx=1790&CatNo=69
1787,김연태,방송인,69,"다시 찾게 되는 진행자, 김연태MC",https://www.artsro.com/right/enter_view.html?GoIdx=1787&CatNo=69
1786,배은한,방송인,69,웃음 가득한 행사를 만들어가는 MC,https://www.artsro.com/right/enter_view.html?GoIdx=1786&CatNo=69
1782,최은지,방송인,69,"MC,배우,ESPORTS등 다양한 분야를 섭렵한 팔방미인 MC",https://www.artsro.com/right/enter_view.html?GoIdx=1782&CatNo=69
1781,MC하루(조하루),방송인,69,사람들의 원하는것을 자연스럽게 이끌어내는 MC,https://www.artsro.com/right/enter_view.html?GoIdx=1781&CatNo=69
1779,MC드래곤,방송인,69,다양한 컨텐츠를 재미있게 다룰수 있는 전문MC,https://www.artsro.com/right/enter_view.html?GoIdx=1779&CatNo=69
1556,김학준 ( MC준),방송인,69,"유쾌 그 자체의 아나운서, MC",https://www.artsro.com/right/enter_view.html?GoIdx=1556&CatNo=69
1389,조승희,방송인,69,개그우먼계의 MC강자,https://www.artsro.com/right/enter_view.html?GoIdx=1389&CatNo=69
1388,문규박,방송인,69,코미디빅리그 출신 전문 MC,https://www.artsro.com/right/enter_view.html?GoIdx=1388&CatNo=69
1081,MC노성민,방송인,69,트렌드에 맞춘 진행,https://www.artsro.com/right/enter_view.html?GoIdx=1081&CatNo=69
1046,MC필,방송인,69,현장에서 필쏘굿을 외치게 하는 11년차 MC,https://www.artsro.com/right/enter_view.html?GoIdx=1046&CatNo=69
996,정준기,방송인,69,"기억하세요 마이크 잡는 예술가, 사회자 정준기입니다.",https://www.artsro.com/right/enter_view.html?GoIdx=996&CatNo=69
854,방주영,방송인,69,깔끔한 목소리 재치 있는 진행 방주영,https://www.artsro.com/right/enter_view.html?GoIdx=854&CatNo=69
749,이상윤,방송인,69,행사에 품격을 더하는 전문 MC,https://www.artsro.com/right/enter_view.html?GoIdx=749&CatNo=69
690,송이진,방송인,69,산뜻한 비쥬얼로 행사의 분위기를 활기차게 만드는 MC,https://www.artsro.com/right/enter_view.html?GoIdx=690&CatNo=69
657,MC휘,방송인,69,친구처럼 친근하고 편안한 MC,https://www.artsro.com/right/enter_view.html?GoIdx=657&CatNo=69
556,정의진,방송인,69,"한,중,일 행사진행이 가능한 다재다능 MC",https://www.artsro.com/right/enter_view.html?GoIdx=556&CatNo=69
525,김용주,방송인,69,라디오 DJ 출신 진행자,https://www.artsro.com/right/enter_view.html?GoIdx=525&CatNo=69
432,윤희정,방송인,71,완벽한 진행과 품격있는 분위기를 만들어내는 완벽한 MC,https://www.artsro.com/right/enter_view.html?GoIdx=432&CatNo=71
545,김경미,방송인,71,수많은 행사 진행 경력과 안정적인 행사진행을 이루어내는 MC,https://www.artsro.com/right/enter_view.html?GoIdx=545&CatNo=71
436,김연진,방송인,71,"국제행사,정부공식행사 전문 아나운서/영어MC",https://www.artsro.com/right/enter_view.html?GoIdx=436&CatNo=71
433,켈리 박,방송인,71,정확한 정보전달 및 멘트를 통해 높은 수준의 행사를 만들어가는 아나운서,https://www.artsro.com/right/enter_view.html?GoIdx=433&CatNo=71
548,박신영,방송인,71,동시 통역이 가능한 영어 및 스포츠 행사 전문 MC,https://www.artsro.com/right/enter_view.html?GoIdx=548&CatNo=71
694,이승희,방송인,71,"영어,스페인어,한국어 동시 진행 가능한 통역전문MC",https://www.artsro.com/right/enter_view.html?GoIdx=694&CatNo=71
546,김현영,방송인,71,빛나는 비쥬얼로 행사의 분위기를 밝히는 MC,https://www.artsro.com/right/enter_view.html?GoIdx=546&CatNo=71
698,조주연,방송인,71,능숙한 통번역으로 깔끔한 진행을 제공하는 MC,https://www.artsro.com/right/enter_view.html?GoIdx=698&CatNo=71
696,이지현,방송인,71,완벽한 통번역 및 매끄러운 행사진행을 제공하는 영어행사 전문MC,https://www.artsro.com/right/enter_view.html?GoIdx=696&CatNo=71
693,김기현,방송인,71,"한국어,영어 행사 진행이 가능한 MC",https://www.artsro.com/right/enter_view.html?GoIdx=693&CatNo=71
692,권소아,방송인,71,원어민 수준의 영어실력을 자랑하는 MC,https://www.artsro.com/right/enter_view.html?GoIdx=692&CatNo=71
4801,FRANCHESKA DYNE-HONG (홍다인),방송인,71,프로페셔널한 진행과 섬세한 소통을 하는 MC,https://www.artsro.com/right/enter_view.html?GoIdx=4801&CatNo=71
4689,최슬기,방송인,71,글로벌 무대에서 활약하는 3개 국어(한국어·영어·일본어) 전문 MC 최슬기,https://www.artsro.com/right/enter_view.html?GoIdx=4689&CatNo=71
4679,서희정,방송인,71,행사의 품격을 높이는 따뜻하고 깔끔한 진행,https://www.artsro.com/right/enter_view.html?GoIdx=4679&CatNo=71
4676,박기훈,방송인,71,신뢰감과 호감을 주는 깊이 있는 목소리,https://www.artsro.com/right/enter_view.html?GoIdx=4676&CatNo=71
4302,김채원,방송인,71,따뜻한 소통과 안정된 진행으로 현장을 이끄는 MC,https://www.artsro.com/right/enter_view.html?GoIdx=4302&CatNo=71
4081,박유진,방송인,71,진심을 담아 좋은 목소리로 보답드립니다.,https://www.artsro.com/right/enter_view.html?GoIdx=4081&CatNo=71
4020,오들희,방송인,71,국제적으로 다양한 경험을 보유하고 있는 아나운서!,https://www.artsro.com/right/enter_view.html?GoIdx=4020&CatNo=71
4019,김유수,방송인,71,어떤 상황에서도 유연하고  센스있는 밝은 아나운서!,https://www.artsro.com/right/enter_view.html?GoIdx=4019&CatNo=71
4016,나경진,방송인,71,,https://www.artsro.com/right/enter_view.html?GoIdx=4016&CatNo=71
3995,박서정,방송인,71,"글로벌 IT·AI·금융 컨퍼런스부터 정부기관·국제포럼·기업 VIP 행사까지 폭넓게 진행하며, 전문적이고 세련된 진행 역량을 갖춘 국문·영문 전문 MC",https://www.artsro.com/right/enter_view.html?GoIdx=3995&CatNo=71
3994,김정희,방송인,71,탄탄한 발성과 따뜻한 음성으로 행사에 품격을 더하겠습니다.,https://www.artsro.com/right/enter_view.html?GoIdx=3994&CatNo=71
3993,윤혜정,방송인,71,폭넓은 경험을 보유한 전문 통번역가이자 영어 MC,https://www.artsro.com/right/enter_view.html?GoIdx=3993&CatNo=71
3992,오유진,방송인,71,분위기를 스케치하는 사회자,https://www.artsro.com/right/enter_view.html?GoIdx=3992&CatNo=71
3940,김민회,방송인,71,열심으로 진심을 전하는 국제행사 전문 mc 아나운서!,https://www.artsro.com/right/enter_view.html?GoIdx=3940&CatNo=71
3805,제시카,방송인,71,영어방송 기자 및 아나운서 출신의 영어MC 및 한영 통역가입니다.,https://www.artsro.com/right/enter_view.html?GoIdx=3805&CatNo=71
3689,손단,방송인,71,,https://www.artsro.com/right/enter_view.html?GoIdx=3689&CatNo=71
3583,손보련,방송인,71,"9년차 현직 방송인, 국가 공식행사, 국제회의 영어 MC로 활동 중인 KBS 제주 아나운서 손보련입니다.",https://www.artsro.com/right/enter_view.html?GoIdx=3583&CatNo=71
3393,고은재,방송인,71,"한국어,영어 행사 진행이 가능한 MC",https://www.artsro.com/right/enter_view.html?GoIdx=3393&CatNo=71
3366,양혜선,방송인,71,말의 힘을 믿고 증명하는 아나운서,https://www.artsro.com/right/enter_view.html?GoIdx=3366&CatNo=71
3150,신지원,방송인,71,웃음과 감동이 있는 다양항 행사경험과 노하우있는 아나운서,https://www.artsro.com/right/enter_view.html?GoIdx=3150&CatNo=71
2962,권대희,방송인,71,"강연, 행사 전문 MC 권대희",https://www.artsro.com/right/enter_view.html?GoIdx=2962&CatNo=71
2697,신서유,방송인,71,부드러운 영어진행,https://www.artsro.com/right/enter_view.html?GoIdx=2697&CatNo=71
2590,정다희,방송인,71,아나운서 정다희,https://www.artsro.com/right/enter_view.html?GoIdx=2590&CatNo=71
2088,이연화,방송인,71,완벽한 통번역 및 매끄러운 행사진행을 제공하는 영어행사 전문MC,https://www.artsro.com/right/enter_view.html?GoIdx=2088&CatNo=71
2086,이기은,방송인,71,정확한 번역으로 깔끔한 영어행사 진행이 가능한 MC,https://www.artsro.com/right/enter_view.html?GoIdx=2086&CatNo=71
2084,오진석,방송인,71,정확한 정보전달 및 멘트를 통해 높은 수준의 행사를 만들어가는 아나운서,https://www.artsro.com/right/enter_view.html?GoIdx=2084&CatNo=71
2083,박서진,방송인,71,완벽한 통역을 제공하는 영어행사 전문MC,https://www.artsro.com/right/enter_view.html?GoIdx=2083&CatNo=71
1983,MC로빈,방송인,71,유쾌한 유머와 재치있는 입담을 가지고있는 영어&이벤트MC,https://www.artsro.com/right/enter_view.html?GoIdx=1983&CatNo=71
1906,이지애,방송인,71,고급스러운 분위기를 만들어나가는 MC,https://www.artsro.com/right/enter_view.html?GoIdx=1906&CatNo=71
1905,임성미,방송인,71,"영어 동시 통번역등, 영어관련 행사 전문 MC",https://www.artsro.com/right/enter_view.html?GoIdx=1905&CatNo=71
1867,정민향,방송인,71,품격있는 진행을 보여주는 MC,https://www.artsro.com/right/enter_view.html?GoIdx=1867&CatNo=71
1864,신지예,방송인,71,"깔끔한 진행 , 자연스런 분위기로 행사을 이끌어나가는 MC",https://www.artsro.com/right/enter_view.html?GoIdx=1864&CatNo=71
1848,박세정,방송인,71,앵커 출신의 깔끔한 진행과 딕션을 통해 격식있는 행사를 만들어가는 아나운서,https://www.artsro.com/right/enter_view.html?GoIdx=1848&CatNo=71
1809,양다운,방송인,71,유창한 외국어 실력을 통해 다국적 행사의 품격을 높이는 아나운서,https://www.artsro.com/right/enter_view.html?GoIdx=1809&CatNo=71
1804,김지현,방송인,71,정확한 멘트와 딕션을 통해 깔끔한 진행이 가능한 아나운서,https://www.artsro.com/right/enter_view.html?GoIdx=1804&CatNo=71
550,이정은,방송인,71,순조로운 행사진행을 제공하는 MC,https://www.artsro.com/right/enter_view.html?GoIdx=550&CatNo=71
547,문소리,방송인,71,수많은 행사 진행 경험과 그에 맞는 커리어로 깔끔한 행사진행을 하는 MC,https://www.artsro.com/right/enter_view.html?GoIdx=547&CatNo=71
434,김정은,방송인,72,정확한 정보전달 및 번역을 제공하는 중국어 행사 전문MC,https://www.artsro.com/right/enter_view.html?GoIdx=434&CatNo=72
542,임정은,방송인,72,능숙한 번역 실력을 자랑하는 중국어 행사전문MC,https://www.artsro.com/right/enter_view.html?GoIdx=542&CatNo=72
688,이설혜,방송인,72,정확한 번역 및 행사진행을 제공하는 MC,https://www.artsro.com/right/enter_view.html?GoIdx=688&CatNo=72
543,지홍염,방송인,72,많은 행사 진행 경력을 가진 중국어 행사 전문MC,https://www.artsro.com/right/enter_view.html?GoIdx=543&CatNo=72
4359,김청,방송인,72,동시·순차 통역이 가능한 통역사,https://www.artsro.com/right/enter_view.html?GoIdx=4359&CatNo=72
3566,권미란,방송인,72,대본 없이도 할 수있는 한●중 아나운서!,https://www.artsro.com/right/enter_view.html?GoIdx=3566&CatNo=72
3565,정윤주,방송인,72,먼저 다가가는 적극적인 MC,https://www.artsro.com/right/enter_view.html?GoIdx=3565&CatNo=72
2420,강리즈,방송인,72,한국에서 활동하고 있는 중국 묘족 출신 방송인 강리즈입니다.,https://www.artsro.com/right/enter_view.html?GoIdx=2420&CatNo=72
2090,성혜영,방송인,72,정확한 번역으로 깔끔한 중국어행사 진행이 가능한 MC,https://www.artsro.com/right/enter_view.html?GoIdx=2090&CatNo=72
2089,마국진,방송인,72,정확한 번역으로 깔끔한 중국어행사 진행이 가능한 MC,https://www.artsro.com/right/enter_view.html?GoIdx=2089&CatNo=72
2007,김혜원,방송인,72,다채로운 색을 지닌 배우 김혜원입니다.,https://www.artsro.com/right/enter_view.html?GoIdx=2007&CatNo=72
1944,홍지연,방송인,72,능숙한 번역 실력을 자랑하는 중국어 행사전문MC,https://www.artsro.com/right/enter_view.html?GoIdx=1944&CatNo=72
1935,설예임,방송인,72,빛나는 비쥬얼을 행사장의 분위기를 밝게 만들어가는 MC,https://www.artsro.com/right/enter_view.html?GoIdx=1935&CatNo=72
1923,김솔,방송인,72,한/중 자유로운 통역이 가능한 MC,https://www.artsro.com/right/enter_view.html?GoIdx=1923&CatNo=72
1845,박서진,방송인,72,정확한 정보전달 및 멘트를 통해 높은 수준의 행사를 만들어가는 아나운서,https://www.artsro.com/right/enter_view.html?GoIdx=1845&CatNo=72
4690,박소윤,방송인,73,"무대의 흐름을 읽고, 사람의 마음을 여는 소통으로 행사의 품격을 완성합니다.",https://www.artsro.com/right/enter_view.html?GoIdx=4690&CatNo=73
4553,정모경,방송인,73,경력을 바탕으로 한일 양국의 이해도를 갖춘 안정적인 진행,https://www.artsro.com/right/enter_view.html?GoIdx=4553&CatNo=73
3929,김효정,방송인,73,통역 가능한 일본어MC 김효정입니다.,https://www.artsro.com/right/enter_view.html?GoIdx=3929&CatNo=73
3668,양미선,방송인,73,전문적이고 노련한 오랜 경력을 갖춘 한/일 MC!,https://www.artsro.com/right/enter_view.html?GoIdx=3668&CatNo=73
2251,김은비,방송인,73,다재다능한 은비타민,https://www.artsro.com/right/enter_view.html?GoIdx=2251&CatNo=73
2165,함채원,방송인,73,수 많은 전문 통역 경험이 있는 준비된 한/일 MC,https://www.artsro.com/right/enter_view.html?GoIdx=2165&CatNo=73
2159,윤지우,방송인,73,다양한 경력의 한/일 아나운서,https://www.artsro.com/right/enter_view.html?GoIdx=2159&CatNo=73
1950,김소희,방송인,73,빛나는 비쥬얼로 행사의 분위기를 밝히는 MC,https://www.artsro.com/right/enter_view.html?GoIdx=1950&CatNo=73
558,김아미,방송인,73,정확한 번역으로 깔끔한 일본어행사 진행이 가능한 MC,https://www.artsro.com/right/enter_view.html?GoIdx=558&CatNo=73
4008,모모랜드(MOMOLAND),가수,74,"Get your ticket! 안녕하세요, 모모랜드입니다!",https://www.artsro.com/right/enter_view.html?GoIdx=4008&CatNo=74
3043,슈퍼주니어-D&E (SUPER JUNIOR-D&E),가수,74,슈퍼주니어 유닛 그룹 슈퍼주니어-D&E,https://www.artsro.com/right/enter_view.html?GoIdx=3043&CatNo=74
348,트와이스(TWICE),가수,74,예쁨과 귀여움의 결정체 사랑스러운 국민 걸그룹 '트와이스',https://www.artsro.com/right/enter_view.html?GoIdx=348&CatNo=74
537,슈퍼주니어 (SUPER JUNIOR),가수,74,우린 슈퍼주니~~~어 에요. 그룹이 아닌 하나의 브랜드가 되어버렸다~ 한류제왕 '슈퍼주니어',https://www.artsro.com/right/enter_view.html?GoIdx=537&CatNo=74
346,청하 (CHUNGHA),가수,74,고혹적인 매력으로 사로 잡는다 글리터 여신 '청하',https://www.artsro.com/right/enter_view.html?GoIdx=346&CatNo=74
4589,도드리 (dodree),가수,74,전세계 첫 K팝 X 국악 크로스오버 장르 여성 듀오,https://www.artsro.com/right/enter_view.html?GoIdx=4589&CatNo=74
202,온앤오프(ONF),가수,74,다양한 퍼포먼스와 매력으로 K-POP팬들의 눈과 귀를 사로잡는다!,https://www.artsro.com/right/enter_view.html?GoIdx=202&CatNo=74
404,원어스(ONEUS),가수,74,아름다운 빛깔을 보여주는 무지개 처럼 매력적으로 다가온 '원어스',https://www.artsro.com/right/enter_view.html?GoIdx=404&CatNo=74
341,에이핑크(Apink),가수,74,사랑스러운 요정들 마법에 걸린다 '에이핑크' 가 돌아왔다,https://www.artsro.com/right/enter_view.html?GoIdx=341&CatNo=74
333,아이콘(iKON),가수,74,사랑을했다~♬ 쉬지 않고 보여준다 '아이콘' 세상을...,https://www.artsro.com/right/enter_view.html?GoIdx=333&CatNo=74
365,드림캐쳐(Dreamcatcher),가수,74,모두의 꿈속에 깃든 매력적인 일곱악몽 '드림캐쳐',https://www.artsro.com/right/enter_view.html?GoIdx=365&CatNo=74
331,스트레이 키즈(Stray Kids),가수,74,길은 다 찾았다 세계로 질주하는 '스트레이키즈',https://www.artsro.com/right/enter_view.html?GoIdx=331&CatNo=74
263,엔플라잉(N.Flying),가수,74,새로운 트렌드로 역주행하며 날고 있는 '엔플라잉',https://www.artsro.com/right/enter_view.html?GoIdx=263&CatNo=74
393,카드(KARD),가수,74,남녀의 엇갈림. 오해. 고독의 감정을 담아낸 히든'카드',https://www.artsro.com/right/enter_view.html?GoIdx=393&CatNo=74
655,에스에프나인(SF9),가수,74,흐트러짐 없는 가창력은 기본 섹시미와 칼군무로 믿보믿듣 비타민 'SF9',https://www.artsro.com/right/enter_view.html?GoIdx=655&CatNo=74
141,데이식스(DAY6),가수,74,밴드형 아이돌을 지향하고 있는 데이식스,https://www.artsro.com/right/enter_view.html?GoIdx=141&CatNo=74
1544,정은지 (JEONG EUNJI),가수,74,걸그룹 에이핑크 메인보컬 겸 멀티 엔터테이너,https://www.artsro.com/right/enter_view.html?GoIdx=1544&CatNo=74
4841,시크릿,가수,74,"'Magic', 'Shy Boy', '별빛달빛' 등 수많은 히트곡을 보유한 대한민국 대표 걸그룹.",https://www.artsro.com/right/enter_view.html?GoIdx=4841&CatNo=74
4835,텐(TEN),가수,74,"독보적인 퍼포먼스와 예술적 감각을 겸비한 글로벌 아티스트, 텐",https://www.artsro.com/right/enter_view.html?GoIdx=4835&CatNo=74
4787,키노(KINO),가수,74,안녕하세요! 펜타곤의 춤추고 노래하는 키노입니다!,https://www.artsro.com/right/enter_view.html?GoIdx=4787&CatNo=74
4677,롱샷(LNGSHOT),가수,74,"It’s LNGSHOT 4SHO! 안녕하세요, LNGSHOT입니다!",https://www.artsro.com/right/enter_view.html?GoIdx=4677&CatNo=74
4669,킥플립(KickFlip),가수,74,"Flip it!  Kick it! 안녕하세요, KickFlip입니다!",https://www.artsro.com/right/enter_view.html?GoIdx=4669&CatNo=74
4646,인어미닛(In A Minute),가수,74,"단 한 순간에 리스너들의마음을 사로잡겠다는 의미를 담고 있으며, 탄탄한 실력과 개성으로새로운 음악적 도전하는 그룹",https://www.artsro.com/right/enter_view.html?GoIdx=4646&CatNo=74
4639,유주(YUJU),가수,74,여자친구 멤버에서 솔로 가수 유주여자친구의 메인보컬로 데뷔해 독보적인 가창력과 감성을 인정받은 아티스트.,https://www.artsro.com/right/enter_view.html?GoIdx=4639&CatNo=74
4618,다영,가수,74,걸그룹 우주소녀의 멤버이자 솔로 가수 다영,https://www.artsro.com/right/enter_view.html?GoIdx=4618&CatNo=74
4596,알파드라이브원(ALPHA DRIVE ONE),가수,74,"둘, 셋! ONE DESTINY! DRIVE TO THE TOP! 안녕하세요 ALPHA DRIVE ONE 입니다!",https://www.artsro.com/right/enter_view.html?GoIdx=4596&CatNo=74
4590,영빈 (YOUNGBIN),가수,74,JYP가 인정한 새로운 딴따라의 등장,https://www.artsro.com/right/enter_view.html?GoIdx=4590&CatNo=74
4577,지디 (G-Dragon),가수,74,GD | PEACEMINUSONE,https://www.artsro.com/right/enter_view.html?GoIdx=4577&CatNo=74
4576,ROCKY(라키),가수,74,WONIJIN ENT 소속 ROCKY(라키),https://www.artsro.com/right/enter_view.html?GoIdx=4576&CatNo=74
4566,투에이엠 (2AM),가수,74,하루를 돌아 보고 그 날의 감정을 다시 생각하는 시간인 새벽 2시,https://www.artsro.com/right/enter_view.html?GoIdx=4566&CatNo=74
4558,경리,가수,74,걸그룹 나인뮤지스 출신의 가수 겸 배우!,https://www.artsro.com/right/enter_view.html?GoIdx=4558&CatNo=74
4542,강승윤,가수,74,YG엔터테인먼트 소속 4인조 보이그룹 WINNER의 멤버,https://www.artsro.com/right/enter_view.html?GoIdx=4542&CatNo=74
4540,아이덴티티 (idntt),가수,74,K-POP 루키,https://www.artsro.com/right/enter_view.html?GoIdx=4540&CatNo=74
4535,윤산하,가수,74,가수이자 배우,https://www.artsro.com/right/enter_view.html?GoIdx=4535&CatNo=74
4523,올데이프로젝트(ALLDAY PROJECT),가수,74,소속 5인조 다국적 혼성그룹,https://www.artsro.com/right/enter_view.html?GoIdx=4523&CatNo=74
4509,코르티스(CORTIS),가수,74,2025년 8월 18일에 데뷔한 빅히트 뮤직 소속 5인조 다국적 보이그룹,https://www.artsro.com/right/enter_view.html?GoIdx=4509&CatNo=74
4400,예지,가수,74,JYP엔터테인먼트 소속 5인조 걸그룹 ITZY의 멤버,https://www.artsro.com/right/enter_view.html?GoIdx=4400&CatNo=74
4384,아홉(AHOF),가수,74,9명의 완성형 아이돌,https://www.artsro.com/right/enter_view.html?GoIdx=4384&CatNo=74
4349,ARISE (어라이즈),가수,74,"깨어나다. 떠오르다 어떤 콘셉트든 시작, 변화 성장의 느낌을 줄 수 있음 어둡고 강한 컨셉부터 청량하고 밝은 분위기까지 되는 그룹",https://www.artsro.com/right/enter_view.html?GoIdx=4349&CatNo=74
4337,버비(Burvey),가수,74,키즈 아이돌 그룹에서 프로 아이돌로!,https://www.artsro.com/right/enter_view.html?GoIdx=4337&CatNo=74
4319,이치카,가수,74,"와세다 대학교 출신, 6개국어 구사",https://www.artsro.com/right/enter_view.html?GoIdx=4319&CatNo=74
4295,코쿤 (KOKOON),가수,74,신개념 개그아이돌 그룹 KOKOON입니다!,https://www.artsro.com/right/enter_view.html?GoIdx=4295&CatNo=74
4285,아르비,가수,74,팬들에게 따뜻한 위로와 에너지를 전해주는 존재,https://www.artsro.com/right/enter_view.html?GoIdx=4285&CatNo=74
4213,레인보우 18,가수,74,아이돌 그룹 레인보우의 유닛 팀,https://www.artsro.com/right/enter_view.html?GoIdx=4213&CatNo=74
4197,앳하트(AtHeart),가수,74,2025년 8월 13일 데뷔 이탄콘텐츠 소속 7인조 다국적 걸그룹,https://www.artsro.com/right/enter_view.html?GoIdx=4197&CatNo=74
4194,인피니트,가수,74,"믿고보는 15년차 실력파 아이돌, 인피니트!",https://www.artsro.com/right/enter_view.html?GoIdx=4194&CatNo=74
4178,위나(We;Na),가수,74,위나(We;Na) = 나라는 개인들이 모여 우리가 된다,https://www.artsro.com/right/enter_view.html?GoIdx=4178&CatNo=74
4175,유스피어(USPEER),가수,74,청춘의 다채로운 감정을 공유하는 아이돌 유스피어,https://www.artsro.com/right/enter_view.html?GoIdx=4175&CatNo=74
4145,유아유,가수,74,"2025년 5월 28일에 데뷔한 지유, 수아, 유현으로 이루어진 드림캐쳐의 첫 유닛이다.",https://www.artsro.com/right/enter_view.html?GoIdx=4145&CatNo=74
4135,DOHA(도하),가수,74,"본명 김준우, 떠오르는 신예 아티스트",https://www.artsro.com/right/enter_view.html?GoIdx=4135&CatNo=74
4118,대성(D-LITE),가수,74,"눈을 땔 수 없는 포퍼먼스와 입담, 그룹 빅뱅 멤버이자 솔로 가수 빅뱅",https://www.artsro.com/right/enter_view.html?GoIdx=4118&CatNo=74
4113,하츠투하츠(Hearts2Hearts),가수,74,"(둘~ 셋!) 안녕하세요, Hearts2Hearts입니다!",https://www.artsro.com/right/enter_view.html?GoIdx=4113&CatNo=74
4085,크레이즈엔젤,가수,74,"대유행, 열광, 열정을 의미하는 ‘크레이즈’와 순수의 대명사 ‘엔젤’이 만나다!",https://www.artsro.com/right/enter_view.html?GoIdx=4085&CatNo=74
4076,배드빌런(BADVILLAIN),가수,74,안녕하세요 BADVILLAIN입니다,https://www.artsro.com/right/enter_view.html?GoIdx=4076&CatNo=74
4049,첸(CHEN),가수,74,대한민국의 최고 보이 그룹 EXO의 메인보컬!,https://www.artsro.com/right/enter_view.html?GoIdx=4049&CatNo=74
4047,오드유스(ODD YOUTH),가수,74,독특한 청춘을 대표하는 'ODD YOUTH',https://www.artsro.com/right/enter_view.html?GoIdx=4047&CatNo=74
4037,2NE1 (투애니원),가수,74,언제나 21살처럼 도전적이고 씩씩한 음악을 선보이는 그룹!,https://www.artsro.com/right/enter_view.html?GoIdx=4037&CatNo=74
3979,차오루,가수,74,피에스타 출신 묘족 차오루,https://www.artsro.com/right/enter_view.html?GoIdx=3979&CatNo=74
3969,채린,가수,74,원츄에서 채린으로 솔로 아티스트로 빛나다!,https://www.artsro.com/right/enter_view.html?GoIdx=3969&CatNo=74
3968,일레븐 (E11iVYN),가수,74,빛나는 에너지로 세상을 연결하는 팀!,https://www.artsro.com/right/enter_view.html?GoIdx=3968&CatNo=74
3952,엠프리즘(Mprism),가수,74,7가지의 빛을 낸다는 뜻을 가진 팀!,https://www.artsro.com/right/enter_view.html?GoIdx=3952&CatNo=74
3921,츄 (CHUU),가수,74,"상큼하고 발랄한, '인간 비타민'",https://www.artsro.com/right/enter_view.html?GoIdx=3921&CatNo=74
3842,이즈나 (izna),가수,74,"언제든, 어디서든, 무엇이든 곧 나로서 정의된다는 당찬 자신감과 확신을 담은 그룹!",https://www.artsro.com/right/enter_view.html?GoIdx=3842&CatNo=74
3841,MEOVV (미야오),가수,74,THEBLΛƆKLABEL이 처음으로 런칭한 걸그룹!,https://www.artsro.com/right/enter_view.html?GoIdx=3841&CatNo=74
3825,러브원 (LOVEONE),가수,74,한국 일본 합작 걸그룹!,https://www.artsro.com/right/enter_view.html?GoIdx=3825&CatNo=74
3788,바다 (BADA),가수,74,데뷔 8년차 걸그룹에서 솔로가수로 데뷔한 화려함이 돋보이는 가수!,https://www.artsro.com/right/enter_view.html?GoIdx=3788&CatNo=74
3777,유다연 (You Dayeon),가수,74,트렌디한 감성이 돋보이는 퍼포먼스를 선보이는 솔로 데뷔 가수!,https://www.artsro.com/right/enter_view.html?GoIdx=3777&CatNo=74
3771,82 MAJOR(82 메이저),가수,74,청량미와 강렬함 두 가지의 상반된 컨셉을 보여주는 비주얼 아이돌!,https://www.artsro.com/right/enter_view.html?GoIdx=3771&CatNo=74
3740,이동열 (Lee Dong Yeol),가수,74,그룹 업텐션의 서브 보컬 및 서브 래퍼!,https://www.artsro.com/right/enter_view.html?GoIdx=3740&CatNo=74
3644,정우석 (Jung Woo Seok),가수,74,보이그룹 펜타곤의 메인 래퍼!,https://www.artsro.com/right/enter_view.html?GoIdx=3644&CatNo=74
3617,ARrc (아크),가수,74,미스틱 스토리의 첫 보이 그룹!,https://www.artsro.com/right/enter_view.html?GoIdx=3617&CatNo=74
3588,태양 (TAEYANG),가수,74,"대한민국의 보이그룹 BIGBANG의 멤버로, 팀 내에서 메인보컬, 메인댄서를 맡고 있다.",https://www.artsro.com/right/enter_view.html?GoIdx=3588&CatNo=74
3578,I:MOND (아이몬드),가수,74,다채로운 빛깔로 언제나 반짝이는성장형 아이돌 아이몬드,https://www.artsro.com/right/enter_view.html?GoIdx=3578&CatNo=74
3564,이승훈 (Lee Seung Hoon),가수,74,YG엔터테인먼트 소속 4인조 보이그룹 WINNER의 멤버!,https://www.artsro.com/right/enter_view.html?GoIdx=3564&CatNo=74
3535,이창섭 (Lee Chang Sub),가수,74,대한민국의 가수 겸 뮤지컬 배우이자 보이그룹 비투비의 멤버,https://www.artsro.com/right/enter_view.html?GoIdx=3535&CatNo=74
3534,유니스 (UNIS),가수,74,유니버스가 시작한 우리들의 스토리 'UNIS',https://www.artsro.com/right/enter_view.html?GoIdx=3534&CatNo=74
3532,최시원 (Choi Siwon),가수,74,"대한민국의 가수 겸 배우. 보이그룹 슈퍼주니어의 센터, 서브보컬 멤버",https://www.artsro.com/right/enter_view.html?GoIdx=3532&CatNo=74
3528,휘브 (WHIB),가수,74,7인조 보이그룹!,https://www.artsro.com/right/enter_view.html?GoIdx=3528&CatNo=74
3526,천지 (Chunji),가수,74,'파워보이스' 라는 수식어를 갖고있는 틴탑의 리드보컬 천지,https://www.artsro.com/right/enter_view.html?GoIdx=3526&CatNo=74
3519,진호 (JINHO),가수,74,팬텀싱어4 3위를 기록한 보이그룹 펜타곤의 메인보컬!,https://www.artsro.com/right/enter_view.html?GoIdx=3519&CatNo=74
3518,후이 (Hui),가수,74,"보이그룹 펜타곤의 멤버. 팀의 리더이자 메인보컬, 리드댄서",https://www.artsro.com/right/enter_view.html?GoIdx=3518&CatNo=74
3512,아르테미스 (ARTMS),가수,74,"We rise together, back to the Moon and beyond.",https://www.artsro.com/right/enter_view.html?GoIdx=3512&CatNo=74
3502,피프티 피프티(FIFTY FIFTY),가수,74,리뉴얼 컴백한 어트랙트 소속 5인조 다국적 걸그룹,https://www.artsro.com/right/enter_view.html?GoIdx=3502&CatNo=74
3495,수호 (SUHO),가수,74,여러가지 끼와 재능으로 모든 장르를 이끄는 천상탤런트 '수호',https://www.artsro.com/right/enter_view.html?GoIdx=3495&CatNo=74
3494,제니 (JENNIE),가수,74,"다양한 콘셉트를 소화하는 능력이 있으며 무대 장인, 천상 아이돌",https://www.artsro.com/right/enter_view.html?GoIdx=3494&CatNo=74
3479,엔시티 위시 (NCT WISH),가수,74,"6인조 다국적 보이그룹이자, NCT의 마지막 서브 그룹",https://www.artsro.com/right/enter_view.html?GoIdx=3479&CatNo=74
3459,켄 (Ken),가수,74,4인조 보이그룹 VIXX의 멤버,https://www.artsro.com/right/enter_view.html?GoIdx=3459&CatNo=74
3433,태민 (TAEMIN),가수,74,보이그룹 SHINee와 SuperM의 멤버,https://www.artsro.com/right/enter_view.html?GoIdx=3433&CatNo=74
3431,온유 (ONEW),가수,74,"SHINee 멤버 (리더, 리드보컬)",https://www.artsro.com/right/enter_view.html?GoIdx=3431&CatNo=74
3425,백현 (BAEKHYUN),가수,74,"보이그룹 EXO와 서브 그룹 EXO-K, EXO-CBX 그리고 연합팀 SuperM의 멤버",https://www.artsro.com/right/enter_view.html?GoIdx=3425&CatNo=74
3418,문별(Moon Byul),가수,74,"마마무, 마마무+",https://www.artsro.com/right/enter_view.html?GoIdx=3418&CatNo=74
3391,수진 (SOOJIN),가수,74,,https://www.artsro.com/right/enter_view.html?GoIdx=3391&CatNo=74
3370,NOWZ(나우즈),가수,74,NOWADAYS와 함께하는 지금(NOW)과 새롭게 만들어 갈 일상(DAYS),https://www.artsro.com/right/enter_view.html?GoIdx=3370&CatNo=74
3364,엑신 (X:IN),가수,74,글로벌 K-POP 걸그룹,https://www.artsro.com/right/enter_view.html?GoIdx=3364&CatNo=74
3355,오드아이써클 (OEC),가수,74,이달의소녀 유닛에서 ARTMS의 유닛으로 새롭게 데뷔,https://www.artsro.com/right/enter_view.html?GoIdx=3355&CatNo=74
3339,아일릿 (ILLIT),가수,74,"윤아, 민주, 모카, 원희, 이로하",https://www.artsro.com/right/enter_view.html?GoIdx=3339&CatNo=74
3337,리센느 (RESCENE),가수,74,신인 걸그룹 리센느,https://www.artsro.com/right/enter_view.html?GoIdx=3337&CatNo=74
3311,이스트샤인 (EASTSHINE),가수,74,"Now EAST! SHINE! Hello, we are EASTSHINE!",https://www.artsro.com/right/enter_view.html?GoIdx=3311&CatNo=74
3251,올아워즈 (ALL(H)OURS),가수,74,We show ALL OURS at ALL HOURS,https://www.artsro.com/right/enter_view.html?GoIdx=3251&CatNo=74
3228,8TURN(에잇턴),가수,74,"Whose turn? 8TURN! 안녕하세요, 8TURN입니다 !",https://www.artsro.com/right/enter_view.html?GoIdx=3228&CatNo=74
3223,앰퍼샌드원 (AMPERS&ONE),가수,74,"우리,모두,하나",https://www.artsro.com/right/enter_view.html?GoIdx=3223&CatNo=74
3222,영파씨 (YOUNG POSSE),가수,74,안녕하세요 저희는 YOUNG~~~ PO! SSE! 입니다.,https://www.artsro.com/right/enter_view.html?GoIdx=3222&CatNo=74
3171,투어스 (TWS),가수,74,TWENTY FOUR SEVEN WITH US! 안녕하세요 투어스입니다!,https://www.artsro.com/right/enter_view.html?GoIdx=3171&CatNo=74
3166,승호 (Seungho),가수,74,엠블랙 리더이자 리드보컬,https://www.artsro.com/right/enter_view.html?GoIdx=3166&CatNo=74
3140,화사 (HWASA),가수,74,화사한 화사,https://www.artsro.com/right/enter_view.html?GoIdx=3140&CatNo=74
3137,퍼즐 (PUZZLE),가수,74,한일 합동 걸그룹,https://www.artsro.com/right/enter_view.html?GoIdx=3137&CatNo=74
3084,베이비몬스터 (BABYMONSTER),가수,74,"둘, 셋 안녕하세요, BABYMONSTER입니다!",https://www.artsro.com/right/enter_view.html?GoIdx=3084&CatNo=74
3078,오메가엑스(OMEGA X),가수,74,'오디션 프로그램·기존 보이그룹 출신 멤버들'로 구성된 그룹 오메가엑스.,https://www.artsro.com/right/enter_view.html?GoIdx=3078&CatNo=74
3057,라이즈(RIIZE),가수,74,SM엔터테인먼트 소속의 7인조 다국적 신인 보이그룹,https://www.artsro.com/right/enter_view.html?GoIdx=3057&CatNo=74
3053,위어스 (WEUS),가수,74,"Glowing US! 안녕하세요, 위어스입니다!",https://www.artsro.com/right/enter_view.html?GoIdx=3053&CatNo=74
3052,더윈드(The Wind),가수,74,최연소 보이그룹 '더윈드',https://www.artsro.com/right/enter_view.html?GoIdx=3052&CatNo=74
3044,슈퍼주니어-K.R.Y. (Super Junior-K.R.Y.),가수,74,"규현, 려욱, 예성 슈퍼주니어 3인의 유닛 그룹",https://www.artsro.com/right/enter_view.html?GoIdx=3044&CatNo=74
3028,"솔라(마마무, Solar)",가수,74,"도레미파솔라, 솔라입니다.",https://www.artsro.com/right/enter_view.html?GoIdx=3028&CatNo=74
3017,커맨더맨(CMDM),가수,74,2023년 데뷔한 초신성 아이돌! 커맨더맨입니다,https://www.artsro.com/right/enter_view.html?GoIdx=3017&CatNo=74
2984,BXB,가수,74,수 많은 시간 속에서 가장 소중한 친구를 지키기 위한 다섯 소년들의 아름답고 찬란한 청춘에 대한 이야기.,https://www.artsro.com/right/enter_view.html?GoIdx=2984&CatNo=74
2724,드림노트 (DreamNote),가수,74,"(둘, 셋!)I'm Your Present! 안녕하세요, 드림노트입니다!",https://www.artsro.com/right/enter_view.html?GoIdx=2724&CatNo=74
2721,퀸즈아이 (Queenz Eye),가수,74,여왕의 눈 처럼 빛나는 아이들,https://www.artsro.com/right/enter_view.html?GoIdx=2721&CatNo=74
2718,시우민 (XIUMIN),가수,74,"EXO에서 서브보컬, 서브래퍼을 맡고있다",https://www.artsro.com/right/enter_view.html?GoIdx=2718&CatNo=74
2717,찬열 (Chanyeol),가수,74,EXO의 멤버. 그룹에서 '메인래퍼'를 맡고 있다.,https://www.artsro.com/right/enter_view.html?GoIdx=2717&CatNo=74
2695,제로베이스원 (ZB1),가수,74,"둘, 셋 D1, Be the ONE! 안녕하세요, ZEROBASEONE입니다!",https://www.artsro.com/right/enter_view.html?GoIdx=2695&CatNo=74
2657,엑스디너리 히어로즈 (Xdinary Heroes),가수,74,"We are all Heroes! 안녕하세요, Xdinary Heroes입니다!",https://www.artsro.com/right/enter_view.html?GoIdx=2657&CatNo=74
2639,미미로즈 (mimiirose),가수,74,"Play the rose. 안녕하세요, mimiirose입니다!",https://www.artsro.com/right/enter_view.html?GoIdx=2639&CatNo=74
2634,티아이오티 (T.I.O.T),가수,74,Who's turn our turn! 안녕하세요 TIOT입니다!,https://www.artsro.com/right/enter_view.html?GoIdx=2634&CatNo=74
2623,엔티엑스 (NTX),가수,74,팬들과 함께 성장하는 아티스트,https://www.artsro.com/right/enter_view.html?GoIdx=2623&CatNo=74
2612,키스 오브 라이프 (KISS OF LIFE),가수,74,"안녕하세요, KISS OF LIFE입니다!",https://www.artsro.com/right/enter_view.html?GoIdx=2612&CatNo=74
2607,예린 (Yerin),가수,74,귀엽고 예쁜 외모의 밝은 눈웃음을 가진 육각형 엔터테이너,https://www.artsro.com/right/enter_view.html?GoIdx=2607&CatNo=74
2583,아일리원 (ILY:1),가수,74,"ONE LOVE! 안녕하세요, 아일리원입니다!",https://www.artsro.com/right/enter_view.html?GoIdx=2583&CatNo=74
2564,루네이트 (LUN8),가수,74,"Lunar with us! 안녕하세요, LUN8입니다!",https://www.artsro.com/right/enter_view.html?GoIdx=2564&CatNo=74
2562,블리처스 (BLITZERS),가수,74,"'SHOUT OUT, BLITZERS! 안녕하세요, 블리처스'입니다!",https://www.artsro.com/right/enter_view.html?GoIdx=2562&CatNo=74
2558,비원에이포 (B1A4),가수,74,"Let's Fly, B1A4! 안녕하세요, B1A4입니다!",https://www.artsro.com/right/enter_view.html?GoIdx=2558&CatNo=74
2557,산들 (SANDEUL),가수,74,"B1A4의 멤버, 그리고 배우",https://www.artsro.com/right/enter_view.html?GoIdx=2557&CatNo=74
2556,원위 (ONEWE),가수,74,안녕하세요! 원위입니다!,https://www.artsro.com/right/enter_view.html?GoIdx=2556&CatNo=74
2555,허영지 (YOUNGJI),가수,74,올라운더 엔터테이너,https://www.artsro.com/right/enter_view.html?GoIdx=2555&CatNo=74
2549,보이넥스트도어 (BOYNEXTDOOR),가수,74,"Who’s there?The BOYNEXTDOOR! 안녕하세요, BOYNEXTDOOR입니다!!",https://www.artsro.com/right/enter_view.html?GoIdx=2549&CatNo=74
2548,앤팀 (&TEAM),가수,74,We Link!,https://www.artsro.com/right/enter_view.html?GoIdx=2548&CatNo=74
2547,동방신기 (TVXQ!),가수,74,"안녕하세요, 동방신기입니다!",https://www.artsro.com/right/enter_view.html?GoIdx=2547&CatNo=74
2546,김재중 (KIM JAE JOONG),가수,74,정상급 보컬리스트,https://www.artsro.com/right/enter_view.html?GoIdx=2546&CatNo=74
2543,에이머스(AIMERS),가수,74,보는 이들의 마음을 조준하는 '조준자들',https://www.artsro.com/right/enter_view.html?GoIdx=2543&CatNo=74
2515,양요섭 (YANG YOSEOP),가수,74,하이라이트의 메인보컬,https://www.artsro.com/right/enter_view.html?GoIdx=2515&CatNo=74
2510,하이키(H1-KEY),가수,74,High-key,https://www.artsro.com/right/enter_view.html?GoIdx=2510&CatNo=74
2479,로아(Roa),가수,74,Rock your world !! 록킹돌의 로아입니다,https://www.artsro.com/right/enter_view.html?GoIdx=2479&CatNo=74
2475,에이디야 (ADYA),가수,74,잘 노는 요즘 아이들,https://www.artsro.com/right/enter_view.html?GoIdx=2475&CatNo=74
2474,아이칠린 (ICHILLIN),가수,74,'If you're CHILLIN? I'm Chillin!,https://www.artsro.com/right/enter_view.html?GoIdx=2474&CatNo=74
2450,록킹돌 (Rocking Doll),가수,74,오뚝이처럼 어떤 시련도 이겨내며 오로지 실력으로 전 세계를 흔들 제2의 블랙핑크 록킹돌입니다!!,https://www.artsro.com/right/enter_view.html?GoIdx=2450&CatNo=74
2447,엔시티 도재정 (NCT DOJAEJUNG),가수,74,NCT의 3인조 유닛그룹,https://www.artsro.com/right/enter_view.html?GoIdx=2447&CatNo=74
2441,김채원 (Kim Chaewon),가수,74,안녕하세요!! 허니챈의 채원입니다!!,https://www.artsro.com/right/enter_view.html?GoIdx=2441&CatNo=74
2434,트리플에스 (tripleS),가수,74,우리는 하나이자 스물넷입니다.,https://www.artsro.com/right/enter_view.html?GoIdx=2434&CatNo=74
2427,라잇썸 (LIGHTSUM),가수,74,"'LIGHTSUM! 안녕하세요, LIGHTSUM입니다!'",https://www.artsro.com/right/enter_view.html?GoIdx=2427&CatNo=74
2425,이펙스(EPEX),가수,74,CIX의 뒤를 잇는 C9엔터테인먼트의 2번째 보이그룹 EPEX!!,https://www.artsro.com/right/enter_view.html?GoIdx=2425&CatNo=74
2424,엔싸인 (n.SSign),가수,74,"인사 드리겠습니다. 둘 셋! net of Star Sign 안녕하세요, 엔싸인 입니다!",https://www.artsro.com/right/enter_view.html?GoIdx=2424&CatNo=74
2423,엘라스트 (E'LAST),가수,74,'2! 3! Return! E'LAST! 안녕하세요 E'LAST입니다!',https://www.artsro.com/right/enter_view.html?GoIdx=2423&CatNo=74
2422,킹덤 (KINGDOM),가수,74,Open the gate,https://www.artsro.com/right/enter_view.html?GoIdx=2422&CatNo=74
2419,엑스지 (XG),가수,74,새로운 장르 'X-POP'의 선두주자,https://www.artsro.com/right/enter_view.html?GoIdx=2419&CatNo=74
2416,싸이커스 (xikers),가수,74,"“Trick or Hike! 안녕하세요, xikers입니다!”",https://www.artsro.com/right/enter_view.html?GoIdx=2416&CatNo=74
2414,이채연 (LEE CHAEYEON),가수,74,깃털채연,https://www.artsro.com/right/enter_view.html?GoIdx=2414&CatNo=74
2375,유겸 (YUGYEOM),가수,74,"7인조 보이그룹 GOT7의 메인댄서, 보컬 & AOMG 아티스트 유겸.",https://www.artsro.com/right/enter_view.html?GoIdx=2375&CatNo=74
2297,첫사랑(CSR),가수,74,10대 동갑으로만 이루어져 있기에 볼 수 있는 TEEN케미!! 안녕하세요 첫사랑입니다!!,https://www.artsro.com/right/enter_view.html?GoIdx=2297&CatNo=74
2255,이민욱 (LEE MINWOOK),가수,74,보이그룹 뉴키드 맴버,https://www.artsro.com/right/enter_view.html?GoIdx=2255&CatNo=74
2198,마마무 플러스 (MAMAMOO PLUS),가수,74,솔라와 문별의 마마무 첫 공식 유닛,https://www.artsro.com/right/enter_view.html?GoIdx=2198&CatNo=74
2175,더뉴식스(TNX),가수,74,ALL THE WAY UP!,https://www.artsro.com/right/enter_view.html?GoIdx=2175&CatNo=74
2164,샤이니 (SHINEE),가수,74,"안녕하세요, 빛나는 샤이니입니다!",https://www.artsro.com/right/enter_view.html?GoIdx=2164&CatNo=74
2162,있지(ITZY),가수,74,너희가 원하는 거 전부 있지? 있지!,https://www.artsro.com/right/enter_view.html?GoIdx=2162&CatNo=74
2152,르세라핌 (LE SSERAFIM),가수,74,"두려움 없이 앞으로 나아가는, ‘IM FEARLESS’ LE SSERAFIM",https://www.artsro.com/right/enter_view.html?GoIdx=2152&CatNo=74
2142,렌 (Ren),가수,74,연꽃처럼 맑고 깨끗한 뉴이스트 출신의 솔로 아티스트,https://www.artsro.com/right/enter_view.html?GoIdx=2142&CatNo=74
2123,엑소 세훈-찬열 (EXO-SC),가수,74,EXO의 두 번째 유닛이자 첫 듀오!,https://www.artsro.com/right/enter_view.html?GoIdx=2123&CatNo=74
2122,첸백시 (EXO-CBX),가수,74,We are One! 안녕하세요 첸백시입니다!,https://www.artsro.com/right/enter_view.html?GoIdx=2122&CatNo=74
2120,카이(KAI),가수,74,"눈을 뗄 수 없는 퍼포먼스, 엑소의 센터에서 솔로 아티스트로!",https://www.artsro.com/right/enter_view.html?GoIdx=2120&CatNo=74
2104,프림로즈 (PRIMROSE),가수,74,"신인 댄스 듀오, 프림로즈",https://www.artsro.com/right/enter_view.html?GoIdx=2104&CatNo=74
2010,최수환 (Su Hwan Choi),가수,74,"가창과 댄스,연기까지 고루 재능을 갖춘 올라운더 아티스트",https://www.artsro.com/right/enter_view.html?GoIdx=2010&CatNo=74
1737,조유리 (JO YURI),가수,74,아이즈원 메인보컬 출신의 솔로 가수,https://www.artsro.com/right/enter_view.html?GoIdx=1737&CatNo=74
1664,배드키즈,가수,74,B!A!D! KIZ!,https://www.artsro.com/right/enter_view.html?GoIdx=1664&CatNo=74
1661,이민혁 (LEE MINHYUK),가수,74,아이돌 비투비의 메인래퍼,https://www.artsro.com/right/enter_view.html?GoIdx=1661&CatNo=74
1647,이성종 (LEE SEONG JONG),가수,74,보이그룹 인피니트의 막내,https://www.artsro.com/right/enter_view.html?GoIdx=1647&CatNo=74
1580,최예나 (YENA),가수,74,YE to the NA!,https://www.artsro.com/right/enter_view.html?GoIdx=1580&CatNo=74
1575,우즈(WOODZ),가수,74,랩과 보컬 두 가지를 모두 잘 소화해내는 올라운더,https://www.artsro.com/right/enter_view.html?GoIdx=1575&CatNo=74
1574,태연 (TAE YEON),가수,74,"풍부한 감성, 시원하고 큰 성량, 넓은 음역대와 엄청난 장르 스펙트럼의 탈아이돌급 가수",https://www.artsro.com/right/enter_view.html?GoIdx=1574&CatNo=74
1542,권은비 (KWON EUNBI),가수,74,IZ*ONE의 리더이자 밸런스 캐릭터,https://www.artsro.com/right/enter_view.html?GoIdx=1542&CatNo=74
1541,드리핀(DRIPPIN),가수,74,"화려한 비주얼, 완벽한 퍼포먼스와 가창력 등 다채로운 매력의 아이돌",https://www.artsro.com/right/enter_view.html?GoIdx=1541&CatNo=74
1540,남우현 (NAM WOO HYUN),가수,74,풍부한 음색과 시원스럽고 남성적인 고음 창법의 소유자,https://www.artsro.com/right/enter_view.html?GoIdx=1540&CatNo=74
1538,씨엔블루 (CNBLUE),가수,74,Code Name BLUE,https://www.artsro.com/right/enter_view.html?GoIdx=1538&CatNo=74
1536,시크릿넘버 (SECRET NUMBER),가수,74,What's Your Number~,https://www.artsro.com/right/enter_view.html?GoIdx=1536&CatNo=74
1535,유나이트(YOUNITE),가수,74,Y-O-UNITE!,https://www.artsro.com/right/enter_view.html?GoIdx=1535&CatNo=74
1509,하성운 (Ha Sung Woon),가수,74,"귀를 사로잡는 매력적인 음색, 탄탄한 발성과 시원시원한 가창력의 가수",https://www.artsro.com/right/enter_view.html?GoIdx=1509&CatNo=74
1508,비비지(VIVIZ),가수,74,여자친구 멤버들이 재결합해 탄탄한 실력과 성숙해진 매력으로 무대를 장악하는 걸그룹,https://www.artsro.com/right/enter_view.html?GoIdx=1508&CatNo=74
1506,위아이(Wei),가수,74,We are WEi!,https://www.artsro.com/right/enter_view.html?GoIdx=1506&CatNo=74
1497,클라씨(CLASS:y),가수,74,방과후 설렘에서 선발된 걸그룹,https://www.artsro.com/right/enter_view.html?GoIdx=1497&CatNo=74
1477,P1Harmony(피원하모니),가수,74,Plus Everything,https://www.artsro.com/right/enter_view.html?GoIdx=1477&CatNo=74
1471,에버글로우(EVERGLOW),가수,74,언제나 빛나는 소녀들,https://www.artsro.com/right/enter_view.html?GoIdx=1471&CatNo=74
1470,TEMPEST(템페스트),가수,74,밝은 에너지와 파워풀한 퍼포먼스로 가요계를 휩쓸 그룹,https://www.artsro.com/right/enter_view.html?GoIdx=1470&CatNo=74
1466,김우석 (Kim Woo Seok),가수,74,그룹'업텐션'의 센터,https://www.artsro.com/right/enter_view.html?GoIdx=1466&CatNo=74
1465,이진혁 (Lee Jin Hyuk),가수,74,그룹(업텐션)의 리드래퍼,https://www.artsro.com/right/enter_view.html?GoIdx=1465&CatNo=74
1463,엠씨앤디 (MCND),가수,74,"Don't move, Freeze! Music Creates New Dream",https://www.artsro.com/right/enter_view.html?GoIdx=1463&CatNo=74
1461,다크비(DKB),가수,74,Move the Crowd!,https://www.artsro.com/right/enter_view.html?GoIdx=1461&CatNo=74
1457,고스트9 (GHOST9),가수,74,모험심이 강한 9명의 소년들,https://www.artsro.com/right/enter_view.html?GoIdx=1457&CatNo=74
1450,비에이이일칠삼 (BAE173),가수,74,Before Anyone Else,https://www.artsro.com/right/enter_view.html?GoIdx=1450&CatNo=74
1449,에이스(A.C.E),가수,74,"Set to be a hero, A.C.E!",https://www.artsro.com/right/enter_view.html?GoIdx=1449&CatNo=74
1445,티에프앤 (TFN),가수,74,Nine boys appear,https://www.artsro.com/right/enter_view.html?GoIdx=1445&CatNo=74
1381,빌리(Billlie),가수,74,Belllie've you!,https://www.artsro.com/right/enter_view.html?GoIdx=1381&CatNo=74
1380,베리베리(VERIVERY),가수,74,"Let's Face Who We Are! Various, Energetic, Real, Innovation",https://www.artsro.com/right/enter_view.html?GoIdx=1380&CatNo=74
1379,크래비티(CRAVITY),가수,74,Get Closer! Center of Gravity,https://www.artsro.com/right/enter_view.html?GoIdx=1379&CatNo=74
1378,디케이지 (DKZ),가수,74,From East to World!,https://www.artsro.com/right/enter_view.html?GoIdx=1378&CatNo=74
1314,씨아이엑스 (CIX),가수,74,Complete In X,https://www.artsro.com/right/enter_view.html?GoIdx=1314&CatNo=74
1299,에이티즈 (ATEEZ),가수,74,8 makes 1 team! 10대들의 모든 것!,https://www.artsro.com/right/enter_view.html?GoIdx=1299&CatNo=74
1297,비투비 (BTOB),가수,74,Born to Beat!,https://www.artsro.com/right/enter_view.html?GoIdx=1297&CatNo=74
1294,엔하이픈 (ENHYPEN),가수,74,(ONE TWO) CONNECT! 안녕하세요. 엔하이픈입니다.,https://www.artsro.com/right/enter_view.html?GoIdx=1294&CatNo=74
1293,더보이즈 (THE BOYZ),가수,74,Best We THE BOYZ,https://www.artsro.com/right/enter_view.html?GoIdx=1293&CatNo=74
1290,케플러 (Kep1er),가수,74,"Catch your eye, Catch your mind!",https://www.artsro.com/right/enter_view.html?GoIdx=1290&CatNo=74
1249,엔시티(NCT),가수,74,"TO THE WORLD, 여기는 NCT!",https://www.artsro.com/right/enter_view.html?GoIdx=1249&CatNo=74
1243,하이라이트 (Highlight),가수,74,비스트 원년멤버가 재결성한 그룹,https://www.artsro.com/right/enter_view.html?GoIdx=1243&CatNo=74
1237,엔믹스 (NMIXX),가수,74,"안녕하세요, NMIXX입니다!",https://www.artsro.com/right/enter_view.html?GoIdx=1237&CatNo=74
1236,스테이씨 (STAYC),가수,74,"STAYC girls, it's going down",https://www.artsro.com/right/enter_view.html?GoIdx=1236&CatNo=74
1233,강다니엘 (KANG DANIEL),가수,74,아이돌 산업의 역사를 새로  쓰는 유망주,https://www.artsro.com/right/enter_view.html?GoIdx=1233&CatNo=74
1232,에스파 (aespa),가수,74,"Be MY æ! 안녕하세요, aespa입니다!",https://www.artsro.com/right/enter_view.html?GoIdx=1232&CatNo=74
1231,트레저(TREASURE),가수,74,Find your Treasure!,https://www.artsro.com/right/enter_view.html?GoIdx=1231&CatNo=74
1229,전소미 (JEON SOMI),가수,74,프로듀스 101 시즌1의 우승자,https://www.artsro.com/right/enter_view.html?GoIdx=1229&CatNo=74
1228,아이브 (IVE),가수,74,Dive into IVE,https://www.artsro.com/right/enter_view.html?GoIdx=1228&CatNo=74
1151,전효성 (Jun Hyo Seong),가수,74,"솔직하고 당당한 원조군통령,",https://www.artsro.com/right/enter_view.html?GoIdx=1151&CatNo=74
1140,투모로우바이투게더 (TXT),가수,74,차기 BTS를 꿈꾸는 BTS의 동생그룹,https://www.artsro.com/right/enter_view.html?GoIdx=1140&CatNo=74
1033,브브걸(BBGIRLS),가수,74,트렌디한 노래로 완성도 높은 무대를 보여준다 '브레이브걸스',https://www.artsro.com/right/enter_view.html?GoIdx=1033&CatNo=74
1012,틴탑 (TEEN TOP),가수,74,한계를 뛰어 넘는다 군무 종결자 '틴탑',https://www.artsro.com/right/enter_view.html?GoIdx=1012&CatNo=74
1004,프로미스나인 (fromis_9),가수,74,풋풋하고 상큼한 비주얼 청량한 노래로 다가온 '프로미스나인',https://www.artsro.com/right/enter_view.html?GoIdx=1004&CatNo=74
957,아이들 (I-DLE),가수,74,상큼하고 깜찍하다 개성 넘치는 매력적인 '(여자)아이들',https://www.artsro.com/right/enter_view.html?GoIdx=957&CatNo=74
535,엑소(EXO),가수,74,그 무엇도 필요없다 넘사벽 기록제조기 '엑소',https://www.artsro.com/right/enter_view.html?GoIdx=535&CatNo=74
334,위너(WINNER),가수,74,항상 새로운 도전을 한다 믿고 듣는 우리는 'WINNER',https://www.artsro.com/right/enter_view.html?GoIdx=334&CatNo=74
294,레드벨벳(Red Velvet),가수,74,강렬하고 매혹적인 레드와 클래식하고 부드러운 벨벳이 만나 '레드벨벳'이 전세계를 매료시킨다.,https://www.artsro.com/right/enter_view.html?GoIdx=294&CatNo=74
201,오마이걸(OH MY GIRL),가수,74,멈추지 않는 기세로 늘 새로운 변화를 추구하는 봄의 요정 K-POP 대세 걸그룹,https://www.artsro.com/right/enter_view.html?GoIdx=201&CatNo=74
324,에디킴,가수,75,음악 노예 영혼까지 담아 노래를 부른다 '에디킴',https://www.artsro.com/right/enter_view.html?GoIdx=324&CatNo=75
3803,YUL2 (율),가수,75,몽한적인 느낌의 R&B 음악을 하는 가수!,https://www.artsro.com/right/enter_view.html?GoIdx=3803&CatNo=75
935,지세희,가수,75,폭발적인 가창력 매력적인 보이스~ 팬들과 공감하고 소통하는 라이브 감성보컬,https://www.artsro.com/right/enter_view.html?GoIdx=935&CatNo=75
220,임창정,가수,75,엄청난 고음에도 흔들리지 않는 라이브 실력을 갖춘 가수!,https://www.artsro.com/right/enter_view.html?GoIdx=220&CatNo=75
270,거미,가수,75,OST의 여왕 발라드의 여왕,https://www.artsro.com/right/enter_view.html?GoIdx=270&CatNo=75
275,김범수,가수,75,얼굴없는 가수에서 비주얼 가수로 보컬의 정석 발라드의 황제 '김범수',https://www.artsro.com/right/enter_view.html?GoIdx=275&CatNo=75
221,황치열,가수,75,호소력 있는 음색과 파워풀한 가창력으로 한국과 중국을 사로잡은 가수!,https://www.artsro.com/right/enter_view.html?GoIdx=221&CatNo=75
213,미교,가수,75,"천만리뷰 가수, 답가여신",https://www.artsro.com/right/enter_view.html?GoIdx=213&CatNo=75
209,벤,가수,75,작은 몸에서 뿜어져 나오는 폭발적인 가창력!,https://www.artsro.com/right/enter_view.html?GoIdx=209&CatNo=75
212,우디(Woody),가수,75,싱글 '이 노래가 클럽에서 나온다면'을 발표해 차트 1위에 오르면서 화제가 되었다.,https://www.artsro.com/right/enter_view.html?GoIdx=212&CatNo=75
336,노을(Noel),가수,75,'노을'빛에 물들다 감미로운 목소리에 물들다.,https://www.artsro.com/right/enter_view.html?GoIdx=336&CatNo=75
305,성시경,가수,75,감미로운 목소리 감성 발라드의 황태자 '성시경',https://www.artsro.com/right/enter_view.html?GoIdx=305&CatNo=75
335,테이,가수,75,꿈꾸게 만드는 목소리 명실상부 발라드 황태자 '테이',https://www.artsro.com/right/enter_view.html?GoIdx=335&CatNo=75
222,장덕철,가수,75,대한 민국 최고의 감성 보컬그룹!!,https://www.artsro.com/right/enter_view.html?GoIdx=222&CatNo=75
223,닐로(Nilo),가수,75,2018년 상반기 역주행의 주인공으로 떠오른 가수!!,https://www.artsro.com/right/enter_view.html?GoIdx=223&CatNo=75
517,손승연,가수,75,"호소력 짙은 깊어진 감성, 성숙해진 가창력 차세대 명품 보컬 '손승연'",https://www.artsro.com/right/enter_view.html?GoIdx=517&CatNo=75
224,린,가수,75,독특한 음색으로 전세계 사람들 마음을 울리는 가수 '린',https://www.artsro.com/right/enter_view.html?GoIdx=224&CatNo=75
281,김태우,가수,75,GOD에서 솔로로 성공한 최고의 소울 가수 '김태우',https://www.artsro.com/right/enter_view.html?GoIdx=281&CatNo=75
310,알리(ALI),가수,75,독특한 음색으로 가요계의 가창력 알파고 '알리',https://www.artsro.com/right/enter_view.html?GoIdx=310&CatNo=75
307,소유,가수,75,허스키한 목소리가 매력적인 그녀 OST와 콜라보의 여신 '소유',https://www.artsro.com/right/enter_view.html?GoIdx=307&CatNo=75
277,김용진,가수,75,아름다운 가수 '김용진',https://www.artsro.com/right/enter_view.html?GoIdx=277&CatNo=75
555,레이디 제인,가수,75,홍대여신에서 심쿵여신으로 매력발산 팔방미인 '레이디제인',https://www.artsro.com/right/enter_view.html?GoIdx=555&CatNo=75
483,허각,가수,75,최고의 감성 보컬 감성을 울리는 목소리 슈퍼스타 '허각',https://www.artsro.com/right/enter_view.html?GoIdx=483&CatNo=75
238,케이윌(K.will),가수,75,명실상부 탑클래스 보컬 'K.will',https://www.artsro.com/right/enter_view.html?GoIdx=238&CatNo=75
610,박재정,가수,75,선굵은 목소리 매력적인 중저음의 가창력 슈퍼스타 '박재정',https://www.artsro.com/right/enter_view.html?GoIdx=610&CatNo=75
614,제아,가수,75,뛰어난 가창력과 음악적 역량을 갖춘 실력파 보컬 저스트 '제아',https://www.artsro.com/right/enter_view.html?GoIdx=614&CatNo=75
581,박지헌,가수,75,대중들의 귀를 즐겁게 해주는 명품 보이스 6남매아빠 '박지헌',https://www.artsro.com/right/enter_view.html?GoIdx=581&CatNo=75
382,유성은,가수,75,특유의 개성있는 목소리로 한국적인 느낌이 고루 배어있는 알앤비 보컬 '유성은',https://www.artsro.com/right/enter_view.html?GoIdx=382&CatNo=75
319,전초아(란),가수,75,감성 보컬의 여신이 돌아왔다 '전초아',https://www.artsro.com/right/enter_view.html?GoIdx=319&CatNo=75
407,유미,가수,75,애절한 보이스로 마음을 녹인다 고음의여신 '유미',https://www.artsro.com/right/enter_view.html?GoIdx=407&CatNo=75
609,민서,가수,75,좋아~ 포텐 터졌다 다재다능하다 떠오르는 슈퍼루키 '민서',https://www.artsro.com/right/enter_view.html?GoIdx=609&CatNo=75
235,김소년,가수,75,가수 및 뮤지컬배우,https://www.artsro.com/right/enter_view.html?GoIdx=235&CatNo=75
1168,정수연,가수,75,"보이스퀸 최종우승, 보이스퀸 정수연",https://www.artsro.com/right/enter_view.html?GoIdx=1168&CatNo=75
4814,투빅(2BiC),가수,75,풍부한 성량과 가창력을 가진 남성 듀오,https://www.artsro.com/right/enter_view.html?GoIdx=4814&CatNo=75
4755,성태(포스트맨),가수,75,그룹 포스트맨에서 솔로 가수 성태,https://www.artsro.com/right/enter_view.html?GoIdx=4755&CatNo=75
4633,에코브릿지(Ecobridge),가수,75,OST와 앨범 작업을 통해 대중성과 작품성을 잡은 아티스트,https://www.artsro.com/right/enter_view.html?GoIdx=4633&CatNo=75
4584,권순관,가수,75,권순관은 시간과 감정을 노래로 기록하는 믿고 듣는 뮤지션,https://www.artsro.com/right/enter_view.html?GoIdx=4584&CatNo=75
4361,신용재,가수,75,괴물같은 가창력을 가진 'Monster Vocal',https://www.artsro.com/right/enter_view.html?GoIdx=4361&CatNo=75
4281,가비엔제이,가수,75,노래 자체로 승부하는 실력파 보컬그룹,https://www.artsro.com/right/enter_view.html?GoIdx=4281&CatNo=75
4275,예빈나다,가수,75,대한민국의 VLOG와 노래 커버를 콘텐츠로 삼는 유튜버 출신 가수,https://www.artsro.com/right/enter_view.html?GoIdx=4275&CatNo=75
4224,순순희,가수,75,호소력 짙은 목소리와 대중의 공감과 감성을 사로잡는 3인조 발라드 그룹,https://www.artsro.com/right/enter_view.html?GoIdx=4224&CatNo=75
4189,#안녕,가수,75,음색이 매력적인 가수,https://www.artsro.com/right/enter_view.html?GoIdx=4189&CatNo=75
4180,일레인,가수,75,대한민국의 싱어송라이터이자 OST의 대표자,https://www.artsro.com/right/enter_view.html?GoIdx=4180&CatNo=75
4086,전상근,가수,75,파워풀 하면서도 부드럽고 담배한 음색이 특기인 가수!,https://www.artsro.com/right/enter_view.html?GoIdx=4086&CatNo=75
4070,조째즈,가수,75,모르시나요의 커버 곡으로 음원 차트 상위권에 도달한 가수!,https://www.artsro.com/right/enter_view.html?GoIdx=4070&CatNo=75
3990,신예영,가수,75,"슈퍼스타K7 출신으로, 애절한 목소리가 돋보이는 가수!",https://www.artsro.com/right/enter_view.html?GoIdx=3990&CatNo=75
3989,이창민,가수,75,2AM의 맏형이자 메인보컬!,https://www.artsro.com/right/enter_view.html?GoIdx=3989&CatNo=75
3980,박현규,가수,75,"브로맨스, 싱어게인2, 프로듀서로도 활동중인 박현규",https://www.artsro.com/right/enter_view.html?GoIdx=3980&CatNo=75
3860,남궁현,가수,75,너의 목소리가 보여 9 에서 제 2의 허각으로 불린 가수!,https://www.artsro.com/right/enter_view.html?GoIdx=3860&CatNo=75
3859,탁송이,가수,75,"깨끗한 음색, 짙은 호소력을 지니고 있는 가수!",https://www.artsro.com/right/enter_view.html?GoIdx=3859&CatNo=75
3791,오현우,가수,75,훈훈한 비주얼과 달달한 가창력으로 화제가 된 가수!,https://www.artsro.com/right/enter_view.html?GoIdx=3791&CatNo=75
3702,미리,가수,75,매력적인 보이스와 감성을 지닌 가수!,https://www.artsro.com/right/enter_view.html?GoIdx=3702&CatNo=75
3701,이민정,가수,75,판타스틱 듀오 에일리 편 우승자!,https://www.artsro.com/right/enter_view.html?GoIdx=3701&CatNo=75
3700,진민호,가수,75,뛰어난 가창력을 보유한 MBC 대학가요제 대상 출신!,https://www.artsro.com/right/enter_view.html?GoIdx=3700&CatNo=75
3699,이재환,가수,75,보이 그룹 빅스의 메인 보컬!,https://www.artsro.com/right/enter_view.html?GoIdx=3699&CatNo=75
3683,손이지유,가수,75,손승연X이예준X지세희X유성은 최강 보컬 조합!,https://www.artsro.com/right/enter_view.html?GoIdx=3683&CatNo=75
3682,김보경,가수,75,탄탄한 고음을 소유한 OST의 여왕!,https://www.artsro.com/right/enter_view.html?GoIdx=3682&CatNo=75
3625,오전:오후,가수,75,다비치를 이을 국내 여성 듀오!,https://www.artsro.com/right/enter_view.html?GoIdx=3625&CatNo=75
3582,김진호,가수,75,"대한민국의 가수. 3인조 남성 보컬그룹 SG워너비의 멤버이며, 메인보컬",https://www.artsro.com/right/enter_view.html?GoIdx=3582&CatNo=75
3569,윤토벤,가수,75,"대한민국의 프로듀서이자, 싱어송라이터!",https://www.artsro.com/right/enter_view.html?GoIdx=3569&CatNo=75
3568,에릭남,가수,75,대한민국과 미국에서 활동하는 한국계 미국인 가수.,https://www.artsro.com/right/enter_view.html?GoIdx=3568&CatNo=75
3533,황가람,가수,75,"차세대 임재범 - 떠오르는 발라더, 장르불문 멀티플레이어로 작곡가들이 탐내는 아티스트",https://www.artsro.com/right/enter_view.html?GoIdx=3533&CatNo=75
3523,허용별,가수,75,"허각, 신용재, 임한별이 모여 결성한 프로젝트 그룹 '허용별'",https://www.artsro.com/right/enter_view.html?GoIdx=3523&CatNo=75
3487,이하린,가수,75,다재다능한 가수 겸 뮤지컬 배우 이하린,https://www.artsro.com/right/enter_view.html?GoIdx=3487&CatNo=75
3486,권지은,가수,75,"감성적인 음색 , 걸그룹 출신 발라더 권지은",https://www.artsro.com/right/enter_view.html?GoIdx=3486&CatNo=75
3376,심규선,가수,75,대한민국의 싱어송라이터,https://www.artsro.com/right/enter_view.html?GoIdx=3376&CatNo=75
3331,그렉,가수,75,특유의 소울을 바탕으로 모든 노래를 '그렉화' 시키는 뮤직 크리에이터,https://www.artsro.com/right/enter_view.html?GoIdx=3331&CatNo=75
3310,이현섭,가수,75,現 N.E.X.T utd 보컬 & LHS-Band 보컬,https://www.artsro.com/right/enter_view.html?GoIdx=3310&CatNo=75
3202,SG워너비,가수,75,소몰이창법으로 2000년대 중후반을 휩쓴 발라드 그룹,https://www.artsro.com/right/enter_view.html?GoIdx=3202&CatNo=75
3155,김재환 (Kim Jaehwan),가수,75,치명적인 가창력과 풍부한 감성을 지닌 ‘보컬리스트 김재환’,https://www.artsro.com/right/enter_view.html?GoIdx=3155&CatNo=75
3123,이영현,가수,75,빅마마의 멤버이자 작곡가 겸 싱어송라이터,https://www.artsro.com/right/enter_view.html?GoIdx=3123&CatNo=75
2976,리치,가수,75,대표 프로듀서겸 뛰어난 보컬리스트,https://www.artsro.com/right/enter_view.html?GoIdx=2976&CatNo=75
2685,장혜진,가수,75,발라드 여제,https://www.artsro.com/right/enter_view.html?GoIdx=2685&CatNo=75
2614,임재현 (LIM JAE HYUN),가수,75,탄탄한 가창력위에 애절한 고음,https://www.artsro.com/right/enter_view.html?GoIdx=2614&CatNo=75
2597,규현,가수,75,달달한 목소리의 발라더,https://www.artsro.com/right/enter_view.html?GoIdx=2597&CatNo=75
2574,클랑 (KLANG),가수,75,'클랑'은 독일어로 '소리'란 뜻,https://www.artsro.com/right/enter_view.html?GoIdx=2574&CatNo=75
2572,KCM(케이씨엠),가수,75,대한민국 가수이자 기업인 KCM,https://www.artsro.com/right/enter_view.html?GoIdx=2572&CatNo=75
2570,박원,가수,75,듀오 원모어찬스 출신 가수 박원,https://www.artsro.com/right/enter_view.html?GoIdx=2570&CatNo=75
2484,김연지,가수,75,시간을 넘나드는 선명한 감성을 지닌 보컬리스트,https://www.artsro.com/right/enter_view.html?GoIdx=2484&CatNo=75
2472,탑현,가수,75,가수이자 유튜브에서 노래를 커버하는 유튜브 크리에이터 탑현.,https://www.artsro.com/right/enter_view.html?GoIdx=2472&CatNo=75
2471,주호,가수,75,뛰어난 가창력과 애절한 목소리의 싱어송라이터 주호,https://www.artsro.com/right/enter_view.html?GoIdx=2471&CatNo=75
2470,정효빈,가수,75,차세대 발라드 여신,https://www.artsro.com/right/enter_view.html?GoIdx=2470&CatNo=75
2469,잠골버스,가수,75,가수이자 키업을 메인으로 하는 음악 유튜브 크리에이터이다.,https://www.artsro.com/right/enter_view.html?GoIdx=2469&CatNo=75
2468,반하나,가수,75,애절한 음색과 감정선이 드라마틱한 여성 발라더 반하나.,https://www.artsro.com/right/enter_view.html?GoIdx=2468&CatNo=75
2449,어반자카파,가수,75,눈에 띄고 변화를 추구하고 열정적인 3인조 혼성그룹,https://www.artsro.com/right/enter_view.html?GoIdx=2449&CatNo=75
2396,이지훈,가수,75,"가수,배우,뮤지컬배우 이지훈",https://www.artsro.com/right/enter_view.html?GoIdx=2396&CatNo=75
2337,라라 베니또,가수,75,안녕하세요. 스페인에서 온 라라 베니또 입니다.,https://www.artsro.com/right/enter_view.html?GoIdx=2337&CatNo=75
2336,정유경(루머스),가수,75,3인조 혼성그룹 루머스의 메인보컬 정유경입니다.,https://www.artsro.com/right/enter_view.html?GoIdx=2336&CatNo=75
2335,비쥬,가수,75,"안녕하세요. 주민,문윤진의 혼성그룹 비쥬 입니다.",https://www.artsro.com/right/enter_view.html?GoIdx=2335&CatNo=75
2334,이지(IZI),가수,75,안녕하세요 그룹 이지(IZI)의 보컬 오진성입니다.,https://www.artsro.com/right/enter_view.html?GoIdx=2334&CatNo=75
2220,홍대광,가수,75,홍대 사는 홍대광입니다.,https://www.artsro.com/right/enter_view.html?GoIdx=2220&CatNo=75
2219,솔지,가수,75,안녕하세요 솔지입니다.,https://www.artsro.com/right/enter_view.html?GoIdx=2219&CatNo=75
2216,김찬호,가수,75,안녕하세요 김찬호입니다.,https://www.artsro.com/right/enter_view.html?GoIdx=2216&CatNo=75
2206,디셈버(DK),가수,75,실력파 고음 종결자,https://www.artsro.com/right/enter_view.html?GoIdx=2206&CatNo=75
2205,이보람,가수,75,천상계 고음 종결자,https://www.artsro.com/right/enter_view.html?GoIdx=2205&CatNo=75
2111,리누,가수,75,"너목보 출연, 보이스킹 우승의 실력파 발라드 가수",https://www.artsro.com/right/enter_view.html?GoIdx=2111&CatNo=75
1732,경서,가수,75,청량하지만 호소력 짙은 보컬,https://www.artsro.com/right/enter_view.html?GoIdx=1732&CatNo=75
1696,윤민수(바이브),가수,75,하늘이 허락한 천상의 목소리,https://www.artsro.com/right/enter_view.html?GoIdx=1696&CatNo=75
1657,이예준,가수,75,보이스 코리아2의 우승자 출신 가수,https://www.artsro.com/right/enter_view.html?GoIdx=1657&CatNo=75
1642,박새별,가수,75,고학력 싱어송라이터,https://www.artsro.com/right/enter_view.html?GoIdx=1642&CatNo=75
1640,루시드폴,가수,75,"서정적인 곡과 가사, 어쿠스틱 음악을 하는 다재다능 뮤지션",https://www.artsro.com/right/enter_view.html?GoIdx=1640&CatNo=75
1634,이가은(페이지),가수,75,[음원 최강자] OST 여왕 이가은,https://www.artsro.com/right/enter_view.html?GoIdx=1634&CatNo=75
1613,임한별,가수,75,먼데이키즈 출신 솔로 전향한 발라드 가수,https://www.artsro.com/right/enter_view.html?GoIdx=1613&CatNo=75
1607,김도희,가수,75,사이다 고음과 감성을 모두 갖춘 흔치 않은 실력자,https://www.artsro.com/right/enter_view.html?GoIdx=1607&CatNo=75
1606,김한결,가수,75,짙어진 감성과 깊어진 감정선을 가진 가수,https://www.artsro.com/right/enter_view.html?GoIdx=1606&CatNo=75
1579,곽진언,가수,75,저음이 주는 감동을 선사하는 싱어송라이터,https://www.artsro.com/right/enter_view.html?GoIdx=1579&CatNo=75
1578,존박,가수,75,"낮고 풍부한 울림의 매력적인 보이스,",https://www.artsro.com/right/enter_view.html?GoIdx=1578&CatNo=75
1568,한동근,가수,75,터프한 중저음과 고음마저 커버하는 폭 넓은 음역대를 가진 보이스,https://www.artsro.com/right/enter_view.html?GoIdx=1568&CatNo=75
1543,먼데이키즈 (이진성),가수,75,남성 실력파 보컬이자 명곡 제조기,https://www.artsro.com/right/enter_view.html?GoIdx=1543&CatNo=75
1512,윤종신,가수,75,"대한민국 음악가, 예능인, 기획자",https://www.artsro.com/right/enter_view.html?GoIdx=1512&CatNo=75
1511,이프(2F),가수,75,두 명의 두 번째시작,https://www.artsro.com/right/enter_view.html?GoIdx=1511&CatNo=75
1482,정엽(안정엽),가수,75,보컬 그룹 [브라운 아이드 소울]의 리더,https://www.artsro.com/right/enter_view.html?GoIdx=1482&CatNo=75
1481,민경훈,가수,75,락 발라드 밴드[버즈]의 보컬,https://www.artsro.com/right/enter_view.html?GoIdx=1481&CatNo=75
1441,나비,가수,75,뛰어난 가창력과 싱어송라이터!!,https://www.artsro.com/right/enter_view.html?GoIdx=1441&CatNo=75
1407,이정권,가수,75,연어장인,https://www.artsro.com/right/enter_view.html?GoIdx=1407&CatNo=75
1406,천단비,가수,75,슈퍼스타K 7  준우승,https://www.artsro.com/right/enter_view.html?GoIdx=1406&CatNo=75
1361,경서예지,가수,75,목소리 누나 & 고음 동생,https://www.artsro.com/right/enter_view.html?GoIdx=1361&CatNo=75
1170,주설옥,가수,75,보이스퀸Top7 / 보이스퀸과 판타스틱듀오를 한번에 사로잡은 감성보컬,https://www.artsro.com/right/enter_view.html?GoIdx=1170&CatNo=75
1152,레이나,가수,75,"애프터스쿨, 오렌지캬라멜의 메인보컬, 목소리에서 꿀떨어지는  감성보컬",https://www.artsro.com/right/enter_view.html?GoIdx=1152&CatNo=75
1145,케이시(Kassy),가수,75,보컬과 랩을 모두 소화하는 감성적인 음색의 소유자,https://www.artsro.com/right/enter_view.html?GoIdx=1145&CatNo=75
1144,정준일,가수,75,"제 2의 김동률, 호소력 짙은 Voice",https://www.artsro.com/right/enter_view.html?GoIdx=1144&CatNo=75
1141,마크툽(MAKTUB),가수,75,전곡을 작사작곡하는 실력파 싱어송라이터,https://www.artsro.com/right/enter_view.html?GoIdx=1141&CatNo=75
1132,이진아,가수,75,"새롭고 놀랍고 신선한, 음표를 뛰어 노는 여린 감성. 이진아.",https://www.artsro.com/right/enter_view.html?GoIdx=1132&CatNo=75
1131,정승환,가수,75,"사람과 사람 사이의 마음에 어떤 노래가 흐른다면, 기꺼이 놓일 목소리.",https://www.artsro.com/right/enter_view.html?GoIdx=1131&CatNo=75
1130,HYNN(박혜원),가수,75,#헬고음녀 # 돌고래 화통 #폭주보컬 #인천 에일리,https://www.artsro.com/right/enter_view.html?GoIdx=1130&CatNo=75
1115,김조한,가수,75,R&B Daddy~ !! R&B 시조새~!!,https://www.artsro.com/right/enter_view.html?GoIdx=1115&CatNo=75
1107,이기찬,가수,75,"돌아온 발라드의 프린스~!!! 가수와 배우, 대한민국 멀티 엔터테이너!!",https://www.artsro.com/right/enter_view.html?GoIdx=1107&CatNo=75
1099,김나영,가수,75,"OST의 여왕, 감성보컬리스트,",https://www.artsro.com/right/enter_view.html?GoIdx=1099&CatNo=75
1091,오왠,가수,75,속 깊은 위로와 진실된 공감의 뮤지션,https://www.artsro.com/right/enter_view.html?GoIdx=1091&CatNo=75
1090,이석훈,가수,75,SG워너비의 보컬,https://www.artsro.com/right/enter_view.html?GoIdx=1090&CatNo=75
1089,윤하,가수,75,섬세한 감정표현력을 가진 최고수준의 여성싱어송라이터,https://www.artsro.com/right/enter_view.html?GoIdx=1089&CatNo=75
1053,안예은,가수,75,매력 있는 오답을 넘어 스스로 빛나는 별이 되는 '안예은',https://www.artsro.com/right/enter_view.html?GoIdx=1053&CatNo=75
1047,카더가든,가수,75,전 세대의 감성을 아우르는 빈티지한 음색의 싱어송라이터 '카더가든',https://www.artsro.com/right/enter_view.html?GoIdx=1047&CatNo=75
1041,펀치 (Punch),가수,75,애절한 노래와 감미로운 노래들로 사람들한테 공감과 감동을 주는 '펀치',https://www.artsro.com/right/enter_view.html?GoIdx=1041&CatNo=75
1040,송하예,가수,75,청아한 목소리로 애절한 감성으로 감정 보컬의 진면모를 보여주는 OST 퀸 '송하예',https://www.artsro.com/right/enter_view.html?GoIdx=1040&CatNo=75
1026,요다영,가수,75,애절하고 속삭이는 듯한 음색 들을수록 매력에 빠진다 '요다영',https://www.artsro.com/right/enter_view.html?GoIdx=1026&CatNo=75
1022,양다일,가수,75,알앤비의 성격과 팝의 감수성을 매력적으로 들려준다 음원강자 '양다일',https://www.artsro.com/right/enter_view.html?GoIdx=1022&CatNo=75
991,나윤권,가수,75,무관의 제왕 '나윤권',https://www.artsro.com/right/enter_view.html?GoIdx=991&CatNo=75
987,소야 (SOYA),가수,75,어떤 색을 입혀도 잘 소화해내는 하얀 도화지 같은 매력 넘치는 '소야',https://www.artsro.com/right/enter_view.html?GoIdx=987&CatNo=75
980,박정현,가수,75,마음을 울리는 호소력 짙은 목소리 알앤비 요정 '박정현',https://www.artsro.com/right/enter_view.html?GoIdx=980&CatNo=75
961,서영은,가수,75,두근 거리는 마음에 행운 기적 희망을 부르는 친절한 '서영은',https://www.artsro.com/right/enter_view.html?GoIdx=961&CatNo=75
952,수란 (Suran),가수,75,듣는 순간 분위기 있는 목소리에 사로잡히게 만드는 '수란',https://www.artsro.com/right/enter_view.html?GoIdx=952&CatNo=75
941,박기영,가수,75,감미로운 목소리 감성을 자극하는 매력적인 음색 퀸 '박기영',https://www.artsro.com/right/enter_view.html?GoIdx=941&CatNo=75
797,지숙,가수,75,서정적이고 감정선이 돋보이는 애절한 목소리 순수 '지숙',https://www.artsro.com/right/enter_view.html?GoIdx=797&CatNo=75
776,이수영,가수,75,청아한 목소리와 단아한 외모 감성 발라드 여제 '이수영',https://www.artsro.com/right/enter_view.html?GoIdx=776&CatNo=75
745,하동균,가수,75,음악적 진한 감성과 깊이가 더해진 최상의 선율보이스 '하동균',https://www.artsro.com/right/enter_view.html?GoIdx=745&CatNo=75
605,정인,가수,75,독보적인 음색 무한 감성으로 호소력을 지닌 대체불가 '정인',https://www.artsro.com/right/enter_view.html?GoIdx=605&CatNo=75
601,김연우,가수,75,풍부한 성량 정돈된 특유의 음색 무대 위의 마법사  명실상부 음악의신  '김연우',https://www.artsro.com/right/enter_view.html?GoIdx=601&CatNo=75
585,송유빈,가수,75,여심을 자극하는 노래를 하고 싶다 감성을 건드리는 가창력 '송유빈',https://www.artsro.com/right/enter_view.html?GoIdx=585&CatNo=75
381,장재인,가수,75,특별한 것보다 그냥 멋있는 아티스트가 되고 싶다 음색천재 싱어송라이터 '장재인',https://www.artsro.com/right/enter_view.html?GoIdx=381&CatNo=75
362,다비치,가수,75,여신미모에 폭풍가창력까지 대한민국 최고의 듀오 뮤지션 '다비치',https://www.artsro.com/right/enter_view.html?GoIdx=362&CatNo=75
349,폴킴,가수,75,"모든 날, 모든 순간 함께한 오랜 친구 같은 '폴킴'",https://www.artsro.com/right/enter_view.html?GoIdx=349&CatNo=75
290,라디,가수,75,로맨틱 소울 보컬 천재 '라디',https://www.artsro.com/right/enter_view.html?GoIdx=290&CatNo=75
286,더원(The One),가수,75,아시아의 가왕 명품 발러더 '더원',https://www.artsro.com/right/enter_view.html?GoIdx=286&CatNo=75
282,김필,가수,75,마성의 힘을 가진 싱어송라이터 '김필',https://www.artsro.com/right/enter_view.html?GoIdx=282&CatNo=75
219,백지영,가수,75,발라드 여왕,https://www.artsro.com/right/enter_view.html?GoIdx=219&CatNo=75
215,길구봉구,가수,75,무게감 있는 가창력과 감성적인 발라드를 부르는 듀오!,https://www.artsro.com/right/enter_view.html?GoIdx=215&CatNo=75
214,신승훈,가수,75,90년대 레전드 발라드 가수!!발라드의 황제!!!,https://www.artsro.com/right/enter_view.html?GoIdx=214&CatNo=75
211,하은(포맨),가수,75,SNS상에서 라코스테남이라는 이름으로 유명해진 가수 하은!!,https://www.artsro.com/right/enter_view.html?GoIdx=211&CatNo=75
1567,조명섭,가수,76,"한국의 페리 코모, 프랭크 시나트라",https://www.artsro.com/right/enter_view.html?GoIdx=1567&CatNo=76
43,설하윤,가수,76,트로트계의 빛나는 샛별~!!,https://www.artsro.com/right/enter_view.html?GoIdx=43&CatNo=76
479,장윤정,가수,76,트로트여왕에서 전설이 되어버린 국민가수 '장윤정',https://www.artsro.com/right/enter_view.html?GoIdx=479&CatNo=76
199,김연자,가수,76,축제의 요정...아모르 언니의 파티는 이제 시작!,https://www.artsro.com/right/enter_view.html?GoIdx=199&CatNo=76
699,박주희,가수,76,트로트의 여왕 박주희!!,https://www.artsro.com/right/enter_view.html?GoIdx=699&CatNo=76
102,신유,가수,76,트로트계의 귀공자,https://www.artsro.com/right/enter_view.html?GoIdx=102&CatNo=76
103,태진아,가수,76,트로트계의 황태자,https://www.artsro.com/right/enter_view.html?GoIdx=103&CatNo=76
467,진성,가수,76,트로트 메들리 4대천왕 '진성',https://www.artsro.com/right/enter_view.html?GoIdx=467&CatNo=76
107,설운도,가수,76,트로트계 최고의 보컬리스트 겸 싱어송라이터! 수 많은 히트곡을 보유한 히트 메이커!,https://www.artsro.com/right/enter_view.html?GoIdx=107&CatNo=76
109,배일호,가수,76,신토불이 트로트 가수,https://www.artsro.com/right/enter_view.html?GoIdx=109&CatNo=76
104,강진,가수,76,땡벌로 20년 무명 설움을 한방에 날린 가수,https://www.artsro.com/right/enter_view.html?GoIdx=104&CatNo=76
106,문희옥,가수,76,트로트의 여제,https://www.artsro.com/right/enter_view.html?GoIdx=106&CatNo=76
475,혜은이,가수,76,엄청난 미모와 뛰어난 가창력 국민여동생 '혜은이',https://www.artsro.com/right/enter_view.html?GoIdx=475&CatNo=76
469,지원이,가수,76,애절한 보이스 첫사랑 국민가수 군통령 '지원이',https://www.artsro.com/right/enter_view.html?GoIdx=469&CatNo=76
478,최진희,가수,76,호소력 짙은 노래가 울려 퍼진다~  사랑의 미로 '최진희',https://www.artsro.com/right/enter_view.html?GoIdx=478&CatNo=76
473,서주경,가수,76,흥을 부른다 당당한 매력 당돌한 여자 '서주경',https://www.artsro.com/right/enter_view.html?GoIdx=473&CatNo=76
468,서지오,가수,76,뛰어난 가창력의 소유자 만능엔터테어너 '서지오',https://www.artsro.com/right/enter_view.html?GoIdx=468&CatNo=76
111,박구윤,가수,76,최첨단 트로트,https://www.artsro.com/right/enter_view.html?GoIdx=111&CatNo=76
409,후니용이,가수,76,트롯 감성 듀오 1+1그룹 후니용이!,https://www.artsro.com/right/enter_view.html?GoIdx=409&CatNo=76
474,현진우,가수,76,구성진 음색과 구수한 입담 쿵짝인생 '현진우',https://www.artsro.com/right/enter_view.html?GoIdx=474&CatNo=76
1172,최연화,가수,76,"보이스퀸 3위, 중국공무원 가수출신의 트로트가수",https://www.artsro.com/right/enter_view.html?GoIdx=1172&CatNo=76
4839,이루네,가수,76,MBN 무명전설 TOP7,https://www.artsro.com/right/enter_view.html?GoIdx=4839&CatNo=76
4838,정연호,가수,76,마음을 움직이는 가창력의 소유자,https://www.artsro.com/right/enter_view.html?GoIdx=4838&CatNo=76
4837,장한별,가수,76,무명전설 최종 3위,https://www.artsro.com/right/enter_view.html?GoIdx=4837&CatNo=76
4836,하루,가수,76,무명전설 준우승자,https://www.artsro.com/right/enter_view.html?GoIdx=4836&CatNo=76
4812,몸빼걸스,가수,76,"방송, 드라마, 영화, 예능, 패션 등 다양한 분야에서 활동해온 다재다능한 아티스트들",https://www.artsro.com/right/enter_view.html?GoIdx=4812&CatNo=76
4809,이승현,가수,76,설운도를 쏙 빼닮은 실력파 트로트 가수,https://www.artsro.com/right/enter_view.html?GoIdx=4809&CatNo=76
4807,곽희성,가수,76,"첼로, 노래, 연기 모두 가능한 다재다능 아티스트",https://www.artsro.com/right/enter_view.html?GoIdx=4807&CatNo=76
4751,조우현,가수,76,"MZ트롯 선두주자, 트로트왕자 ‘조우현’",https://www.artsro.com/right/enter_view.html?GoIdx=4751&CatNo=76
4733,둘째이모 김다비,가수,76,개그맨 김신영의 부캐!,https://www.artsro.com/right/enter_view.html?GoIdx=4733&CatNo=76
4687,카노 미유 (KANO MIYU),가수,76,한일을 넘나들며 음악과 무대를 통해 성장 중인 일본 출신 차세대 글로벌 아티스트 카노미유.,https://www.artsro.com/right/enter_view.html?GoIdx=4687&CatNo=76
4666,이명화(랄랄),가수,76,랄랄의 부캐 이명화,https://www.artsro.com/right/enter_view.html?GoIdx=4666&CatNo=76
4659,한태현,가수,76,장구 트롯 아이돌,https://www.artsro.com/right/enter_view.html?GoIdx=4659&CatNo=76
4597,이진관,가수,76,풍선으로 데뷔한 대한민국의 가수,https://www.artsro.com/right/enter_view.html?GoIdx=4597&CatNo=76
4595,성원이,가수,76,슬리피 도플갱어? 트로트 가수,https://www.artsro.com/right/enter_view.html?GoIdx=4595&CatNo=76
4500,박하은,가수,76,대한민국의 트로트 가수,https://www.artsro.com/right/enter_view.html?GoIdx=4500&CatNo=76
4499,안지완,가수,76,진한 감성과 호소력 짙은 목소리가 매력적인 아티스트,https://www.artsro.com/right/enter_view.html?GoIdx=4499&CatNo=76
4438,방울자매,가수,76,"개그우먼 정경미X김미려가 뭉쳤다, 상큼발랄 트롯돌!",https://www.artsro.com/right/enter_view.html?GoIdx=4438&CatNo=76
4300,찬울,가수,76,대한민국의 가수,https://www.artsro.com/right/enter_view.html?GoIdx=4300&CatNo=76
4266,다미,가수,76,다양한 연령대가 사랑하는 가수,https://www.artsro.com/right/enter_view.html?GoIdx=4266&CatNo=76
4226,유지나,가수,76,대한민국의 트로트 가수,https://www.artsro.com/right/enter_view.html?GoIdx=4226&CatNo=76
4190,고재근,가수,76,Y2K의 멤버이자 트로트가수,https://www.artsro.com/right/enter_view.html?GoIdx=4190&CatNo=76
4091,홍주,가수,76,트로트의 맥을 잇는 고운 소리꾼,https://www.artsro.com/right/enter_view.html?GoIdx=4091&CatNo=76
4090,백승일,가수,76,대한민국 역대 최연소 천하장사 출신 트로트 가수,https://www.artsro.com/right/enter_view.html?GoIdx=4090&CatNo=76
4089,로미나,가수,76,독일에서 온 한국을 사랑하는 독한여자,https://www.artsro.com/right/enter_view.html?GoIdx=4089&CatNo=76
4078,조아서,가수,76,가비엔제이 서린에서 트로트 가수 조아서로!,https://www.artsro.com/right/enter_view.html?GoIdx=4078&CatNo=76
4073,미나X류필립,가수,76,연상연하 가수 부부,https://www.artsro.com/right/enter_view.html?GoIdx=4073&CatNo=76
4054,진설아 (이정은),가수,76,2010년 트로트걸그룹 오로라 메인보컬!,https://www.artsro.com/right/enter_view.html?GoIdx=4054&CatNo=76
4036,이애란,가수,76,,https://www.artsro.com/right/enter_view.html?GoIdx=4036&CatNo=76
4009,백도이,가수,76,2019년 KBS전국노래자랑 관악구편 우수상을 수상한 가수!,https://www.artsro.com/right/enter_view.html?GoIdx=4009&CatNo=76
3893,주하,가수,76,청아하고 깔끔한 창법으로 이목을 사로잡은 트롯 복덩이 '주하',https://www.artsro.com/right/enter_view.html?GoIdx=3893&CatNo=76
3826,김미주,가수,76,장르 소화제이자 독보적인 음색을 가진 역대급 보컬!,https://www.artsro.com/right/enter_view.html?GoIdx=3826&CatNo=76
3731,강석,가수,76,강가에 돌멩이 가수 강석!,https://www.artsro.com/right/enter_view.html?GoIdx=3731&CatNo=76
3707,이지요,가수,76,언제나 에너지 넘치는 가수이자 방송인!,https://www.artsro.com/right/enter_view.html?GoIdx=3707&CatNo=76
3706,오승하,가수,76,대한민국의 국악인이자 트로트 가수!,https://www.artsro.com/right/enter_view.html?GoIdx=3706&CatNo=76
3642,정해은,가수,76,트로트 가수이자 뮤지컬 배우이자 유튜버인 만능 정해은!,https://www.artsro.com/right/enter_view.html?GoIdx=3642&CatNo=76
3639,강훈,가수,76,시원한 목소리와 애잔한 음색 감성의 소유자!,https://www.artsro.com/right/enter_view.html?GoIdx=3639&CatNo=76
3559,김동찬,가수,76,대한민국의 영화배우이자 트로트 가수.,https://www.artsro.com/right/enter_view.html?GoIdx=3559&CatNo=76
3501,진혜진,가수,76,"상쾌한 리듬, 경쾌한 보이스 차세대 트로트 퀸 진혜진",https://www.artsro.com/right/enter_view.html?GoIdx=3501&CatNo=76
3488,송실장,가수,76,대한민국의 가수 겸 연예인매니저(이영자 매니저),https://www.artsro.com/right/enter_view.html?GoIdx=3488&CatNo=76
3434,정지민,가수,76,가수 트롯 마마 정지민,https://www.artsro.com/right/enter_view.html?GoIdx=3434&CatNo=76
3422,이예은,가수,76,‘미스트롯3’ 본선 진출자,https://www.artsro.com/right/enter_view.html?GoIdx=3422&CatNo=76
3379,권도훈,가수,76,우리가 함께 키우는 트롯 신동 권도훈,https://www.artsro.com/right/enter_view.html?GoIdx=3379&CatNo=76
3314,전종혁,가수,76,"불타는 트롯맨, 축구선수 출신 트로트 가수",https://www.artsro.com/right/enter_view.html?GoIdx=3314&CatNo=76
3272,최예진,가수,76,트롯찐 최예진,https://www.artsro.com/right/enter_view.html?GoIdx=3272&CatNo=76
3242,승국이,가수,76,트롯계의 샛별 승국이,https://www.artsro.com/right/enter_view.html?GoIdx=3242&CatNo=76
3217,"상호상민(이상호, 이상민)",가수,76,쌍둥이 개그맨겸 트로트 가수,https://www.artsro.com/right/enter_view.html?GoIdx=3217&CatNo=76
3164,풍금,가수,76,리틀 이미자 가수 풍금,https://www.artsro.com/right/enter_view.html?GoIdx=3164&CatNo=76
2749,김재롱,가수,76,트로트부터 MC까지! 멀티 엔터테이너 김재욱입니다.,https://www.artsro.com/right/enter_view.html?GoIdx=2749&CatNo=76
2703,최향,가수,76,허스키한 음색이 매력적인 가수!,https://www.artsro.com/right/enter_view.html?GoIdx=2703&CatNo=76
2702,태남,가수,76,국민 아들내미 가수 태남,https://www.artsro.com/right/enter_view.html?GoIdx=2702&CatNo=76
2689,재하,가수,76,트롯전국체전 은메달,https://www.artsro.com/right/enter_view.html?GoIdx=2689&CatNo=76
2684,김수희,가수,76,트로트 가수,https://www.artsro.com/right/enter_view.html?GoIdx=2684&CatNo=76
2641,성민지,가수,76,트로트가수,https://www.artsro.com/right/enter_view.html?GoIdx=2641&CatNo=76
2596,조원석,가수,76,대한민국의 희극인 겸 가수,https://www.artsro.com/right/enter_view.html?GoIdx=2596&CatNo=76
2541,길건,가수,76,대한민국 댄스가수 길건,https://www.artsro.com/right/enter_view.html?GoIdx=2541&CatNo=76
2540,최정훈,가수,76,미스터트롯 병장돌,https://www.artsro.com/right/enter_view.html?GoIdx=2540&CatNo=76
2530,주현미,가수,76,트로트 여왕,https://www.artsro.com/right/enter_view.html?GoIdx=2530&CatNo=76
2512,진이랑,가수,76,더트롯쇼 최종37위 트로트가수 진이랑,https://www.artsro.com/right/enter_view.html?GoIdx=2512&CatNo=76
2506,양지원,가수,76,특별하다 ! 그래서 다르다 ! 트로트가수 양지원!,https://www.artsro.com/right/enter_view.html?GoIdx=2506&CatNo=76
2463,최영철,가수,76,그룹 맥킨스 멤버 겸 트로트가수 최영철,https://www.artsro.com/right/enter_view.html?GoIdx=2463&CatNo=76
2446,현숙,가수,76,효녀가수 현숙입니다~,https://www.artsro.com/right/enter_view.html?GoIdx=2446&CatNo=76
2261,신나라,가수,76,공기반 소리반 ASMR 보이스,https://www.artsro.com/right/enter_view.html?GoIdx=2261&CatNo=76
2225,홍원빈,가수,76,"모델 출신 트로트가수, 트로트계의 원빈",https://www.artsro.com/right/enter_view.html?GoIdx=2225&CatNo=76
2223,김호연,가수,76,트로트의 민족 TOP8 호여니 '김호연',https://www.artsro.com/right/enter_view.html?GoIdx=2223&CatNo=76
2167,홍잠언,가수,76,내가 바로 홍잠언이다,https://www.artsro.com/right/enter_view.html?GoIdx=2167&CatNo=76
2139,정호,가수,76,트로트 댄싱킹!!트로트계의 위대한 쇼맨,https://www.artsro.com/right/enter_view.html?GoIdx=2139&CatNo=76
1938,조은새,가수,76,"친근함, 귀여움, 섹시한 카리스마로 모든 세대를 아우르는 트로트 가수",https://www.artsro.com/right/enter_view.html?GoIdx=1938&CatNo=76
1891,동후,가수,76,화려한 인생으로 화려한 인생 2막을 시작한 동후,https://www.artsro.com/right/enter_view.html?GoIdx=1891&CatNo=76
1890,나미애,가수,76,30년의 무명생활을 청산하고 트로트엑스를 통해 대중가수로 굳건히 자리한 그녀,https://www.artsro.com/right/enter_view.html?GoIdx=1890&CatNo=76
1772,우연이,가수,76,주부들의 애창곡 우연히의 우연이,https://www.artsro.com/right/enter_view.html?GoIdx=1772&CatNo=76
1760,삼총사,가수,76,새로운 K-트로트 시대를 대표하는 그룹,https://www.artsro.com/right/enter_view.html?GoIdx=1760&CatNo=76
1759,신수아,가수,76,"깊은 울림의 보이스, 더 수아한 목소리의 소유자",https://www.artsro.com/right/enter_view.html?GoIdx=1759&CatNo=76
1682,라늬(허선아),가수,76,L.P.G 3기 출신의 오뚝이처럼 일어나는 트로트 가수,https://www.artsro.com/right/enter_view.html?GoIdx=1682&CatNo=76
1630,김서영,가수,76,맑고 깨끗하고 밝은 트로트 가수,https://www.artsro.com/right/enter_view.html?GoIdx=1630&CatNo=76
1582,원플러스원,가수,76,대한민국 성인가요계 최강의 남성 듀오의 탄생,https://www.artsro.com/right/enter_view.html?GoIdx=1582&CatNo=76
1521,차수빈,가수,76,TV조선 내일은 미스터 트롯 참가자,https://www.artsro.com/right/enter_view.html?GoIdx=1521&CatNo=76
1485,신예지,가수,76,트로트계의 신성,https://www.artsro.com/right/enter_view.html?GoIdx=1485&CatNo=76
1472,영기,가수,76,트로트계의 끼쟁이,https://www.artsro.com/right/enter_view.html?GoIdx=1472&CatNo=76
1458,송민준,가수,76,k트롯 서바이벌 골든마이크  우승,https://www.artsro.com/right/enter_view.html?GoIdx=1458&CatNo=76
1433,박현빈,가수,76,트로트계의 황태자,https://www.artsro.com/right/enter_view.html?GoIdx=1433&CatNo=76
1423,더블레스,가수,76,트로트의 민족 4위,https://www.artsro.com/right/enter_view.html?GoIdx=1423&CatNo=76
1421,안성준,가수,76,트로트의 민족 우승자,https://www.artsro.com/right/enter_view.html?GoIdx=1421&CatNo=76
1370,김용임,가수,76,가슴 뻥 뚫리는 창법의 트로트가수,https://www.artsro.com/right/enter_view.html?GoIdx=1370&CatNo=76
1368,신승태,가수,76,팔색조의 매력을 가진 트로트가수,https://www.artsro.com/right/enter_view.html?GoIdx=1368&CatNo=76
1360,박군,가수,76,특전사 출신 트롯가수,https://www.artsro.com/right/enter_view.html?GoIdx=1360&CatNo=76
1192,조항조,가수,76,"낮은톤의 목소리와 공감이 가는 가사, 트로트계의 송승헌",https://www.artsro.com/right/enter_view.html?GoIdx=1192&CatNo=76
795,문연주,가수,76,위로와 용기를 주는 노래를 부르는 웃음 전령사 '문연주',https://www.artsro.com/right/enter_view.html?GoIdx=795&CatNo=76
773,윙크,가수,76,한류를 대표하는 트로트 전령사가 되어 돌아왔다 국민요정 '윙크',https://www.artsro.com/right/enter_view.html?GoIdx=773&CatNo=76
328,금잔디,가수,76,고속도로 여왕,https://www.artsro.com/right/enter_view.html?GoIdx=328&CatNo=76
113,남진,가수,76,트로트계의 영원한 오빠,https://www.artsro.com/right/enter_view.html?GoIdx=113&CatNo=76
105,박상철,가수,76,트로트계의 왕자,https://www.artsro.com/right/enter_view.html?GoIdx=105&CatNo=76
101,박서진,가수,76,장구의 신,https://www.artsro.com/right/enter_view.html?GoIdx=101&CatNo=76
52,김혜연,가수,76,행사의 여왕 김혜연!!!,https://www.artsro.com/right/enter_view.html?GoIdx=52&CatNo=76
51,홍진영,가수,76,대한민국 트로트계 최고의 주가를 달리고 있는 만능 엔터테이너!!!,https://www.artsro.com/right/enter_view.html?GoIdx=51&CatNo=76
377,한혜진,가수,77,허스키한 보이스가 매력적인 명품 가수 ' 한혜진',https://www.artsro.com/right/enter_view.html?GoIdx=377&CatNo=77
375,정수라,가수,77,아! 대한민국 라이브의 여왕 '정수라',https://www.artsro.com/right/enter_view.html?GoIdx=375&CatNo=77
398,적우,가수,77,영혼을 울리는 슈퍼디바 '적우',https://www.artsro.com/right/enter_view.html?GoIdx=398&CatNo=77
232,양하영,가수,77,대중의 심금을 울리는 포크 가수!!,https://www.artsro.com/right/enter_view.html?GoIdx=232&CatNo=77
231,심수봉,가수,77,세대를 아우르는 명곡들로 인생을 노래하며 대중의 마음을 웃고 울리는 국민가수!!,https://www.artsro.com/right/enter_view.html?GoIdx=231&CatNo=77
226,구창모,가수,77,그룹 송골매의 리드싱어 출신으로 뛰어난 보컬 실력을 자랑했던 대한민국의 가수!,https://www.artsro.com/right/enter_view.html?GoIdx=226&CatNo=77
228,김범룡,가수,77,"바람바람바람,그대는 미운 사람같은자작곡을 통해 80년대 싱어송파이터로 각광받은 가수!",https://www.artsro.com/right/enter_view.html?GoIdx=228&CatNo=77
230,변진섭,가수,77,80년대 오빠부대의 원조 발라드 프린스!!!,https://www.artsro.com/right/enter_view.html?GoIdx=230&CatNo=77
229,김세환,가수,77,통기타 시대를 주도하며 소녀 팬들을 열광케 했던 솜사탕 청년!!!,https://www.artsro.com/right/enter_view.html?GoIdx=229&CatNo=77
227,김민교,가수,77,마지막 승부의 가수!,https://www.artsro.com/right/enter_view.html?GoIdx=227&CatNo=77
376,진시몬,가수,77,트로트계의 신성 보약같은 천생 가수 '진시몬',https://www.artsro.com/right/enter_view.html?GoIdx=376&CatNo=77
406,추가열,가수,77,처연한 음색으로 마음을 울리는 명품보이스 '추가열',https://www.artsro.com/right/enter_view.html?GoIdx=406&CatNo=77
374,임병수,가수,77,실력과 외모를 겸비한 아이스크림 사랑에 '임병수',https://www.artsro.com/right/enter_view.html?GoIdx=374&CatNo=77
314,양수경,가수,77,원조 디바가 돌아왔다 발라드의 퀸 '양수경',https://www.artsro.com/right/enter_view.html?GoIdx=314&CatNo=77
511,조관우,가수,77,심금을 울리는 가성의 마법사 시조'조관우',https://www.artsro.com/right/enter_view.html?GoIdx=511&CatNo=77
233,양혜승,가수,77,화려한 싱글로 지금까지 큰사랑을 받는 가수!!!,https://www.artsro.com/right/enter_view.html?GoIdx=233&CatNo=77
4825,유열,가수,77,유열은 감성적인 음악과 따뜻한 진행으로 오랜 시간 사랑받아온 싱어송라이터,https://www.artsro.com/right/enter_view.html?GoIdx=4825&CatNo=77
4765,김광진,가수,77,'더 클래식' 멤버이자 싱어송라이터,https://www.artsro.com/right/enter_view.html?GoIdx=4765&CatNo=77
4700,수와진,가수,77,쌍둥이 형제로 구성된 대한민국의 남성 2인조 포크 팝 듀오,https://www.artsro.com/right/enter_view.html?GoIdx=4700&CatNo=77
4699,안상수,가수,77,쌍둥이 형제 안상진과 그룹 수와진의 멤버,https://www.artsro.com/right/enter_view.html?GoIdx=4699&CatNo=77
4692,전영록,가수,77,돌아이라 불린 슈퍼스타,https://www.artsro.com/right/enter_view.html?GoIdx=4692&CatNo=77
4685,김장수,가수,77,그룹 높은음자리의 멤버 김장수,https://www.artsro.com/right/enter_view.html?GoIdx=4685&CatNo=77
4621,이광조,가수,77,1979년 포크그룹 해바라기의 멤버 이광조,https://www.artsro.com/right/enter_view.html?GoIdx=4621&CatNo=77
4613,유해준,가수,77,"천상연 작사, 작곡의 주인공 !",https://www.artsro.com/right/enter_view.html?GoIdx=4613&CatNo=77
4586,정태춘&박은옥,가수,77,"때로는 시인의 서정으로, 때로는 저항의 목소리로",https://www.artsro.com/right/enter_view.html?GoIdx=4586&CatNo=77
4549,N.R(엔알),가수,77,"N.R은 노이즈의 메인보컬 홍종구와 랩 안무를 맡은 한상일, 그리고 R.eF의 메인 보컬 이성욱 이렇게 뭉쳐 만든 그룹",https://www.artsro.com/right/enter_view.html?GoIdx=4549&CatNo=77
4526,김승미,가수,77,서울패밀리의 김승미,https://www.artsro.com/right/enter_view.html?GoIdx=4526&CatNo=77
4294,유미리,가수,77,대한민국의 가수,https://www.artsro.com/right/enter_view.html?GoIdx=4294&CatNo=77
4273,클레오 (cleo),가수,77,"'Come and Listen, EveryOne'",https://www.artsro.com/right/enter_view.html?GoIdx=4273&CatNo=77
4243,심신,가수,77,깔끔한 외모와 훤칠한 키의 소유자,https://www.artsro.com/right/enter_view.html?GoIdx=4243&CatNo=77
4238,이용,가수,77,잊혀진 계절〉 등 히트곡으로 1980년대 10대 스타와 가수왕 반열에 오른 대표적인 한국 대중가수다.,https://www.artsro.com/right/enter_view.html?GoIdx=4238&CatNo=77
4229,영턱스클럽,가수,77,대한민국의 혼성 그룹. 줄임말로는 '영턱스'. '젊은 개구쟁이들의 모임,https://www.artsro.com/right/enter_view.html?GoIdx=4229&CatNo=77
4208,함춘호,가수,77,대한민국의 기타리스트 겸 포크 록 음악인,https://www.artsro.com/right/enter_view.html?GoIdx=4208&CatNo=77
4199,현진영,가수,77,KPOP 댄스 음악의 선구자,https://www.artsro.com/right/enter_view.html?GoIdx=4199&CatNo=77
4140,천명훈,가수,77,대한민국의 가수 겸 싱어송라이터. 보이그룹 NRG의 멤버,https://www.artsro.com/right/enter_view.html?GoIdx=4140&CatNo=77
4130,하이디(Ha e d),가수,77,대한민국의 가수,https://www.artsro.com/right/enter_view.html?GoIdx=4130&CatNo=77
4129,K2 김성면 (케이투),가수,77,대한민국의 싱어송라이터이자 배우,https://www.artsro.com/right/enter_view.html?GoIdx=4129&CatNo=77
4112,정훈희,가수,77,대한민국의 발라드 가수,https://www.artsro.com/right/enter_view.html?GoIdx=4112&CatNo=77
4098,목비,가수,77,글로벌 아티스트 목비,https://www.artsro.com/right/enter_view.html?GoIdx=4098&CatNo=77
4092,곽창선,가수,77,녹색지대의 미성보컬,https://www.artsro.com/right/enter_view.html?GoIdx=4092&CatNo=77
4080,윤영아,가수,77,90년대 최고의 미니데이트의 가수!,https://www.artsro.com/right/enter_view.html?GoIdx=4080&CatNo=77
4063,이치현,가수,77,한국의 산타나!,https://www.artsro.com/right/enter_view.html?GoIdx=4063&CatNo=77
4062,이치현과 벗님들,가수,77,유려한 보컬과 멜로디로 심금을 울리는 한국의 산타나!,https://www.artsro.com/right/enter_view.html?GoIdx=4062&CatNo=77
4026,이규석,가수,77,원조 꽃미남 가수!,https://www.artsro.com/right/enter_view.html?GoIdx=4026&CatNo=77
4025,신계행,가수,77,짙은 감성과 호소력있는 가창력을 소유하고 있는 가수!,https://www.artsro.com/right/enter_view.html?GoIdx=4025&CatNo=77
3966,녹색지대,가수,77,편안하게 부를 수 있는 완성형 발라드!,https://www.artsro.com/right/enter_view.html?GoIdx=3966&CatNo=77
3814,R.E.F(알이에프),가수,77,역대 음악 방송 트리플 크라운 달성 앨범을 가진 2인조 가수 팀!,https://www.artsro.com/right/enter_view.html?GoIdx=3814&CatNo=77
3426,최백호,가수,77,싱어송라이터,https://www.artsro.com/right/enter_view.html?GoIdx=3426&CatNo=77
3330,해바라기,가수,77,대한민국 포크 듀오,https://www.artsro.com/right/enter_view.html?GoIdx=3330&CatNo=77
3290,이은하,가수,77,한국 가요계를 주름 잡았던 여가수,https://www.artsro.com/right/enter_view.html?GoIdx=3290&CatNo=77
3269,윤시내,가수,77,80년대 초반을 지배한 가요계의 레전드 가수,https://www.artsro.com/right/enter_view.html?GoIdx=3269&CatNo=77
3067,이재영,가수,77,대한민국의 가수 겸 뮤지컬 배우,https://www.artsro.com/right/enter_view.html?GoIdx=3067&CatNo=77
2978,A.R.T(에이알티),가수,77,'97부터 쉬지 않고 활동하는 A.R.T,https://www.artsro.com/right/enter_view.html?GoIdx=2978&CatNo=77
2977,자자(ZAZA),가수,77,'버스 안에서' 남녀혼성 보컬리스트,https://www.artsro.com/right/enter_view.html?GoIdx=2977&CatNo=77
2852,스페이스 에이 (Space A),가수,77,대한민국의 혼성 댄스 그룹,https://www.artsro.com/right/enter_view.html?GoIdx=2852&CatNo=77
2682,노사연,가수,77,대한민국의 가수 겸 방송인,https://www.artsro.com/right/enter_view.html?GoIdx=2682&CatNo=77
2678,임주리,가수,77,대한민국의 대표 7080 가수,https://www.artsro.com/right/enter_view.html?GoIdx=2678&CatNo=77
2677,민해경,가수,77,90년대 초반 팝과 발라드의 여왕,https://www.artsro.com/right/enter_view.html?GoIdx=2677&CatNo=77
2314,사랑과평화,가수,77,대한민국 펑크의 개척자로 10년여 기간동안 여러 히트곡을 내며 1970-80년대 대한민국 대중음악사에서 빼놓을 수 없는 밴드!!,https://www.artsro.com/right/enter_view.html?GoIdx=2314&CatNo=77
2291,이범학,가수,77,원조 오빠 이범학,https://www.artsro.com/right/enter_view.html?GoIdx=2291&CatNo=77
2285,김충훈,가수,77,세븐돌핀스의 김충훈,https://www.artsro.com/right/enter_view.html?GoIdx=2285&CatNo=77
2284,김승진,가수,77,미카엘 밴드의 김승진,https://www.artsro.com/right/enter_view.html?GoIdx=2284&CatNo=77
2231,강수지,가수,77,원조 청순가련 여가수,https://www.artsro.com/right/enter_view.html?GoIdx=2231&CatNo=77
2180,송창식,가수,77,포크를 대중화한 영원한 가객 송창식,https://www.artsro.com/right/enter_view.html?GoIdx=2180&CatNo=77
2146,조영남,가수,77,조영남입니다.,https://www.artsro.com/right/enter_view.html?GoIdx=2146&CatNo=77
1771,임수정,가수,77,연인들의 이야기,https://www.artsro.com/right/enter_view.html?GoIdx=1771&CatNo=77
1643,남궁옥분,가수,77,맑고 청량한 목소리의 통기타 가수 디바,https://www.artsro.com/right/enter_view.html?GoIdx=1643&CatNo=77
1125,여행스케치,가수,77,80년대 대표적인 포크듀오~! 여행스케치,https://www.artsro.com/right/enter_view.html?GoIdx=1125&CatNo=77
1092,자전거탄풍경,가수,77,"'너에게 난, 나에게 넌'의 노래의 주인공",https://www.artsro.com/right/enter_view.html?GoIdx=1092&CatNo=77
1084,박혜경,가수,77,모던록과 발라드의 독보적 보컬,https://www.artsro.com/right/enter_view.html?GoIdx=1084&CatNo=77
1010,신효범,가수,77,폭발적인 가창력과 유감적인 무대매너 명불허전 클래스 '신효범',https://www.artsro.com/right/enter_view.html?GoIdx=1010&CatNo=77
988,한영애,가수,77,허스키하면서 경이로운 보이스로 위로와 희망을 부른다 영원한 전설 '한영애',https://www.artsro.com/right/enter_view.html?GoIdx=988&CatNo=77
774,주병선,가수,77,애절한 우리 민족의 한을 토해내듯 호소력 짙은 음색 '주병선',https://www.artsro.com/right/enter_view.html?GoIdx=774&CatNo=77
559,윤형주,가수,77,노래하는 시인 '윤형주',https://www.artsro.com/right/enter_view.html?GoIdx=559&CatNo=77
476,윤수일,가수,77,살아있는 레전드 원조 꽃미남 테리우스 '윤수일',https://www.artsro.com/right/enter_view.html?GoIdx=476&CatNo=77
371,원미연,가수,77,원조 디바 원조 만능엔터테이너 소리질러 '원미연',https://www.artsro.com/right/enter_view.html?GoIdx=371&CatNo=77
345,유리상자,가수,77,부드럽고 감미로운 목소리의 끝판 축가의 정석 '유리상자',https://www.artsro.com/right/enter_view.html?GoIdx=345&CatNo=77
241,양희은,가수,77,대한민국 포크송의 대모 '양희은',https://www.artsro.com/right/enter_view.html?GoIdx=241&CatNo=77
3356,DJ쿨 김성수,가수,78,쿨의 멤버이자 래퍼 겸 DJ,https://www.artsro.com/right/enter_view.html?GoIdx=3356&CatNo=78
482,후디,가수,78,청아한 음색과 분위기로 다양한 음악적 스펙트럼을 보여주는 비밀병기 '후디',https://www.artsro.com/right/enter_view.html?GoIdx=482&CatNo=78
782,형돈이와대준이,가수,78,독보적인 컨셉 독보적인 존재감 아무도 막지 못한다 '형돈이와대준이',https://www.artsro.com/right/enter_view.html?GoIdx=782&CatNo=78
659,"지팍 (G-park,박명수)",가수,78,풋쳐풋쳐핸졉 쬬쬬쬬 글로벌 DJ 데빌즈 '박명수',https://www.artsro.com/right/enter_view.html?GoIdx=659&CatNo=78
650,비와이,가수,78,솔직한 음악 지저스플로우 갓 스웩~ 착한래퍼 '비와이',https://www.artsro.com/right/enter_view.html?GoIdx=650&CatNo=78
153,디제이 쿠(DJ KOO),가수,78,일렉트로닉 댄스 뮤직 EDM 대중화에 선두주자,https://www.artsro.com/right/enter_view.html?GoIdx=153&CatNo=78
266,치타,가수,78,세상에 음악으로 치명적 타격을 줄 것이다. 내가 '치타' 이다,https://www.artsro.com/right/enter_view.html?GoIdx=266&CatNo=78
273,그레이(GRAY),가수,78,특유의 세련되고 감각적인 음악으로 독보적인 존재감의 소유자 '그레이',https://www.artsro.com/right/enter_view.html?GoIdx=273&CatNo=78
250,다이나믹 듀오,가수,78,한국힙합의 대표 아이콘,https://www.artsro.com/right/enter_view.html?GoIdx=250&CatNo=78
455,박재범,가수,78,신나게 놀자 올라운드 플레이어 섹시가이 '박재범',https://www.artsro.com/right/enter_view.html?GoIdx=455&CatNo=78
347,제시,가수,78,한국의 메리 제이 블라이즈,https://www.artsro.com/right/enter_view.html?GoIdx=347&CatNo=78
510,춘자,가수,78,춘자의 전성시대 시크한 매력 센 언니 '춘자',https://www.artsro.com/right/enter_view.html?GoIdx=510&CatNo=78
325,바비킴,가수,78,대체불가 소울의 대부 '바비킴',https://www.artsro.com/right/enter_view.html?GoIdx=325&CatNo=78
323,스윙스(Swings),가수,78,괴물래퍼 펀치라인킹'스윙스',https://www.artsro.com/right/enter_view.html?GoIdx=323&CatNo=78
259,기리보이,가수,78,길이 보이는  인성래퍼 뮤지션 '기리보이',https://www.artsro.com/right/enter_view.html?GoIdx=259&CatNo=78
343,우원재,가수,78,또또또또 또 어둠의 기운이 괴물도 약하다 악마 래퍼 '우원재',https://www.artsro.com/right/enter_view.html?GoIdx=343&CatNo=78
600,양동근,가수,78,못하는게 없다 만능 엔터테이너 힙합 구조대 '양동근',https://www.artsro.com/right/enter_view.html?GoIdx=600&CatNo=78
526,배치기 탁,가수,78,감성 힙합 젊은반란 '배치기',https://www.artsro.com/right/enter_view.html?GoIdx=526&CatNo=78
937,사이먼 도미닉(쌈디),가수,78,중저음의 미성이 끌린다 매력넘치는 '사이먼 도미닉',https://www.artsro.com/right/enter_view.html?GoIdx=937&CatNo=78
4832,디핵 (D-Hack),가수,78,D-Hack : ディヘク : 디핵,https://www.artsro.com/right/enter_view.html?GoIdx=4832&CatNo=78
4831,하모 (hamo),가수,78,대한민국의 래퍼,https://www.artsro.com/right/enter_view.html?GoIdx=4831&CatNo=78
4818,NOWIMYOUNG(나우아임영),가수,78,Show Me the Money 시즌12 출연으로 주목받은 감각적인 래퍼 나우아임영.,https://www.artsro.com/right/enter_view.html?GoIdx=4818&CatNo=78
4790,PAAK & Marv,가수,78,올라운더 힙합 아티스트,https://www.artsro.com/right/enter_view.html?GoIdx=4790&CatNo=78
4664,마이노스 & 혁피,가수,78,올드스쿨 힙합의 진수를 보여주는 그룹,https://www.artsro.com/right/enter_view.html?GoIdx=4664&CatNo=78
4619,행주,가수,78,SHOW ME THE MONEY 6 우승자,https://www.artsro.com/right/enter_view.html?GoIdx=4619&CatNo=78
4552,슬리피(Sleepy),가수,78,힙합 그룹 언터쳐블 출신으로 예능과 음악을 넘나들며 꾸준히 활동 중인 래퍼 슬리피,https://www.artsro.com/right/enter_view.html?GoIdx=4552&CatNo=78
4550,설레게,가수,78,향스와 심으로 구성된 2인조 레게듀오,https://www.artsro.com/right/enter_view.html?GoIdx=4550&CatNo=78
4537,노아주다,가수,78,힙합보단 사랑 사랑보단 돈’으로 SNS 화제를 모은 곡의 아티스트,https://www.artsro.com/right/enter_view.html?GoIdx=4537&CatNo=78
4534,염따,가수,78,대한민국의 래퍼,https://www.artsro.com/right/enter_view.html?GoIdx=4534&CatNo=78
4531,빈스 (Vince),가수,78,힙합 프로듀서이자 R&B 아티스트,https://www.artsro.com/right/enter_view.html?GoIdx=4531&CatNo=78
4522,DJ 미노(MINO),가수,78,대형 야외 행사부터 프라이빗 이벤트까지 검증된 라이브 퍼포먼스 DJ MINO,https://www.artsro.com/right/enter_view.html?GoIdx=4522&CatNo=78
4450,아웃사이더,가수,78,그 누구보다 빠르게 난 남들과는 다르게 색다르게 리듬을 타는 비트 위의 나그네,https://www.artsro.com/right/enter_view.html?GoIdx=4450&CatNo=78
4403,이두혁(디달러),가수,78,다채로운 OST 참여와 퍼포먼스 경험을 기반으로 음악·무대·프로듀싱을 아우르는 올라운드 아티스트.,https://www.artsro.com/right/enter_view.html?GoIdx=4403&CatNo=78
4237,이센스(E SENS),가수,78,대한민국 최고의 래퍼,https://www.artsro.com/right/enter_view.html?GoIdx=4237&CatNo=78
4171,오르내림,가수,78,쇼미 777에 출연한 대한민국의 래퍼,https://www.artsro.com/right/enter_view.html?GoIdx=4171&CatNo=78
4160,Kik5o(키코),가수,78,대한민국의 여성래퍼,https://www.artsro.com/right/enter_view.html?GoIdx=4160&CatNo=78
4151,104(백사),가수,78,대한민국 래퍼,https://www.artsro.com/right/enter_view.html?GoIdx=4151&CatNo=78
4142,이성욱,가수,78,대한민국의 아이돌 그룹 R.ef의 리드보컬 이자 DJ,https://www.artsro.com/right/enter_view.html?GoIdx=4142&CatNo=78
4139,DJ UNI(유니),가수,78,다양한 장르 소화 가능한 DJ,https://www.artsro.com/right/enter_view.html?GoIdx=4139&CatNo=78
4138,DJ 킴미(KiMMi),가수,78,힙합 x EDM KPOP 걸크러쉬 솔로가수,https://www.artsro.com/right/enter_view.html?GoIdx=4138&CatNo=78
4127,페노메코,가수,78,대한민국의 래퍼이자 작사가,https://www.artsro.com/right/enter_view.html?GoIdx=4127&CatNo=78
4121,CAMO(카모),가수,78,대한민국의 래퍼 및 싱어송라이터,https://www.artsro.com/right/enter_view.html?GoIdx=4121&CatNo=78
4107,준(JUNE),가수,78,대한민국 가수이자 프로듀서,https://www.artsro.com/right/enter_view.html?GoIdx=4107&CatNo=78
4079,이짜나언짜나(EZUZ),가수,78,엉덩이를 들썩이게 하는 댄스힙합 듀오,https://www.artsro.com/right/enter_view.html?GoIdx=4079&CatNo=78
4053,옥시노바 (OXYNOVA),가수,78,허스키한 톤이 매력적인 래퍼!,https://www.artsro.com/right/enter_view.html?GoIdx=4053&CatNo=78
4052,칸 (KHAN),가수,78,속삭이는 듯이 랩하는 스타일과 매력적인 톤으로 주목 받는 래퍼!,https://www.artsro.com/right/enter_view.html?GoIdx=4052&CatNo=78
4051,Royal 44 (로얄 44),가수,78,외힙 느낌의 바이브와 잠재력을 지닌 가수!,https://www.artsro.com/right/enter_view.html?GoIdx=4051&CatNo=78
4050,노선,가수,78,감정을 디테일하고 설득력 있게 전달하는 표현력에 강점을 가진 아티스트!,https://www.artsro.com/right/enter_view.html?GoIdx=4050&CatNo=78
3926,타임피버,가수,78,대한민국의 래퍼&음악 쇼츠 유튜버,https://www.artsro.com/right/enter_view.html?GoIdx=3926&CatNo=78
3923,타이거JK&윤미래,가수,78,"한국 힙합 신에서 빼놓을 수 없는 전설, 윤미래와 타이거 JK",https://www.artsro.com/right/enter_view.html?GoIdx=3923&CatNo=78
3917,주영(Jooyoung),가수,78,"대한민국의 싱어송라이터, R&B 가수",https://www.artsro.com/right/enter_view.html?GoIdx=3917&CatNo=78
3906,거니 (g0nny),가수,78,긍정 에너지가 매력적인 R&B 싱어송라이터,https://www.artsro.com/right/enter_view.html?GoIdx=3906&CatNo=78
3882,폴로다레드,가수,78,대한민국의 래퍼,https://www.artsro.com/right/enter_view.html?GoIdx=3882&CatNo=78
3881,트레이비 (Tray B),가수,78,대한민국의 래퍼,https://www.artsro.com/right/enter_view.html?GoIdx=3881&CatNo=78
3880,플리키뱅 (Fleeky Bang),가수,78,대한민국의 래퍼,https://www.artsro.com/right/enter_view.html?GoIdx=3880&CatNo=78
3861,코웨이 (KOHWAY),가수,78,아프로비츠/아프로팝 장르를 처음으로 가져 온 선구자 격의 아티스트,https://www.artsro.com/right/enter_view.html?GoIdx=3861&CatNo=78
3786,CWAR (시월),가수,78,"랩, 프로듀싱 등 다양한 분야에서 활동하는 아티스트!",https://www.artsro.com/right/enter_view.html?GoIdx=3786&CatNo=78
3785,YS Block (와이에스 블록),가수,78,'용산'이라는 약자의 힙합 래퍼!,https://www.artsro.com/right/enter_view.html?GoIdx=3785&CatNo=78
3763,추서준,가수,78,이모힙합과 팝펑크를 주로 하는 래퍼!,https://www.artsro.com/right/enter_view.html?GoIdx=3763&CatNo=78
3762,지케이,가수,78,가수이자 프로듀서 및 회사 설립자!,https://www.artsro.com/right/enter_view.html?GoIdx=3762&CatNo=78
3622,JAEHA (재하),가수,78,"대한민국의 래퍼, 싱어송라이터, 힙합 아티스트!",https://www.artsro.com/right/enter_view.html?GoIdx=3622&CatNo=78
3621,Gist (지스트),가수,78,"대한민국의 래퍼, 싱어송라이터, 힙합 아티스트!",https://www.artsro.com/right/enter_view.html?GoIdx=3621&CatNo=78
3620,스키니 브라운,가수,78,비음이 강한 독특한 톤이 특징인 래퍼입니다!,https://www.artsro.com/right/enter_view.html?GoIdx=3620&CatNo=78
3619,오반,가수,78,대한민국의 싱어송라이터이자 래퍼,https://www.artsro.com/right/enter_view.html?GoIdx=3619&CatNo=78
3603,제이블랙,가수,78,가지각색의 매력의 소유자,https://www.artsro.com/right/enter_view.html?GoIdx=3603&CatNo=78
3593,시소 (SISO),가수,78,"독특한 음색과 신선한 주제, 가사, 제목 등을 특별하게 전달하는 싱어송라이터",https://www.artsro.com/right/enter_view.html?GoIdx=3593&CatNo=78
3592,시온 (SION),가수,78,"독일 출신의 싱어송라이터, 작곡사 및 프로듀서",https://www.artsro.com/right/enter_view.html?GoIdx=3592&CatNo=78
3511,따마 (THAMA),가수,78,"대한민국의 아메바컬쳐 소속 R&B 가수이자, 프로듀서",https://www.artsro.com/right/enter_view.html?GoIdx=3511&CatNo=78
3464,언에듀케이티드 키드,가수,78,대한민국 래퍼 영앤리치 레코즈 소속 래퍼,https://www.artsro.com/right/enter_view.html?GoIdx=3464&CatNo=78
3443,뉴진스님 (윤성호),가수,78,코미디언 출신 DJ,https://www.artsro.com/right/enter_view.html?GoIdx=3443&CatNo=78
3378,던밀스,가수,78,래퍼,https://www.artsro.com/right/enter_view.html?GoIdx=3378&CatNo=78
3374,노윤하,가수,78,기회가 왔어 또 Touch the sky 그래 닿으려 해 대기권,https://www.artsro.com/right/enter_view.html?GoIdx=3374&CatNo=78
3345,다니엘 지칼,가수,78,피네이션 신인 래퍼,https://www.artsro.com/right/enter_view.html?GoIdx=3345&CatNo=78
3219,빈첸,가수,78,특유의 어둡지만 직설적이며 꽂히는 가사가 무기인 래퍼,https://www.artsro.com/right/enter_view.html?GoIdx=3219&CatNo=78
3143,저드,가수,78,보컬과 랩의 경계를 자유롭게 넘나드는 아티스트,https://www.artsro.com/right/enter_view.html?GoIdx=3143&CatNo=78
3135,은지원,가수,78,"대한민국의 가수 겸 방송인. 4인조 보이그룹 젝스키스와 3인조 혼성그룹 클로버의 멤버이며, 리더, 메인래퍼, 리드보컬을 맡고 있는 은지원",https://www.artsro.com/right/enter_view.html?GoIdx=3135&CatNo=78
3134,지누션,가수,78,한국계 미국인인 지누와 션으로 구성된 힙합듀오 지누션,https://www.artsro.com/right/enter_view.html?GoIdx=3134&CatNo=78
3106,지조,가수,78,쇼미더머니2 준우승의 실력파 래퍼,https://www.artsro.com/right/enter_view.html?GoIdx=3106&CatNo=78
3103,루이(긱스),가수,78,힙합 듀오 Geeks의 멤버,https://www.artsro.com/right/enter_view.html?GoIdx=3103&CatNo=78
3075,팝핀현준,가수,78,"댄스 트레이너, 가수, 백석예술대학 교수까지 겸직하고 있는 대한민국 최고 춤꾼 팝핀현준",https://www.artsro.com/right/enter_view.html?GoIdx=3075&CatNo=78
3072,UPT(업타운),가수,78,힙합 R&B 그룹,https://www.artsro.com/right/enter_view.html?GoIdx=3072&CatNo=78
3045,DJ 이하늘,가수,78,힙합 그룹 DJ DOC의 리더,https://www.artsro.com/right/enter_view.html?GoIdx=3045&CatNo=78
2831,랍온어비트(lobonabeat!),가수,78,"트랩 비트에 쫀득쫀득한 랩을 구사하며, EP 앨범 lobonatune¡에서는 오토튠을 사용한 싱잉랩을 보여줬다.",https://www.artsro.com/right/enter_view.html?GoIdx=2831&CatNo=78
2631,용준형,가수,78,랩퍼이자 싱어송라이터,https://www.artsro.com/right/enter_view.html?GoIdx=2631&CatNo=78
2627,쏠(SOLE),가수,78,"'유일한, 단 하나의'",https://www.artsro.com/right/enter_view.html?GoIdx=2627&CatNo=78
2609,이루펀트 (Eluphant),가수,78,힙합그룹,https://www.artsro.com/right/enter_view.html?GoIdx=2609&CatNo=78
2605,아우릴고트 (OUREALGOAT),가수,78,트랩음악계의 힙합 아티스트,https://www.artsro.com/right/enter_view.html?GoIdx=2605&CatNo=78
2592,레게 강 같은 평화 (RGP),가수,78,"한국 레게 힙합의 선두주자, 하하X스컬",https://www.artsro.com/right/enter_view.html?GoIdx=2592&CatNo=78
2591,하하,가수,78,가수부터 MC까지! 만능 엔터테이너,https://www.artsro.com/right/enter_view.html?GoIdx=2591&CatNo=78
2578,유토 (JUTO),가수,78,안녕하세요! 유토입니다,https://www.artsro.com/right/enter_view.html?GoIdx=2578&CatNo=78
2526,김아일,가수,78,독특한 목소리가 특징인 래퍼,https://www.artsro.com/right/enter_view.html?GoIdx=2526&CatNo=78
2517,딘(DEAN),가수,78,얼터너티브 R&B (PBR&B) 장르를 한국에서 대중음악의 한 축으로 끌어올린 아티스트 딘(DEAN),https://www.artsro.com/right/enter_view.html?GoIdx=2517&CatNo=78
2498,스컬,가수,78,"대한민국 래퍼, 레게 뮤지션 스컬",https://www.artsro.com/right/enter_view.html?GoIdx=2498&CatNo=78
2497,쿤타,가수,78,"래퍼 겸 레게 가수, 한양대학교 교수 쿤타",https://www.artsro.com/right/enter_view.html?GoIdx=2497&CatNo=78
2489,아넌딜라이트,가수,78,기쁨이라는 뜻의 Anande와 영어로 기쁨을 뜻하는 Delight 래퍼 아넌딜라이트,https://www.artsro.com/right/enter_view.html?GoIdx=2489&CatNo=78
2488,조광일,가수,78,쇼미더머니10 우승자 속사포 래퍼 조광일.,https://www.artsro.com/right/enter_view.html?GoIdx=2488&CatNo=78
2404,마린(Marine) X 블랙나인(BLACK NINE)X 행주,가수,78,랩퍼포먼스를 선보이고 있는 마린(Marine) X 블랙나인(BLACK NINE)X 행주,https://www.artsro.com/right/enter_view.html?GoIdx=2404&CatNo=78
2378,드비타,가수,78,한국계 미국인 R&B 싱어송라이터 드비타(DeVita),https://www.artsro.com/right/enter_view.html?GoIdx=2378&CatNo=78
2376,구스범스,가수,78,DJ 겸 프로듀서 AOMG 소속 구스범스,https://www.artsro.com/right/enter_view.html?GoIdx=2376&CatNo=78
2373,디제이 웨건(DJ 웨건),가수,78,소속크루 벅와일즈의 DJ. 비트 프로듀싱도 하는 프로듀서이자 턴테이블 리스트이다.,https://www.artsro.com/right/enter_view.html?GoIdx=2373&CatNo=78
2371,디제이 펌킨(DJ 펌킨),가수,78,현 AOMG CEO 디제이 펌킨,https://www.artsro.com/right/enter_view.html?GoIdx=2371&CatNo=78
2350,지올팍,가수,78,마미손이 만든 레이블인 Beautiful Noise 소속 가수 지올팍.,https://www.artsro.com/right/enter_view.html?GoIdx=2350&CatNo=78
2256,디제이랠리(DJ랠리),가수,78,가수 '미소'의 DJ활동명 랠리!!,https://www.artsro.com/right/enter_view.html?GoIdx=2256&CatNo=78
2183,미란이,가수,78,무대 위 카리스마 래퍼 '미란이',https://www.artsro.com/right/enter_view.html?GoIdx=2183&CatNo=78
2182,토이고,가수,78,"It's your boy T right here, UNDER SEONGSU BRIDGE",https://www.artsro.com/right/enter_view.html?GoIdx=2182&CatNo=78
2181,블라세,가수,78,쇼미더머니11 TOP3,https://www.artsro.com/right/enter_view.html?GoIdx=2181&CatNo=78
2179,홍다빈,가수,78,Coming to you LIVE,https://www.artsro.com/right/enter_view.html?GoIdx=2179&CatNo=78
2176,크러쉬(Crush),가수,78,"장르 불문 냈다 하면 히트, 올라운드 싱어송라이터",https://www.artsro.com/right/enter_view.html?GoIdx=2176&CatNo=78
2112,예지,가수,78,언프리티 랩스타 출신의 걸그룹 래퍼 본좌,https://www.artsro.com/right/enter_view.html?GoIdx=2112&CatNo=78
2110,호미들,가수,78,정말 친한 친구들 호미들,https://www.artsro.com/right/enter_view.html?GoIdx=2110&CatNo=78
1684,김승민,가수,78,낮고 굵은 목소리 톤과  빠르게 흘리는 듯한 플로우를 가진 래퍼,https://www.artsro.com/right/enter_view.html?GoIdx=1684&CatNo=78
1683,퀸와사비,가수,78,spice it up! 주체적이고 강인한 여성 래퍼,https://www.artsro.com/right/enter_view.html?GoIdx=1683&CatNo=78
1667,트레이드 엘(TRADE L),가수,78,고등래퍼 4의 우승자,https://www.artsro.com/right/enter_view.html?GoIdx=1667&CatNo=78
1666,박현진,가수,78,K팝 스타 출신 가수 & 래퍼,https://www.artsro.com/right/enter_view.html?GoIdx=1666&CatNo=78
1663,우디 고차일드,가수,78,Yes I'm Woodie Gochild,https://www.artsro.com/right/enter_view.html?GoIdx=1663&CatNo=78
1644,쿤디판다,가수,78,날카로운 하이톤의 랩을 미니멀한 비트에다 타이트하게 뱉는 래퍼,https://www.artsro.com/right/enter_view.html?GoIdx=1644&CatNo=78
1631,리듬파워,가수,78,재치있는 무대매너로 공연장에서 더욱더 진가를 발휘하는 그룹,https://www.artsro.com/right/enter_view.html?GoIdx=1631&CatNo=78
1629,미스터 붐박스,가수,78,비트박스 싱어 장르 개척자,https://www.artsro.com/right/enter_view.html?GoIdx=1629&CatNo=78
1608,DJ 소다,가수,78,아시아 전 지역에서 러브콜을 받는 디제이,https://www.artsro.com/right/enter_view.html?GoIdx=1608&CatNo=78
1598,김상민그는감히전설이라고할수있다,가수,78,랩퍼 김상민,https://www.artsro.com/right/enter_view.html?GoIdx=1598&CatNo=78
1597,론,가수,78,그룹 위아의 멤버,https://www.artsro.com/right/enter_view.html?GoIdx=1597&CatNo=78
1596,양홍원,가수,78,"고등래퍼, 쇼미더머니 결승 무대를 참가자로서 경험한 유일한 래퍼",https://www.artsro.com/right/enter_view.html?GoIdx=1596&CatNo=78
1595,저스디스,가수,78,Bring Rap JUSTHIS,https://www.artsro.com/right/enter_view.html?GoIdx=1595&CatNo=78
1594,진보(JINBO),가수,78,"SM, YG, BigHit 등 아이돌 기획사들과의 협업 또한 활발한 대한민국의 프로듀서이자 싱어송라이터",https://www.artsro.com/right/enter_view.html?GoIdx=1594&CatNo=78
1593,그냥노창,가수,78,퀄리티와 색깔 모두 완벽하게 잡고있는 아티스트,https://www.artsro.com/right/enter_view.html?GoIdx=1593&CatNo=78
1592,지미 페이지(JIMMY PAIGE),가수,78,허스키한 하이톤의 래퍼이자 한국 남성 모델,https://www.artsro.com/right/enter_view.html?GoIdx=1592&CatNo=78
1534,폴 블랑코(Paul Blanco),가수,78,힙합씬에서 핫하게 떠오르는 캐나다 출신 뮤지션,https://www.artsro.com/right/enter_view.html?GoIdx=1534&CatNo=78
1532,던말릭(DON MALIK ),가수,78,"촘촘한 라임 설계, 변칙적인 플로우, 거친 톤의 래퍼",https://www.artsro.com/right/enter_view.html?GoIdx=1532&CatNo=78
1431,미노이,가수,78,MZ세대의 아이콘이자 독보적인 캐릭터로 자리잡은 래퍼,https://www.artsro.com/right/enter_view.html?GoIdx=1431&CatNo=78
1349,로꼬,가수,78,"쇼미더머니 초대 우승자, 최초 일반인 우승자",https://www.artsro.com/right/enter_view.html?GoIdx=1349&CatNo=78
1341,쿠기,가수,78,깔끔한 랩과 보이스 톤의 실력파 래퍼,https://www.artsro.com/right/enter_view.html?GoIdx=1341&CatNo=78
1330,신스 (SINCE),가수,78,쇼미더머니10 준우승,https://www.artsro.com/right/enter_view.html?GoIdx=1330&CatNo=78
1329,릴보이,가수,78,쇼미더머니9  우승,https://www.artsro.com/right/enter_view.html?GoIdx=1329&CatNo=78
1327,래원,가수,78,쇼미더머니9 3위,https://www.artsro.com/right/enter_view.html?GoIdx=1327&CatNo=78
1326,머쉬베놈,가수,78,소미더머니9  준우승,https://www.artsro.com/right/enter_view.html?GoIdx=1326&CatNo=78
1285,릴러말즈(Leellamarz),가수,78,대한민국 국가대표 허슬 래퍼,https://www.artsro.com/right/enter_view.html?GoIdx=1285&CatNo=78
1282,한해,가수,78,랩과 보컬의 경계를 넘나드는 전천후 아티스트,https://www.artsro.com/right/enter_view.html?GoIdx=1282&CatNo=78
1281,펀치넬로(punchnello),가수,78,쇼미더머니8 우승자,https://www.artsro.com/right/enter_view.html?GoIdx=1281&CatNo=78
1279,소코도모(sokodomo),가수,78,한국 힙합에선 찾아보기 힘든 독창적인 스타일의 래퍼,https://www.artsro.com/right/enter_view.html?GoIdx=1279&CatNo=78
1278,원슈타인,가수,78,음악적인 역량과 스펙트럼이 뛰어난 래퍼,https://www.artsro.com/right/enter_view.html?GoIdx=1278&CatNo=78
1275,비오(BEO),가수,78,"쇼미더머니10 3위, 싱잉랩의 신 음원강자",https://www.artsro.com/right/enter_view.html?GoIdx=1275&CatNo=78
1274,이영지,가수,78,"M.net 고등래퍼3 우승, 쇼미더머니11 우승",https://www.artsro.com/right/enter_view.html?GoIdx=1274&CatNo=78
1159,자이언트핑크 (Giant Pink),가수,78,"여성힙합계의 거대한, 자이언트핑크",https://www.artsro.com/right/enter_view.html?GoIdx=1159&CatNo=78
1158,헤이즈 (Heize),가수,78,몽환적이고 매력적인 음색의 가수,https://www.artsro.com/right/enter_view.html?GoIdx=1158&CatNo=78
1139,빅나티(BIG Naughty),가수,78,싱잉랩을 구사하는 독특한 미성의 소유자,https://www.artsro.com/right/enter_view.html?GoIdx=1139&CatNo=78
1137,피에이치원(pH-1),가수,78,힙합씬에 떠오르는 싱잉랩퍼.,https://www.artsro.com/right/enter_view.html?GoIdx=1137&CatNo=78
1121,마미손,가수,78,핑크색 복면을 쓴 정체불명의 래퍼,https://www.artsro.com/right/enter_view.html?GoIdx=1121&CatNo=78
1106,HAON(김하온),가수,78,고등랩퍼의 우승자!! 명상하는 랩퍼 HAON!!,https://www.artsro.com/right/enter_view.html?GoIdx=1106&CatNo=78
1098,자이언티(Zion.T),가수,78,"음원, 음색깡패. 양화대교",https://www.artsro.com/right/enter_view.html?GoIdx=1098&CatNo=78
1086,ZENE THE ZILLA(제네 더 질라),가수,78,"개성있는 발음과 래핑, 독보적인 스타일의 랩퍼",https://www.artsro.com/right/enter_view.html?GoIdx=1086&CatNo=78
1083,수퍼비(SUPERBEE),가수,78,벌 같은 보이스와 독특합 랩 스타일의,https://www.artsro.com/right/enter_view.html?GoIdx=1083&CatNo=78
1082,넉살,가수,78,무대위의 지배자,https://www.artsro.com/right/enter_view.html?GoIdx=1082&CatNo=78
1044,재키와이 (Jvcki Wai),가수,78,독보적인 매력 걸크러쉬 래퍼 '재키와이',https://www.artsro.com/right/enter_view.html?GoIdx=1044&CatNo=78
1031,키썸 (Kisum),가수,78,Hello my name K.I.S.U.M 뮤직 거꾸로 뒤집어 M.U.S.I.K,https://www.artsro.com/right/enter_view.html?GoIdx=1031&CatNo=78
1025,키디비 (KittiB),가수,78,진솔된 가사와 검증된 랩 실력으로 평정한다 '키디비',https://www.artsro.com/right/enter_view.html?GoIdx=1025&CatNo=78
1002,그리 (GREE),가수,78,편견은없다 진솔함으로 대중을 사로잡았다 '그리',https://www.artsro.com/right/enter_view.html?GoIdx=1002&CatNo=78
985,비비 (Naked BiBi),가수,78,애교만점 출구없는 매력 '비비',https://www.artsro.com/right/enter_view.html?GoIdx=985&CatNo=78
981,비지 (Bizzy),가수,78,거침없는 플로우와 바이브 숨은 실력자 '비지',https://www.artsro.com/right/enter_view.html?GoIdx=981&CatNo=78
979,키드밀리 (Kid Milli),가수,78,화려한 래핑 치명적인 매력 트렌디한 래퍼 '키드밀리',https://www.artsro.com/right/enter_view.html?GoIdx=979&CatNo=78
944,정기고,가수,78,감각적이고 로맨틱한 목소리로 감성을 자극한다  국민썸남 '정기고',https://www.artsro.com/right/enter_view.html?GoIdx=944&CatNo=78
942,지코 (ZICO),가수,78,모든게 완벽하다 천재 프로듀서 '지코',https://www.artsro.com/right/enter_view.html?GoIdx=942&CatNo=78
938,엘로 (ELO),가수,78,몽환적인 분위기 특유의 담백하고도 세련된 감성으로 노래한다 비빌병기 '엘로',https://www.artsro.com/right/enter_view.html?GoIdx=938&CatNo=78
839,서사무엘,가수,78,음악을 넘어 문화의 아이콘까지 끊임 없이 새로움을 추구하는 현재도 진화중이다 '서사무엘',https://www.artsro.com/right/enter_view.html?GoIdx=839&CatNo=78
789,애쉬 아일랜드,가수,78,아카펠라 랩으로 모두 주목 했다. 강렬하게 다가온 슈퍼 루키 '애쉬아일랜드',https://www.artsro.com/right/enter_view.html?GoIdx=789&CatNo=78
788,창모,가수,78,못하는게 없다 다재다능한 천재 뮤지션 마에스트로 '창모',https://www.artsro.com/right/enter_view.html?GoIdx=788&CatNo=78
787,김효은,가수,78,중저음의 동굴 목소리에 뿜어져 나오는 카리스마 반항아 '김효은',https://www.artsro.com/right/enter_view.html?GoIdx=787&CatNo=78
786,해쉬스완,가수,78,누구와도 음악이 겹치지 않고 또렷한 색으로 빛나는 백조 '해쉬스완',https://www.artsro.com/right/enter_view.html?GoIdx=786&CatNo=78
783,빈지노,가수,78,부드러운 래핑이 최대 개성인 혜성처럼 등장한 최고의 리릭시스트 '빈지노',https://www.artsro.com/right/enter_view.html?GoIdx=783&CatNo=78
765,한요한,가수,78,기타 멘 래퍼 만능 싱어송라이터 '한요한',https://www.artsro.com/right/enter_view.html?GoIdx=765&CatNo=78
764,스월비 (Swervy),가수,78,신선한 충격만 던진다  치명적인 그녀 '스월비',https://www.artsro.com/right/enter_view.html?GoIdx=764&CatNo=78
763,오션검 (Osshun Gum),가수,78,혜성처럼 등장한 다크호스 '오션검',https://www.artsro.com/right/enter_view.html?GoIdx=763&CatNo=78
761,씨잼,가수,78,힙합 악동 '씨잼',https://www.artsro.com/right/enter_view.html?GoIdx=761&CatNo=78
760,블랙넛,가수,78,직설적인 가사와 솔직함이 매력인 보이스웨어 '블랙넛',https://www.artsro.com/right/enter_view.html?GoIdx=760&CatNo=78
758,스웨이디(Sway D),가수,78,색깔과 개성이 강한 소울 허리케인 '스웨이디',https://www.artsro.com/right/enter_view.html?GoIdx=758&CatNo=78
756,윤비 (YunB),가수,78,음악과 힙합에 철학을 담아낸다~떠오르는 슈퍼신예 '윤비',https://www.artsro.com/right/enter_view.html?GoIdx=756&CatNo=78
755,조원우,가수,78,프리스타일의 최강자가 되어 돌아왔다 랩알파고 '조원우',https://www.artsro.com/right/enter_view.html?GoIdx=755&CatNo=78
754,지투 (G2),가수,78,힙합 귀요미 힙한 천재 '지투',https://www.artsro.com/right/enter_view.html?GoIdx=754&CatNo=78
752,허클베리피,가수,78,항상 모험을 한다 프리스타일 No.1 3대천왕 '헤클베리피',https://www.artsro.com/right/enter_view.html?GoIdx=752&CatNo=78
750,레디 (Reddy),가수,78,독보적인 섬세한 감성과 강렬한 카리스마 '레디',https://www.artsro.com/right/enter_view.html?GoIdx=750&CatNo=78
746,팔로알토,가수,78,묵묵히 힙합의 길을 걸어 온 베테랑 '팔로알토',https://www.artsro.com/right/enter_view.html?GoIdx=746&CatNo=78
379,버벌진트,가수,78,King Of Flow 라임의 4대 천왕 '버벌진트',https://www.artsro.com/right/enter_view.html?GoIdx=379&CatNo=78
369,매드클라운,가수,78,명확한 전달력으로 랩을 하는 똑똑이 래퍼 '매드클라운',https://www.artsro.com/right/enter_view.html?GoIdx=369&CatNo=78
364,딘딘(DinDin),가수,78,예능형 래퍼 딘딘은 딘딘에 '딘딘',https://www.artsro.com/right/enter_view.html?GoIdx=364&CatNo=78
357,알피(R.P),가수,78,언더그라운드의 싸이! 공연의 천재!,https://www.artsro.com/right/enter_view.html?GoIdx=357&CatNo=78
289,도끼(Dok2),가수,78,꾸준히 노력하고 연습하는 부지런한 래퍼 '도끼',https://www.artsro.com/right/enter_view.html?GoIdx=289&CatNo=78
287,더콰이엇(The Quiett),가수,78,혁신적인 트렌드를 몰고 다닌다 힙합 신 '더콰이엇',https://www.artsro.com/right/enter_view.html?GoIdx=287&CatNo=78
252,데프콘,가수,78,아이돌들의 삼촌 힙합 비둘기 '데프콘',https://www.artsro.com/right/enter_view.html?GoIdx=252&CatNo=78
251,에픽하이,가수,78,힙합 대중화의 선두주자 '에픽하이',https://www.artsro.com/right/enter_view.html?GoIdx=251&CatNo=78
154,디제이 디오씨(DJ DOC),가수,78,1990년대 전설의 갱스터 힙합 그룹,https://www.artsro.com/right/enter_view.html?GoIdx=154&CatNo=78
3810,자두,가수,79,특유한 음색과 톡톡 튀는 노래로 대중을 사로 잡은 가수!,https://www.artsro.com/right/enter_view.html?GoIdx=3810&CatNo=79
1055,스테파니(STEPHANIE),가수,79,흔들림 없는 라이브와 우아한 안무 천무 '스테파니',https://www.artsro.com/right/enter_view.html?GoIdx=1055&CatNo=79
1205,전지윤,가수,79,솔직한 매력을 가진 화려한 퍼포먼스의 실력파 솔로 가수,https://www.artsro.com/right/enter_view.html?GoIdx=1205&CatNo=79
4747,베이비복스,가수,79,"“안녕하세요, Baby V.O.X입니다!”",https://www.artsro.com/right/enter_view.html?GoIdx=4747&CatNo=79
2699,초아 (CHOA),가수,79,걸그룹 AOA 출신,https://www.artsro.com/right/enter_view.html?GoIdx=2699&CatNo=79
889,이현우,가수,79,감성을 자극하는 깊은 울림의 보이스로 감동을 선사하는 '이현우',https://www.artsro.com/right/enter_view.html?GoIdx=889&CatNo=79
4022,god (지오디),가수,79,지오디의 4인 체제!,https://www.artsro.com/right/enter_view.html?GoIdx=4022&CatNo=79
245,싸이,가수,79,국내를 넘어서 전 세계적으로 히트히트 강남스타일 '싸이',https://www.artsro.com/right/enter_view.html?GoIdx=245&CatNo=79
303,볼빨간사춘기,가수,79,순수하고 싱그러운 첫사랑 같은 사춘기스러움,https://www.artsro.com/right/enter_view.html?GoIdx=303&CatNo=79
284,노라조,가수,79,"웃기지만 우습지 않은, B급인 척 하는 S급 그룹",https://www.artsro.com/right/enter_view.html?GoIdx=284&CatNo=79
340,선미,가수,79,고혹적인 외모와 재능을 겸비한 독보적인 글로벌 케이팝 퀸,https://www.artsro.com/right/enter_view.html?GoIdx=340&CatNo=79
246,이선희,가수,79,신이 내린 목소리 파워풀한 가창력 대한민국 최고의 보컬 '이선희',https://www.artsro.com/right/enter_view.html?GoIdx=246&CatNo=79
370,바다,가수,79,뮤지컬과 음악을 동시에 바다처럼 시원시원한 가창력 열정적인 '최성희',https://www.artsro.com/right/enter_view.html?GoIdx=370&CatNo=79
242,인순이,가수,79,모든 장르를 소화하는 최고의 가창력 최고의 가수 '인순이',https://www.artsro.com/right/enter_view.html?GoIdx=242&CatNo=79
278,김윤아,가수,79,몽환적 여신 싱어송라이터 '김윤아',https://www.artsro.com/right/enter_view.html?GoIdx=278&CatNo=79
613,소향,가수,79,4옥타브를 넘나드는 최고의 가창력을 지닌 의심의 여지 없이 세계적으로 손꼽히는 천상의 목소리 '소향',https://www.artsro.com/right/enter_view.html?GoIdx=613&CatNo=79
339,현아,가수,79,노래하고 춤을 출때가 가장 행복한 패왕색의 '현아',https://www.artsro.com/right/enter_view.html?GoIdx=339&CatNo=79
1166,장한이,가수,79,보이스퀸Top7 / 엄마의 마음을 노래하는 따뜻한 보이스,https://www.artsro.com/right/enter_view.html?GoIdx=1166&CatNo=79
4827,솔비&군조,가수,79,음악·퍼포먼스·아트를 넘나드는 올라운드 아티스트 듀오 솔비&군조.,https://www.artsro.com/right/enter_view.html?GoIdx=4827&CatNo=79
4821,김정남(터보),가수,79,"그룹 터보의 메인 보컬로, 1990년대 대한민국 가요계를 대표한 레전드 아티스트",https://www.artsro.com/right/enter_view.html?GoIdx=4821&CatNo=79
4804,박진영,가수,79,JYP엔터테인먼트의 CCO 겸 대표 프로듀서,https://www.artsro.com/right/enter_view.html?GoIdx=4804&CatNo=79
4783,씨야,가수,79,세대를 아우르는 감성과 라이브 실력을 자랑하는 아티스트,https://www.artsro.com/right/enter_view.html?GoIdx=4783&CatNo=79
4683,임현정,가수,79,"영화 〈만약의 우리〉 OST로 역주행한 명곡의 주인공, 깊은 감성과 서정적인 음색을 지닌 싱어송라이터",https://www.artsro.com/right/enter_view.html?GoIdx=4683&CatNo=79
4658,예찬,가수,79,싱어게인 4 탑7,https://www.artsro.com/right/enter_view.html?GoIdx=4658&CatNo=79
4635,YEGNY (최예근),가수,79,K팝 스타 시즌2 출신의 싱어송라이터.,https://www.artsro.com/right/enter_view.html?GoIdx=4635&CatNo=79
4620,이지카이트,가수,79,이지카인트는 개성 있는 음색과 솔직한 가사를 바탕으로 무대와 음원에서 강한 존재감을 보여주는 아티스트.,https://www.artsro.com/right/enter_view.html?GoIdx=4620&CatNo=79
4606,주시크(Joosiq),가수,79,감성 R&B를 대표하는 아티스트로 꾸준한 음악 활동을 하는 아티스트,https://www.artsro.com/right/enter_view.html?GoIdx=4606&CatNo=79
4583,규리,가수,79,섬세한 감정 표현과 맑은 음색으로 주목받은 싱어게인4 탑 6인,https://www.artsro.com/right/enter_view.html?GoIdx=4583&CatNo=79
4582,서도,가수,79,전통과 현대를 넘나드는 가수,https://www.artsro.com/right/enter_view.html?GoIdx=4582&CatNo=79
4581,슬로울리(slowly),가수,79,언더커버 최종 5인이자 싱어게인4의 탑 6인의 가수,https://www.artsro.com/right/enter_view.html?GoIdx=4581&CatNo=79
4580,김재민,가수,79,싱어게인4의 최종 3위를 차지한 야망 가수,https://www.artsro.com/right/enter_view.html?GoIdx=4580&CatNo=79
4579,그윈 도라도(Gwyn Dorado),가수,79,"필리핀의 가수이자 기타리스트, 작사가, 작곡가 이자 싱인어게인4 탑 6인",https://www.artsro.com/right/enter_view.html?GoIdx=4579&CatNo=79
4578,이오욱,가수,79,2026 싱어게인 4 우승자 이자 밴드 LOW의 보컬,https://www.artsro.com/right/enter_view.html?GoIdx=4578&CatNo=79
4568,공원,가수,79,싱어게인 4 TOP 10 (61호 가수),https://www.artsro.com/right/enter_view.html?GoIdx=4568&CatNo=79
4475,장한음,가수,79,"유일무이 육각형 솔로아이돌, 한음(HANEUM)",https://www.artsro.com/right/enter_view.html?GoIdx=4475&CatNo=79
4333,김규종,가수,79,SS501출신 가수 겸 배우,https://www.artsro.com/right/enter_view.html?GoIdx=4333&CatNo=79
4329,남규리,가수,79,짜를 마주하며 깨달음을 통해 성장하고 성장을 통해 이루는 아티스트 남규리.,https://www.artsro.com/right/enter_view.html?GoIdx=4329&CatNo=79
4293,다혜,가수,79,걸그룹 '베스티' 출신 가수,https://www.artsro.com/right/enter_view.html?GoIdx=4293&CatNo=79
4289,유정석,가수,79,시원시원한 가창력을 가진 애니메이션 OST의 대가,https://www.artsro.com/right/enter_view.html?GoIdx=4289&CatNo=79
4144,재쓰비(JAESSBEE),가수,79,"""모두 예를 갖춰야 한다. YEAH~""",https://www.artsro.com/right/enter_view.html?GoIdx=4144&CatNo=79
4131,윤여규 (Youn Yeo Kyu),가수,79,대한민국의 락 발라드 가수,https://www.artsro.com/right/enter_view.html?GoIdx=4131&CatNo=79
4027,이박사,가수,79,뽕짝의 대표 주자,https://www.artsro.com/right/enter_view.html?GoIdx=4027&CatNo=79
3945,로시 (Rothy),가수,79,사랑스러운 음색과 섬세한 감성을 지닌 가수,https://www.artsro.com/right/enter_view.html?GoIdx=3945&CatNo=79
3910,이재엽,가수,79,TV조선 대학가요제에서 우승,https://www.artsro.com/right/enter_view.html?GoIdx=3910&CatNo=79
3889,오종혁,가수,79,솔로앨범을 발표하며 발라드의 귀재로 홀로서기에 성공한 오종혁,https://www.artsro.com/right/enter_view.html?GoIdx=3889&CatNo=79
3884,럼블피쉬,가수,79,으라차차! 힘 있고 좋은 목소리로 대중에게 힐링을 선사하는 1인 밴드,https://www.artsro.com/right/enter_view.html?GoIdx=3884&CatNo=79
3839,써니힐 은주,가수,79,대한민국의 3인조 걸그룹 써니힐의 멤버 '은주',https://www.artsro.com/right/enter_view.html?GoIdx=3839&CatNo=79
3811,마음전파상,가수,79,마음을 고치고 마음을 전하는 음악을 하는 듀오!,https://www.artsro.com/right/enter_view.html?GoIdx=3811&CatNo=79
3775,추화정,가수,79,아이돌 디홀릭에서 메인보컬을 맡았던 가수!,https://www.artsro.com/right/enter_view.html?GoIdx=3775&CatNo=79
3753,박남정,가수,79,고유의 음색과 특유의 창법을 지닌 싱어송 라이터!,https://www.artsro.com/right/enter_view.html?GoIdx=3753&CatNo=79
3596,정미조,가수,79,"대한민국의 가수, 서양화가이다",https://www.artsro.com/right/enter_view.html?GoIdx=3596&CatNo=79
3545,조권,가수,79,태생부터 남다른 원조 깝권 '조권',https://www.artsro.com/right/enter_view.html?GoIdx=3545&CatNo=79
3529,인썬 (IN SUN),가수,79,"카멜레온 같은 매력, 실력파 가수 인썬",https://www.artsro.com/right/enter_view.html?GoIdx=3529&CatNo=79
3527,노이즈,가수,79,90년대 중반을 대표하는 X세대 아이돌,https://www.artsro.com/right/enter_view.html?GoIdx=3527&CatNo=79
3513,유승우,가수,79,따뜻하고 포근한 감성을 가진 아티스트 '유승우',https://www.artsro.com/right/enter_view.html?GoIdx=3513&CatNo=79
3510,방예담,가수,79,음색과 기교가 모두 뛰어난 R&B형 보컬,https://www.artsro.com/right/enter_view.html?GoIdx=3510&CatNo=79
3504,요아리 (YOARI),가수,79,독보적인 음색과 몽환적인 보이스로 대중에게 알려진 요아리,https://www.artsro.com/right/enter_view.html?GoIdx=3504&CatNo=79
3491,이승기,가수,79,가수 겸 배우,https://www.artsro.com/right/enter_view.html?GoIdx=3491&CatNo=79
3470,코리아나,가수,79,100세 시대 살아있는 레전드 그룹 “코리아나”,https://www.artsro.com/right/enter_view.html?GoIdx=3470&CatNo=79
3446,임세준,가수,79,'오늘은 가지마'가 있으며 신용재의 '가수가 된 이유'의 자곡가 이자 가수,https://www.artsro.com/right/enter_view.html?GoIdx=3446&CatNo=79
3385,박종민,가수,79,노래방 서바이벌 VS 우승자,https://www.artsro.com/right/enter_view.html?GoIdx=3385&CatNo=79
3313,채연,가수,79,전통적인 댄스 음악 여자 솔로 가수,https://www.artsro.com/right/enter_view.html?GoIdx=3313&CatNo=79
3267,울랄라세션,가수,79,"2011년 슈퍼스타 K3 우승, 보컬 퍼포먼스 그룹",https://www.artsro.com/right/enter_view.html?GoIdx=3267&CatNo=79
3247,BMK,가수,79,소울 국모,https://www.artsro.com/right/enter_view.html?GoIdx=3247&CatNo=79
3216,권인하,가수,79,대한민국 싱어송라이터,https://www.artsro.com/right/enter_view.html?GoIdx=3216&CatNo=79
3209,이민우,가수,79,"대한민국의 가수 겸 배우. 6인조 보이그룹 신화의 멤버이며, 리드보컬과 메인댄서이자 프로듀서를 맡고 있다.",https://www.artsro.com/right/enter_view.html?GoIdx=3209&CatNo=79
3208,전진,가수,79,"대한민국의 가수. 6인조 보이그룹 신화의 멤버이며, 서브보컬, 리드래퍼, 리드댄서를 맡고 있다.",https://www.artsro.com/right/enter_view.html?GoIdx=3208&CatNo=79
3207,박선주,가수,79,"대한민국의 싱어송라이터, 보컬 트레이너, 교수 겸 프로듀서",https://www.artsro.com/right/enter_view.html?GoIdx=3207&CatNo=79
3203,비(정지훈),가수,79,가수 겸 배우,https://www.artsro.com/right/enter_view.html?GoIdx=3203&CatNo=79
3200,박완규,가수,79,대한민국의 가수이자 부활의 리드보컬.,https://www.artsro.com/right/enter_view.html?GoIdx=3200&CatNo=79
3172,탁재훈 크루,가수,79,멀티 엔터테이너의 강자,https://www.artsro.com/right/enter_view.html?GoIdx=3172&CatNo=79
3104,별,가수,79,반짝반짝 빛나는 가수 별,https://www.artsro.com/right/enter_view.html?GoIdx=3104&CatNo=79
3102,이재훈(쿨),가수,79,국민적 사랑을 받고 수많은 히트곡을 낸 '쿨'의 멤버이자 메인보컬,https://www.artsro.com/right/enter_view.html?GoIdx=3102&CatNo=79
3079,배기성,가수,79,남성 듀오 캔의 멤버 배기성,https://www.artsro.com/right/enter_view.html?GoIdx=3079&CatNo=79
3073,정이한,가수,79,밴드 더 넛츠 2기 멤버의 메인보컬로 활동중인 정이한,https://www.artsro.com/right/enter_view.html?GoIdx=3073&CatNo=79
2975,송이한,가수,79,'밝게 빛나는 별이 되어 비춰줄게'로 레전드를 쓴 가수,https://www.artsro.com/right/enter_view.html?GoIdx=2975&CatNo=79
2935,양파,가수,79,발라드 가수 겸 싱어송라이터,https://www.artsro.com/right/enter_view.html?GoIdx=2935&CatNo=79
2832,이바다(LEEBADA),가수,79,"대체 불가능한 톤으로 자신만의 색깔을 보여주고 있는데, 이바다 특유의 허스키하고 어두운 무드의 중저음 진성과 그에 대비되는 애절하고 간드러지는 고음으로 곡의 분위기",https://www.artsro.com/right/enter_view.html?GoIdx=2832&CatNo=79
2829,유라(youra),가수,79,독특한 음색과 지적인 가사로 현재 매우 주목받는 가수,https://www.artsro.com/right/enter_view.html?GoIdx=2829&CatNo=79
2733,타이푼(TYPHOON),가수,79,데뷔 18년차 혼성 댄스 음악의 베테랑,https://www.artsro.com/right/enter_view.html?GoIdx=2733&CatNo=79
2712,조장혁,가수,79,싱어송라이터,https://www.artsro.com/right/enter_view.html?GoIdx=2712&CatNo=79
2700,가호,가수,79,대한민국의 싱어송라이터,https://www.artsro.com/right/enter_view.html?GoIdx=2700&CatNo=79
2676,세븐,가수,79,"단 한번도 꿈이 바뀐 적이 없는, 가수이자 뮤지컬 배우",https://www.artsro.com/right/enter_view.html?GoIdx=2676&CatNo=79
2674,환희,가수,79,플라이 투 더 스카이의 멤버,https://www.artsro.com/right/enter_view.html?GoIdx=2674&CatNo=79
2650,김영민,가수,79,태사자 김영민,https://www.artsro.com/right/enter_view.html?GoIdx=2650&CatNo=79
2622,제이미(JAMIE/박지민),가수,79,"리듬깡패, 탄탄한 내공",https://www.artsro.com/right/enter_view.html?GoIdx=2622&CatNo=79
2617,나인(Nine9),가수,79,디어클라우드 모던락 밴드 보컬 가수 나인,https://www.artsro.com/right/enter_view.html?GoIdx=2617&CatNo=79
2616,위아영,가수,79,대한민국 가수 듀오 위아영,https://www.artsro.com/right/enter_view.html?GoIdx=2616&CatNo=79
2610,임지수,가수,79,동굴같은 저음과 속시원한 고음,https://www.artsro.com/right/enter_view.html?GoIdx=2610&CatNo=79
2604,백아연,가수,79,아름다운 목소리의 음색 여신,https://www.artsro.com/right/enter_view.html?GoIdx=2604&CatNo=79
2582,포지션,가수,79,포지션의 멤버 임재욱,https://www.artsro.com/right/enter_view.html?GoIdx=2582&CatNo=79
2569,산다라박,가수,79,2NE1 멤버 산다라박,https://www.artsro.com/right/enter_view.html?GoIdx=2569&CatNo=79
2537,에메랄드 캐슬 지우,가수,79,에메랄드 캐슬의 보컬 지우,https://www.artsro.com/right/enter_view.html?GoIdx=2537&CatNo=79
2536,박현서,가수,79,청아한 목소리와 촉촉하고 감미로운 감성 발라더 박현서,https://www.artsro.com/right/enter_view.html?GoIdx=2536&CatNo=79
2531,휘인,가수,79,마마무의 올라운더 보컬,https://www.artsro.com/right/enter_view.html?GoIdx=2531&CatNo=79
2529,헨리,가수,79,만능엔터테이너 헨리입니다.,https://www.artsro.com/right/enter_view.html?GoIdx=2529&CatNo=79
2524,죠지,가수,79,해외에서 먼저 인정받은 아티스트,https://www.artsro.com/right/enter_view.html?GoIdx=2524&CatNo=79
2460,임정희,가수,79,가수이자 뮤지컬 배우 임정희.,https://www.artsro.com/right/enter_view.html?GoIdx=2460&CatNo=79
2144,문수진,가수,79,달처럼 은은히 빛나는 싱어송라이터,https://www.artsro.com/right/enter_view.html?GoIdx=2144&CatNo=79
2140,마이티마우스,가수,79,"CHUFLEX, SHORRY J 2인조 힙합 듀오",https://www.artsro.com/right/enter_view.html?GoIdx=2140&CatNo=79
2091,이소정,가수,79,허스키한 음색과 시원하면서 부드러운 창법의 소유자,https://www.artsro.com/right/enter_view.html?GoIdx=2091&CatNo=79
1889,박진주,가수,79,"WSG워너비 소속의 엄청난 가창력의 소유자, 만능 엔터테이너",https://www.artsro.com/right/enter_view.html?GoIdx=1889&CatNo=79
1880,영지,가수,79,허스키한 음색이 특징인 여성 보컬,https://www.artsro.com/right/enter_view.html?GoIdx=1880&CatNo=79
1875,조문근,가수,79,"슈퍼스타에서 아티스트로, 늘 새로움을 추구하는 아티스트",https://www.artsro.com/right/enter_view.html?GoIdx=1875&CatNo=79
1705,정홍일,가수,79,싱어게인 - 무명가수전 준우승한 정통 헤비메탈 가수,https://www.artsro.com/right/enter_view.html?GoIdx=1705&CatNo=79
1704,김기태,가수,79,싱어게인 2 - 무명가수전 파이널 최종 우승,https://www.artsro.com/right/enter_view.html?GoIdx=1704&CatNo=79
1671,박광선,가수,79,특유의 섹시한 음색으로 파워풀한 고음 담당,https://www.artsro.com/right/enter_view.html?GoIdx=1671&CatNo=79
1662,김종국,가수,79,가수 겸 방송인으로 활동하는 멀티엔터테이너,https://www.artsro.com/right/enter_view.html?GoIdx=1662&CatNo=79
1659,이하이,가수,79,허스키한 목소리와 뛰어난 박자감각 그리고 곡을 해석하는 능력이 탁월한 보컬리스트,https://www.artsro.com/right/enter_view.html?GoIdx=1659&CatNo=79
1639,정재형,가수,79,대한민국 가요계에서 다섯 손가락 안에 드는 작곡 능력과 피아노 실력자,https://www.artsro.com/right/enter_view.html?GoIdx=1639&CatNo=79
1627,빅마마,가수,79,대한민국 실력파 여성 R&B 그룹,https://www.artsro.com/right/enter_view.html?GoIdx=1627&CatNo=79
1609,김원준,가수,79,1990년대  X세대의 아이콘,https://www.artsro.com/right/enter_view.html?GoIdx=1609&CatNo=79
1605,이우,가수,79,보이그룹 매드타운 출신의 솔로 가수.,https://www.artsro.com/right/enter_view.html?GoIdx=1605&CatNo=79
1583,레이디 고고,가수,79,대한민국 최고의 센 언니들의 화려한 입담과 퍼포먼스!!!,https://www.artsro.com/right/enter_view.html?GoIdx=1583&CatNo=79
1577,이적,가수,79,한국의 로드 스튜어트,https://www.artsro.com/right/enter_view.html?GoIdx=1577&CatNo=79
1570,범키,가수,79,독특한 음색과 리듬을 지니고 있는 감성 보컬,https://www.artsro.com/right/enter_view.html?GoIdx=1570&CatNo=79
1569,빈센트블루,가수,79,매력적인 음색이 돋보이는 싱어송라이터,https://www.artsro.com/right/enter_view.html?GoIdx=1569&CatNo=79
1565,메리베리,가수,79,몽환적이고 유니크한 보이스를 지닌 솔로 아티스트 '메리베리',https://www.artsro.com/right/enter_view.html?GoIdx=1565&CatNo=79
1546,정동하,가수,79,대한민국 락 그룹 부활의 보컬출신의 가수이자 뮤지컬 배우,https://www.artsro.com/right/enter_view.html?GoIdx=1546&CatNo=79
1524,김시우(김진웅),가수,79,와이키키 브라더스,https://www.artsro.com/right/enter_view.html?GoIdx=1524&CatNo=79
1519,홍의진,가수,79,"소나무, UNI.T의 서브보컬 및 메인댄서.",https://www.artsro.com/right/enter_view.html?GoIdx=1519&CatNo=79
1515,퍼센트(PERC%NT),가수,79,가수 겸 작곡가,https://www.artsro.com/right/enter_view.html?GoIdx=1515&CatNo=79
1514,정진운,가수,79,도입부 장인,https://www.artsro.com/right/enter_view.html?GoIdx=1514&CatNo=79
1504,정세운,가수,79,싱어송라이돌,https://www.artsro.com/right/enter_view.html?GoIdx=1504&CatNo=79
1503,미유,가수,79,중독성이 강한 보이스,https://www.artsro.com/right/enter_view.html?GoIdx=1503&CatNo=79
1502,황인욱,가수,79,SNS와 유튜브등에서 가장 핫한 보컬,https://www.artsro.com/right/enter_view.html?GoIdx=1502&CatNo=79
1495,장희원,가수,79,인디팝의 신성,https://www.artsro.com/right/enter_view.html?GoIdx=1495&CatNo=79
1493,구만(9.10000),가수,79,레트로 싱어송라이터,https://www.artsro.com/right/enter_view.html?GoIdx=1493&CatNo=79
1492,이민혁,가수,79,취기를 빌려 원곡자,https://www.artsro.com/right/enter_view.html?GoIdx=1492&CatNo=79
1404,권진아,가수,79,"소녀와 여성, 그경계를 오가는 최종병기",https://www.artsro.com/right/enter_view.html?GoIdx=1404&CatNo=79
1403,샘킴 (Sam Kim),가수,79,소년과 천재사이,https://www.artsro.com/right/enter_view.html?GoIdx=1403&CatNo=79
1230,이무진,가수,79,싱어게인 최종 3위의 신흥 음원강자,https://www.artsro.com/right/enter_view.html?GoIdx=1230&CatNo=79
1165,이유나,가수,79,"보이스퀸Top14 / 재즈, 판소리, 가요를 넘나드는 만능보컬",https://www.artsro.com/right/enter_view.html?GoIdx=1165&CatNo=79
1124,김장훈,가수,79,공연의 마술사~~!! 김. 장. 훈.,https://www.artsro.com/right/enter_view.html?GoIdx=1124&CatNo=79
1101,적재,가수,79,#JSFA#비긴어게인#아이유 기타세션#기타리스트,https://www.artsro.com/right/enter_view.html?GoIdx=1101&CatNo=79
1011,유브이(UV),가수,79,천재 둘이 뭉쳤다 노래로 웃음을 주는 '유브이',https://www.artsro.com/right/enter_view.html?GoIdx=1011&CatNo=79
978,김완선,가수,79,댄스 퀸~ 원조 섹시 디바 '김완선',https://www.artsro.com/right/enter_view.html?GoIdx=978&CatNo=79
964,안치환,가수,79,우리 시대의 진정한 가객 '안치환',https://www.artsro.com/right/enter_view.html?GoIdx=964&CatNo=79
953,손담비,가수,79,노래 연기 예능 까지 섭렵했다 만능엔터테이너 '손담비',https://www.artsro.com/right/enter_view.html?GoIdx=953&CatNo=79
940,왁스 (Wax),가수,79,가슴을 울리는 애절한 보이스 무대를 압도하는 가창력 반짝반짝 빛나는 '왁스',https://www.artsro.com/right/enter_view.html?GoIdx=940&CatNo=79
905,홍경민,가수,79,중저음에 허스키한 매력이 돋보이는 한국의 리키마틴 '홍경민',https://www.artsro.com/right/enter_view.html?GoIdx=905&CatNo=79
888,김형중,가수,79,유일무이한 순수한 소년의 목소리를 지닌 음색깡패 '김형중',https://www.artsro.com/right/enter_view.html?GoIdx=888&CatNo=79
887,김정민,가수,79,매력적인 허스키한 창법 90년대 히어로 터프가이 '김정민',https://www.artsro.com/right/enter_view.html?GoIdx=887&CatNo=79
835,JK 김동욱,가수,79,블랙홀 같은 목소리로 남자의 슬픔을 말하다 마성의 저음 'JK김동욱',https://www.artsro.com/right/enter_view.html?GoIdx=835&CatNo=79
820,디에이드,가수,79,OST' 보증수표 통통튀는 감성 듀오 '디에이드',https://www.artsro.com/right/enter_view.html?GoIdx=820&CatNo=79
794,서문탁,가수,79,영혼을 깨우는 중성적인 목소리 걸크러쉬 록의 퀸 '서문탁',https://www.artsro.com/right/enter_view.html?GoIdx=794&CatNo=79
793,소찬휘,가수,79,무대 폭발 소름돋는 파워풀한 가창력 최강고음 종결자 '소찬휘',https://www.artsro.com/right/enter_view.html?GoIdx=793&CatNo=79
777,하현우,가수,79,압도적인 하드웨어와 발성 특유의 맑고 거친 음색의 가창력 음악대장 '하현우',https://www.artsro.com/right/enter_view.html?GoIdx=777&CatNo=79
775,박미경,가수,79,파워풀하고 시원시원한 가창력의 대명사 화끈한 섹시디바 '박미경',https://www.artsro.com/right/enter_view.html?GoIdx=775&CatNo=79
703,선우정아,가수,79,"깊은 감성과 섬세한 감각의 뮤지션, 선우정아!",https://www.artsro.com/right/enter_view.html?GoIdx=703&CatNo=79
702,요조,가수,79,주류와 비주류 경계를 넘나드는 새로운 문화의 한 영역을 차지하고 있는 요조!,https://www.artsro.com/right/enter_view.html?GoIdx=702&CatNo=79
683,투캐슬,가수,79,전설들이 뭉쳐 추억을 소환한다. 폭발하는 가창력~ 락 발라드의 자존심 '투캐슬',https://www.artsro.com/right/enter_view.html?GoIdx=683&CatNo=79
615,가인,가수,79,파격적인 댄스 완벽한 퍼포먼스까지 섹시미의 공존 '가인',https://www.artsro.com/right/enter_view.html?GoIdx=615&CatNo=79
607,하림,가수,79,제3세계 음악의 선구자 희망을 주는 아티스트 '하림',https://www.artsro.com/right/enter_view.html?GoIdx=607&CatNo=79
606,조정치,가수,79,모든 스타일의 연주가 가능하다 제너럴리스트 '조정치',https://www.artsro.com/right/enter_view.html?GoIdx=606&CatNo=79
597,코요태,가수,79,멈추지 않고 노력한다 국민 그룹 '코요태',https://www.artsro.com/right/enter_view.html?GoIdx=597&CatNo=79
592,배다해,가수,79,청아한 음색과 소름돋는 고음 천상의 목소리 '배다해',https://www.artsro.com/right/enter_view.html?GoIdx=592&CatNo=79
580,VOS (브이오에스),가수,79,영혼의 목소리로 달콤한 사랑을 전하는 'V.O.S',https://www.artsro.com/right/enter_view.html?GoIdx=580&CatNo=79
516,악뮤(AKMU),가수,79,공감과 힐링을 노래하는 남매 '악동뮤지션',https://www.artsro.com/right/enter_view.html?GoIdx=516&CatNo=79
512,에일리,가수,79,폭발적인 가창력으로 소름돋는 무대 무결점 '에일리',https://www.artsro.com/right/enter_view.html?GoIdx=512&CatNo=79
456,보아(BoA),가수,79,최초의 아이콘 아시아의 별 '보아',https://www.artsro.com/right/enter_view.html?GoIdx=456&CatNo=79
408,박상민,가수,79,허스키한 목소리 저음에서 고음까지 가수들의 교과서 베테랑 가수 '박상민',https://www.artsro.com/right/enter_view.html?GoIdx=408&CatNo=79
405,조성모,가수,79,,https://www.artsro.com/right/enter_view.html?GoIdx=405&CatNo=79
361,김현철,가수,79,천재 뮤지션 '김현철',https://www.artsro.com/right/enter_view.html?GoIdx=361&CatNo=79
309,스윗소로우,가수,79,아날로그적 감성이 살살녹는 달콤한 아카펠라 하모니 '스윗소로우',https://www.artsro.com/right/enter_view.html?GoIdx=309&CatNo=79
297,멜로망스,가수,79,가요계에 혜성처럼 등장한 고막남친 '멜로망스',https://www.artsro.com/right/enter_view.html?GoIdx=297&CatNo=79
283,김현정,가수,79,시원시원한 가창력 댄스음악의 여왕 '김현정',https://www.artsro.com/right/enter_view.html?GoIdx=283&CatNo=79
280,김종서,가수,79,락 발라드의 황제 싱어송라이터 '김종서',https://www.artsro.com/right/enter_view.html?GoIdx=280&CatNo=79
274,김경호,가수,79,멈추지 않으면 끝나지 않는다 대한민국 최고의 락 보컬리스트 '김경호',https://www.artsro.com/right/enter_view.html?GoIdx=274&CatNo=79
257,김건모,가수,79,말이 필요없다 국민가수 '김건모',https://www.artsro.com/right/enter_view.html?GoIdx=257&CatNo=79
239,이은미,가수,79,"맨발의 DIVA, 라이브의 여왕 '이은미'",https://www.artsro.com/right/enter_view.html?GoIdx=239&CatNo=79
236,이문세,가수,79,아름다운 노래를 부르는 국민가수 영원한 레전드~ '이문세',https://www.artsro.com/right/enter_view.html?GoIdx=236&CatNo=79
3802,카야 (KAYA),가수,80,상큼 발랄한 음악을 하는 싱어송라이터!,https://www.artsro.com/right/enter_view.html?GoIdx=3802&CatNo=80
167,육중완 밴드,가수,80,스트레스를 날려버리는 에너지 넘치는 '육중완밴드',https://www.artsro.com/right/enter_view.html?GoIdx=167&CatNo=80
285,김경호밴드,가수,80,살아있는 전설 '김경호밴드',https://www.artsro.com/right/enter_view.html?GoIdx=285&CatNo=80
583,자우림,가수,80,몽환적이면서도 감각적인 목소리 절정에서 폭발한다 '자우림',https://www.artsro.com/right/enter_view.html?GoIdx=583&CatNo=80
342,옥상달빛,가수,80,수고했어 오늘도~♬ 위로가 필요한 사람들을 위해 진정성을 부른다 '옥상달빛',https://www.artsro.com/right/enter_view.html?GoIdx=342&CatNo=80
272,국카스텐,가수,80,엄청난 파워풀한 연주와 사운드를 뚫고 나오는 압도적인 미친라이브 '국카스텐만이보여줄수있다',https://www.artsro.com/right/enter_view.html?GoIdx=272&CatNo=80
264,노브레인,가수,80,조선 펑크의 개척자 '노브레인',https://www.artsro.com/right/enter_view.html?GoIdx=264&CatNo=80
4805,V01D(보이드),가수,80,"V01D는 공허를 뜻하는 영단어 'Void'와 '최고', 'No.1'을 의미하는 '01'을 결합한 그룹",https://www.artsro.com/right/enter_view.html?GoIdx=4805&CatNo=80
4789,한이서(HAN YISEO),가수,80,한이서는 감성적인 음악과 섬세한 표현력을 바탕으로 활동하는 싱어송라이터,https://www.artsro.com/right/enter_view.html?GoIdx=4789&CatNo=80
4776,노라조 밴드,가수,80,"웃기지만 우습지 않은, B급인 척 하는 S급 그룹",https://www.artsro.com/right/enter_view.html?GoIdx=4776&CatNo=80
4774,에피톤 프로젝트,가수,80,감성적인 멜로디와 깊이 있는 사운드로 꾸준한 앨범·OST·공연 활동을 이어가는 에피톤 프로젝트,https://www.artsro.com/right/enter_view.html?GoIdx=4774&CatNo=80
4688,현서(HYUN SEO),가수,80,"감성적이고 섬세한 멜로디, 그리고 깊이 있는 가사로 대중의 .공 감을 이끌어내는 싱어송라이터",https://www.artsro.com/right/enter_view.html?GoIdx=4688&CatNo=80
4654,호아 (HOA),가수,80,청정 무공해 모던 록 밴드 호아(好我),https://www.artsro.com/right/enter_view.html?GoIdx=4654&CatNo=80
4648,이젤 (EJel),가수,80,,https://www.artsro.com/right/enter_view.html?GoIdx=4648&CatNo=80
4647,정예원,가수,80,능숙한 진행과  음원 같은 라이브로 믿고 듣는 가수로 자리매김하고 있는 가수,https://www.artsro.com/right/enter_view.html?GoIdx=4647&CatNo=80
4643,임지우,가수,80,섬세한 표현력과 안정적인 보컬을 바탕으로 활동 중인 아티스트,https://www.artsro.com/right/enter_view.html?GoIdx=4643&CatNo=80
4642,KIK(킥),가수,80,KIK은 감각적인 사운드와 탄탄한 라이브 실력을 바탕으로 주목받는 밴드,https://www.artsro.com/right/enter_view.html?GoIdx=4642&CatNo=80
4640,캔트비 블루(can't be blue),가수,80,"감성적인 사운드와 솔직한 가사로 깊은 여운을 전하는 아티스트, 캔트비 블루.",https://www.artsro.com/right/enter_view.html?GoIdx=4640&CatNo=80
4636,wYte (와잇),가수,80,싱어송라이터 와잇(wYte),https://www.artsro.com/right/enter_view.html?GoIdx=4636&CatNo=80
4634,Eighto (에이로),가수,80,유니크한 감성을 가진 가수,https://www.artsro.com/right/enter_view.html?GoIdx=4634&CatNo=80
4587,롤링쿼츠 (Rolling Quartz),가수,80,대한민국의 5인조 걸밴드,https://www.artsro.com/right/enter_view.html?GoIdx=4587&CatNo=80
4585,여동생(YDS),가수,80,안녕하세요 여러분의 동생 '여동생'입니다!,https://www.artsro.com/right/enter_view.html?GoIdx=4585&CatNo=80
4564,서리(Seori),가수,80,"글로벌 신예, 싱어송라이터 '서리'",https://www.artsro.com/right/enter_view.html?GoIdx=4564&CatNo=80
4423,20세기 보이즈,가수,80,"노라조 이혁, 트랙스 정모의 K-ROCK BAND 20세기 보이즈",https://www.artsro.com/right/enter_view.html?GoIdx=4423&CatNo=80
4253,삼점일사,가수,80,“THROWING UP A FUN”,https://www.artsro.com/right/enter_view.html?GoIdx=4253&CatNo=80
4198,박소은,가수,80,일상의 결핍마저 빛나는 언어로  섬세하게 담아내는 싱어송라이터,https://www.artsro.com/right/enter_view.html?GoIdx=4198&CatNo=80
4193,D82(디에잇투),가수,80,Dial number 82,https://www.artsro.com/right/enter_view.html?GoIdx=4193&CatNo=80
4192,이브,가수,80,김세헌이 이끄는 대한민국의 록 밴드,https://www.artsro.com/right/enter_view.html?GoIdx=4192&CatNo=80
4191,중식이,가수,80,N포세대 남성의 대변자,https://www.artsro.com/right/enter_view.html?GoIdx=4191&CatNo=80
4188,Y2K,가수,80,3인조 한일 합동 다국적 그룹,https://www.artsro.com/right/enter_view.html?GoIdx=4188&CatNo=80
4185,스토리셀러 (Story Seller),가수,80,안녕하세요. 저희는 튜즈데이 비치 클럽입니다. 말 그대로 한산한 화요일의 해변 클럽에서 나올 법한 음악을 지향하는 밴드입니다,https://www.artsro.com/right/enter_view.html?GoIdx=4185&CatNo=80
4183,Tuesday Beach Club (튜즈데이 비치 클럽),가수,80,안녕하세요. 저희는 튜즈데이 비치 클럽입니다. 말 그대로 한산한 화요일의 해변 클럽에서 나올 법한 음악을 지향하는 밴드입니다,https://www.artsro.com/right/enter_view.html?GoIdx=4183&CatNo=80
4182,피싱걸스 (Fishingirls},가수,80,"안녕하세요, 저희는 똥꼬발랄, 비글비글, 펑크락퀸, 피싱걸스! 낚앤놀! YAY~ YAY~",https://www.artsro.com/right/enter_view.html?GoIdx=4182&CatNo=80
4162,별은,가수,80,대한민국의 여성 싱어송라이터,https://www.artsro.com/right/enter_view.html?GoIdx=4162&CatNo=80
4152,스무공일,가수,80,어쿠스틱 밴드 듀오,https://www.artsro.com/right/enter_view.html?GoIdx=4152&CatNo=80
4150,엔젤노이즈,가수,80,"둘! 셋! 안녕하세요, 엔젤노이즈 해나, 케피입니다!",https://www.artsro.com/right/enter_view.html?GoIdx=4150&CatNo=80
4132,밴드 하이브로 (HIGHBRO),가수,80,대한민국의 밴드 가수 (구 장미여관),https://www.artsro.com/right/enter_view.html?GoIdx=4132&CatNo=80
4126,크래커,가수,80,대한민국의 싱어송라이터,https://www.artsro.com/right/enter_view.html?GoIdx=4126&CatNo=80
4124,그리즐리(Grizzly),가수,80,대한민국의 싱어송라이터,https://www.artsro.com/right/enter_view.html?GoIdx=4124&CatNo=80
4123,데이먼스 이어(Damons year),가수,80,대한민국의 남성 싱어송라이터,https://www.artsro.com/right/enter_view.html?GoIdx=4123&CatNo=80
4074,정승수 밴드,가수,80,"공감과 서사를 노래하는, 따뜻한 에너지를 가진 밴드",https://www.artsro.com/right/enter_view.html?GoIdx=4074&CatNo=80
4023,캐치더영 (CATCH THE YOUNG),가수,80,탄탄한 음악적 역량과 매력 넘치는 비주얼까지 겸비한 밴드 아이돌!,https://www.artsro.com/right/enter_view.html?GoIdx=4023&CatNo=80
4018,삼치와 이기리,가수,80,친자매 여성 싱어송라이터 듀오!,https://www.artsro.com/right/enter_view.html?GoIdx=4018&CatNo=80
4010,유소윤,가수,80,팝락 스타일의 활기 발랄한 느낌을 담은 가수!,https://www.artsro.com/right/enter_view.html?GoIdx=4010&CatNo=80
3991,로키드 (Lokid),가수,80,싱어송라이터로서 풍부한 감성을 표현하는 감성 보컬!,https://www.artsro.com/right/enter_view.html?GoIdx=3991&CatNo=80
3988,ZIMIN (지민),가수,80,"작사, 작곡, 편곡 등 다방면에서 음악을 만들어가는 아티스트!",https://www.artsro.com/right/enter_view.html?GoIdx=3988&CatNo=80
3967,민지운,가수,80,SM엔터테인먼트의 컨템퍼러리 R&B 레이블 ‘KRUCIALIZE’의 첫 아티스트!,https://www.artsro.com/right/enter_view.html?GoIdx=3967&CatNo=80
3964,타루,가수,80,덴마크 요쿠르트 CF 송으로 알려지게 되어 주목을 받은 싱어송라이터!,https://www.artsro.com/right/enter_view.html?GoIdx=3964&CatNo=80
3935,김수민 (김뭉먕),가수,80,국내 음원과 다양한 팝 음악들을 커버하며 좋은 반응을 얻은 가수!,https://www.artsro.com/right/enter_view.html?GoIdx=3935&CatNo=80
3913,최여원,가수,80,TV조선 대학가요제 수상자 중 최연소,https://www.artsro.com/right/enter_view.html?GoIdx=3913&CatNo=80
3912,펜타클,가수,80,혼성 5인조 밴드,https://www.artsro.com/right/enter_view.html?GoIdx=3912&CatNo=80
3911,더티슈,가수,80,주요 무대에서 고른 두각,https://www.artsro.com/right/enter_view.html?GoIdx=3911&CatNo=80
3896,김동명,가수,80,대한민국을 대표하는 최고의 록 밴드 '부활'의 10대 보컬!,https://www.artsro.com/right/enter_view.html?GoIdx=3896&CatNo=80
3867,뎁트 (Dept),가수,80,": 감성적인 사운드와 감각적인 무대 연출로 현장의 분위기를 만들어가는 아티스트, Dept",https://www.artsro.com/right/enter_view.html?GoIdx=3867&CatNo=80
3837,호림,가수,80,소울 풍만한 가창력의 소유자로 흑인 음악에 대한 심도 있는 이해를 선보인다!,https://www.artsro.com/right/enter_view.html?GoIdx=3837&CatNo=80
3836,지셀,가수,80,"독보적인 작사, 작곡 능력까지 갖춘 싱어송라이터!",https://www.artsro.com/right/enter_view.html?GoIdx=3836&CatNo=80
3833,프리티 브라운 (pretty brown),가수,80,감성적인 보이스와 감미롭고 섹시한 보이스의 만남!,https://www.artsro.com/right/enter_view.html?GoIdx=3833&CatNo=80
3809,이영하 밴드,가수,80,음악을 통해 함께 행복을 나누고자 결성 된 아마추어 밴드!,https://www.artsro.com/right/enter_view.html?GoIdx=3809&CatNo=80
3801,신의진,가수,80,KBS 새가수 출연 일본 애니메이션 느낌의 음악을 하는 가수!,https://www.artsro.com/right/enter_view.html?GoIdx=3801&CatNo=80
3790,임다미,가수,80,더 엑스 팩터 오스트레일리아 시즌5에서 역대 최초 동양인 우승자!,https://www.artsro.com/right/enter_view.html?GoIdx=3790&CatNo=80
3789,서기,가수,80,언제나 음악으로 대중들 앞에 서 있겠다는 뜻을 지닌 싱어송라이터!,https://www.artsro.com/right/enter_view.html?GoIdx=3789&CatNo=80
3772,이비 (EB),가수,80,기분 좋은 깊고 풍부한 음색을 지닌 가수!,https://www.artsro.com/right/enter_view.html?GoIdx=3772&CatNo=80
3751,봄여름가을겨울,가수,80,대한민국의 퓨전 재즈와 록 밴드 봄여름가을겨울 기타리스트이자 보컬!,https://www.artsro.com/right/enter_view.html?GoIdx=3751&CatNo=80
3594,KAVE (케이브),가수,80,왕들은 항상 감추어진 자아를 가지고 있다 [KAVE],https://www.artsro.com/right/enter_view.html?GoIdx=3594&CatNo=80
3585,바밍타이거,가수,80,'K팝 룰'을 깬 한국의 새로운 음악 그룹,https://www.artsro.com/right/enter_view.html?GoIdx=3585&CatNo=80
3577,위아더나잇,가수,80,대한민국 인디 록 밴드이다. #티라미수케익,https://www.artsro.com/right/enter_view.html?GoIdx=3577&CatNo=80
3575,안신애,가수,80,시간여행 복고풍 걸그룹 바버렛츠의 전 리더!,https://www.artsro.com/right/enter_view.html?GoIdx=3575&CatNo=80
3506,달담,가수,80,,https://www.artsro.com/right/enter_view.html?GoIdx=3506&CatNo=80
3489,트랜스픽션,가수,80,승리를 위하여!,https://www.artsro.com/right/enter_view.html?GoIdx=3489&CatNo=80
3477,유지우,가수,80,일상적이고도 소소한 감정과 마음을 노래하는 싱어송라이터 유지우,https://www.artsro.com/right/enter_view.html?GoIdx=3477&CatNo=80
3465,장들레,가수,80,마음에 콕 박히는 장들레의 일상적인 곡,https://www.artsro.com/right/enter_view.html?GoIdx=3465&CatNo=80
3461,정수민,가수,80,대한민국에서 활동하는 한국계 미국인 싱어송라이터.,https://www.artsro.com/right/enter_view.html?GoIdx=3461&CatNo=80
3457,오월오일 ( 五月五日 ),가수,80,한국의 3인조 밴드 ( 五月五日 ) 그레이트 서울 인베이전 4위!,https://www.artsro.com/right/enter_view.html?GoIdx=3457&CatNo=80
3423,허밍어반스테레오(HUS),가수,80,원맨 밴드 허밍 어반 스테레오,https://www.artsro.com/right/enter_view.html?GoIdx=3423&CatNo=80
3421,넬(NELL),가수,80,3인조 모던 록 밴드,https://www.artsro.com/right/enter_view.html?GoIdx=3421&CatNo=80
3419,리진(leejean),가수,80,자신이 느낀 순간의 솔직한 감정들을 박자 속에 영원히 기록한다.,https://www.artsro.com/right/enter_view.html?GoIdx=3419&CatNo=80
3233,윤도,가수,80,유튜브 구독자 10만명 인디가수,https://www.artsro.com/right/enter_view.html?GoIdx=3233&CatNo=80
3232,장예진,가수,80,판타스틱 듀오2 이은미편 우승 출신자 인디가수,https://www.artsro.com/right/enter_view.html?GoIdx=3232&CatNo=80
3214,큐더블유이알 (QWER),가수,80,김계란이 기획한 4인조 걸밴드,https://www.artsro.com/right/enter_view.html?GoIdx=3214&CatNo=80
3199,서자영,가수,80,낯선 듯하면서도 짙은 따뜻한 목소리가 익숙하게 다가오는 싱어송라이터 '서자영',https://www.artsro.com/right/enter_view.html?GoIdx=3199&CatNo=80
3191,신인류,가수,80,편안하면서 세련된 분위기를 감각적으로 완성시키는 밴드,https://www.artsro.com/right/enter_view.html?GoIdx=3191&CatNo=80
3188,몽니,가수,80,4인조 모던 록 밴드,https://www.artsro.com/right/enter_view.html?GoIdx=3188&CatNo=80
3187,최인경,가수,80,감성 알앤비 싱어송라이터,https://www.artsro.com/right/enter_view.html?GoIdx=3187&CatNo=80
3186,빌리어코스티,가수,80,보통의 목소리로 보통의 이야기를 전하는 감성 싱어송라이터 ‘빌리어코스티’,https://www.artsro.com/right/enter_view.html?GoIdx=3186&CatNo=80
3185,피엘(PL),가수,80,'Indie R&B'라는 참신한 장르를 표방하는 싱어송라이터,https://www.artsro.com/right/enter_view.html?GoIdx=3185&CatNo=80
3184,신현희,가수,80,"대한민국의 가수, 싱어송라이터.",https://www.artsro.com/right/enter_view.html?GoIdx=3184&CatNo=80
3182,다린,가수,80,따뜻하지만 성숙한 목소리를 가진 싱어송라이터,https://www.artsro.com/right/enter_view.html?GoIdx=3182&CatNo=80
3181,슈가볼,가수,80,인디밴드 대세 슈가볼,https://www.artsro.com/right/enter_view.html?GoIdx=3181&CatNo=80
3180,나상현씨밴드,가수,80,"친숙하지만 뻔하지 않은, 우리들의 보편적인 일상을 노래하는 나상현씨밴드",https://www.artsro.com/right/enter_view.html?GoIdx=3180&CatNo=80
3178,프롬,가수,80,대한민국의 여성 싱어송라이터. 부드럽고 청아한 중저음의 목소리,https://www.artsro.com/right/enter_view.html?GoIdx=3178&CatNo=80
3177,갤럭시익스프레스,가수,80,'탈진 로큰롤'이라고 불리는 정신나간 라이브가 강점인 밴드.,https://www.artsro.com/right/enter_view.html?GoIdx=3177&CatNo=80
3173,범진,가수,80,다재다능 싱어송라이터,https://www.artsro.com/right/enter_view.html?GoIdx=3173&CatNo=80
3170,너드커넥션 (NERD CONNECTION),가수,80,"어지러운 세상, 따뜻한 음악 Nerd Connection입니다.",https://www.artsro.com/right/enter_view.html?GoIdx=3170&CatNo=80
3163,터치드,가수,80,새로운 시대를 여는 사운드,https://www.artsro.com/right/enter_view.html?GoIdx=3163&CatNo=80
3108,제이래빗(J Rabbit),가수,80,인디 여성 듀오,https://www.artsro.com/right/enter_view.html?GoIdx=3108&CatNo=80
3077,윤마치(MRCH),가수,80,"트와이스 작곡가이자 작사가, 싱어송라이터로도 활동하는 마치입니다.",https://www.artsro.com/right/enter_view.html?GoIdx=3077&CatNo=80
3074,더 넛츠 (The Nuts),가수,80,대한민국 4인조 남성 밴드 그룹 더 넛츠,https://www.artsro.com/right/enter_view.html?GoIdx=3074&CatNo=80
3056,강아솔,가수,80,"그럴 수 없이 사랑하는, 제주도 출신 싱어송라이터",https://www.artsro.com/right/enter_view.html?GoIdx=3056&CatNo=80
3022,홍이삭,가수,80,슈퍼밴드 교회 오빠 '홍이삭',https://www.artsro.com/right/enter_view.html?GoIdx=3022&CatNo=80
3016,김경현,가수,80,더 크로스 2대 보컬이자 락 보컬 김경현,https://www.artsro.com/right/enter_view.html?GoIdx=3016&CatNo=80
2985,기프트,가수,80,"부천 전국 버스킹 대회 금상, 야마하 아시안비트 in Tokyo 최우수상, KBS 올댓뮤직X인디스땅스 우승, 뮤지스땅스 준우승상",https://www.artsro.com/right/enter_view.html?GoIdx=2985&CatNo=80
2966,이츠,가수,80,청량한 음색의 싱어송라이터,https://www.artsro.com/right/enter_view.html?GoIdx=2966&CatNo=80
2958,한로로(HANRORO),가수,80,밴드 사운드를 기반으로 청춘의 유대를 이야기하는 싱어송라이터.,https://www.artsro.com/right/enter_view.html?GoIdx=2958&CatNo=80
2833,불고기디스코(BULGOGIDISCO),가수,80,"롹킹하고 그루브한 연주, 에너지 넘치는 퍼포먼스",https://www.artsro.com/right/enter_view.html?GoIdx=2833&CatNo=80
2830,김뜻돌(Meaningful Stone),가수,80,"대한민국의 싱어송라이터. 포크 음악, 슈게이징, 드림 팝, 사이키델릭 등의 영향을 다양하게 받은 작품들을 내놓고 있다.",https://www.artsro.com/right/enter_view.html?GoIdx=2830&CatNo=80
2737,이루리,가수,80,바이바이배드맨의 베이시스트이자 나이트 에어포트 소속 솔로 싱어송라이터,https://www.artsro.com/right/enter_view.html?GoIdx=2737&CatNo=80
2736,코토바(cotoba),가수,80,"한국과 일본을 기반으로 둔 매스 록, 포스트 록 장르를 추구하는 밴드",https://www.artsro.com/right/enter_view.html?GoIdx=2736&CatNo=80
2735,세이수미(Say sueme),가수,80,부산 광안리를 기점으로 활동하는 서프 록 성향의 4인조 인디 록 밴드. 2019 한국대중음악상 최우수 모던락 부문 노래와 음반 모두 수상,https://www.artsro.com/right/enter_view.html?GoIdx=2735&CatNo=80
2731,더 픽스(THE FIX),가수,80,2021년 JTBC 슈퍼밴드2 출신 여성 밴드.,https://www.artsro.com/right/enter_view.html?GoIdx=2731&CatNo=80
2716,그래쓰 (GRASS),가수,80,음악하는 여행 크리에이터,https://www.artsro.com/right/enter_view.html?GoIdx=2716&CatNo=80
2643,켄지 (Kenzi),가수,80,프로듀서 겸 싱어송라이터,https://www.artsro.com/right/enter_view.html?GoIdx=2643&CatNo=80
2629,남동현,가수,80,소년미 가득한 싱어송라이터,https://www.artsro.com/right/enter_view.html?GoIdx=2629&CatNo=80
2618,장기하,가수,80,솔로 싱어송라이터,https://www.artsro.com/right/enter_view.html?GoIdx=2618&CatNo=80
2615,디어클라우드,가수,80,대한민국 혼성그룹 모던락밴드 디어클라우드!,https://www.artsro.com/right/enter_view.html?GoIdx=2615&CatNo=80
2608,뮤지,가수,80,"싱어송라이터, UV의 프로듀서/메인보컬",https://www.artsro.com/right/enter_view.html?GoIdx=2608&CatNo=80
2606,스텔라 장 (Stella Jang),가수,80,싱어송라이터,https://www.artsro.com/right/enter_view.html?GoIdx=2606&CatNo=80
2588,백예슬,가수,80,싱어송라이터,https://www.artsro.com/right/enter_view.html?GoIdx=2588&CatNo=80
2587,서로 (Suh Ro),가수,80,싱어송라이터,https://www.artsro.com/right/enter_view.html?GoIdx=2587&CatNo=80
2586,김소연,가수,80,싱어송라이터,https://www.artsro.com/right/enter_view.html?GoIdx=2586&CatNo=80
2575,김성준 (KIM SEONG JUN),가수,80,싱어송라이터,https://www.artsro.com/right/enter_view.html?GoIdx=2575&CatNo=80
2542,글렌체크,가수,80,한국대중음악상 최우수 댄스&일렉트로닉 밴드 글렌체크,https://www.artsro.com/right/enter_view.html?GoIdx=2542&CatNo=80
2501,백아,가수,80,"음표로 말하는 이야기꾼, 건반 위의 시인 싱어송라이터 백아.",https://www.artsro.com/right/enter_view.html?GoIdx=2501&CatNo=80
2342,이승환 밴드,가수,80,대한민국의 '어린 왕자' 가수&프로듀서 이승환.,https://www.artsro.com/right/enter_view.html?GoIdx=2342&CatNo=80
2262,커먼그라운드,가수,80,대한민국 펑키 그루브의 진수,https://www.artsro.com/right/enter_view.html?GoIdx=2262&CatNo=80
2260,이승윤,가수,80,브릿팝에서 영향을 받은 음악 스타일의 싱어송라이터,https://www.artsro.com/right/enter_view.html?GoIdx=2260&CatNo=80
2213,김슬옹,가수,80,오디션 프로그램을 휘어잡은 실력파 드러머,https://www.artsro.com/right/enter_view.html?GoIdx=2213&CatNo=80
2211,하상욱,가수,80,시 잉여 송라이터,https://www.artsro.com/right/enter_view.html?GoIdx=2211&CatNo=80
2207,임윤성,가수,80,트럼펫부는 강철 보컬,https://www.artsro.com/right/enter_view.html?GoIdx=2207&CatNo=80
2069,WH3N(웬),가수,80,그리움을 노래하는 가수,https://www.artsro.com/right/enter_view.html?GoIdx=2069&CatNo=80
2067,김지수,가수,80,슈퍼스타K2 출신 다재다능한 싱어송라이터,https://www.artsro.com/right/enter_view.html?GoIdx=2067&CatNo=80
2066,최유리,가수,80,따뜻하고 솔직한 음악으로 마음을 울리는 싱어송라이터,https://www.artsro.com/right/enter_view.html?GoIdx=2066&CatNo=80
2065,보라미유,가수,80,청아한 음색과 수준급 노래 실력의 소유자,https://www.artsro.com/right/enter_view.html?GoIdx=2065&CatNo=80
1876,조문근밴드,가수,80,음악을 즐기는 밴드 조문근밴드,https://www.artsro.com/right/enter_view.html?GoIdx=1876&CatNo=80
1756,킹스턴 루디스카,가수,80,자메이카 스카 음악을 선보이는 8인조 스카밴드,https://www.artsro.com/right/enter_view.html?GoIdx=1756&CatNo=80
1753,슈퍼키드,가수,80,여러분의 다정한 친구같은 밴드!,https://www.artsro.com/right/enter_view.html?GoIdx=1753&CatNo=80
1736,하현상,가수,80,독보적인 음색을 가진 호피폴라의 보컬이자 싱어송라이터,https://www.artsro.com/right/enter_view.html?GoIdx=1736&CatNo=80
1731,모트,가수,80,OST퀸으로 폭풍성장 중인 인디 아이돌,https://www.artsro.com/right/enter_view.html?GoIdx=1731&CatNo=80
1706,크랙샷,가수,80,포스트 글램 메탈 밴드,https://www.artsro.com/right/enter_view.html?GoIdx=1706&CatNo=80
1617,기탁,가수,80,슈퍼밴드 시즌2 준우승 팀 시네마 소속,https://www.artsro.com/right/enter_view.html?GoIdx=1617&CatNo=80
1614,한승윤,가수,80,만찢남 비주얼 가수,https://www.artsro.com/right/enter_view.html?GoIdx=1614&CatNo=80
1611,박문치,가수,80,"익숙하지만 신선한, 웰컴 투 박문치 월드",https://www.artsro.com/right/enter_view.html?GoIdx=1611&CatNo=80
1539,FT아일랜드(FTISLAND),가수,80,Five Treasure Island,https://www.artsro.com/right/enter_view.html?GoIdx=1539&CatNo=80
1523,최승열,가수,80,일상을 노래하는 가수,https://www.artsro.com/right/enter_view.html?GoIdx=1523&CatNo=80
1496,아월 (OurR),가수,80,몽환적인 사운드와 넓은 음악 스펙트럼,https://www.artsro.com/right/enter_view.html?GoIdx=1496&CatNo=80
1494,조소정,가수,80,꾸밈없이 담백한 문장을 노래하는 싱어송라이터,https://www.artsro.com/right/enter_view.html?GoIdx=1494&CatNo=80
1490,박준하,가수,80,순수함 속 숨길수 없는 천재적 음악성,https://www.artsro.com/right/enter_view.html?GoIdx=1490&CatNo=80
1489,노리플라이,가수,80,길 잃은 청춘을 위로하는 노래,https://www.artsro.com/right/enter_view.html?GoIdx=1489&CatNo=80
1372,시네마 (CNEMA),가수,80,슈퍼밴드2 준우승,https://www.artsro.com/right/enter_view.html?GoIdx=1372&CatNo=80
1371,카디 (KARDI),가수,80,"슈퍼밴드2 3위, 당신의 심장을 뛰게 할 밴드",https://www.artsro.com/right/enter_view.html?GoIdx=1371&CatNo=80
1332,루시 (LUCY),가수,80,슈퍼밴드1 준우승,https://www.artsro.com/right/enter_view.html?GoIdx=1332&CatNo=80
1259,실리카겔 (SILICA GEL),가수,80,새롭고 용감한 사운드,https://www.artsro.com/right/enter_view.html?GoIdx=1259&CatNo=80
1246,쏜애플 (THORNAPPLE),가수,80,"날 선 경계, 그사이에서 호흡하는 치명적인 울림",https://www.artsro.com/right/enter_view.html?GoIdx=1246&CatNo=80
1245,솔루션스,가수,80,"퓨처팝의 태동과 진화, 멀티장르의 표준과 해답",https://www.artsro.com/right/enter_view.html?GoIdx=1245&CatNo=80
1203,레이지본,가수,80,대한민국 대표 스카 펑크/펑크 록밴드,https://www.artsro.com/right/enter_view.html?GoIdx=1203&CatNo=80
1060,플라워 (FLOWER),가수,80,명불허전 명품보컬 '플라워',https://www.artsro.com/right/enter_view.html?GoIdx=1060&CatNo=80
1059,부활,가수,80,진정성 있는 가사와 보컬 박완규의 격정적이며 부드러운 감성의 깊이가 느껴지는 호소력 짙은 목소리로 '부활',https://www.artsro.com/right/enter_view.html?GoIdx=1059&CatNo=80
1043,최낙타,가수,80,달콤한 목소리로 듣는이의 귀를 사로 잡는 싱어송라이터 '최낙타',https://www.artsro.com/right/enter_view.html?GoIdx=1043&CatNo=80
1039,ㅇ.ㅇ.ㅇ (오오오),가수,80,아름다운 열정으로 위로가 되는 음악을 전해주는 'ㅇㅇㅇ',https://www.artsro.com/right/enter_view.html?GoIdx=1039&CatNo=80
1038,안녕하신가영,가수,80,섬세한 가사로 인디와 메이저의 훌륭한 공존을 하며 진심으로 안부를 전하는 노래를 들려주는 '안녕하신가영',https://www.artsro.com/right/enter_view.html?GoIdx=1038&CatNo=80
1014,딕펑스 (DICKPUNKS),가수,80,변함없이 나아가는 청춘을 부른다 '딕펑스',https://www.artsro.com/right/enter_view.html?GoIdx=1014&CatNo=80
1003,좋아서하는밴드,가수,80,달달한 기분 좋아지는 노래를 부르는 '좋아서하는밴드',https://www.artsro.com/right/enter_view.html?GoIdx=1003&CatNo=80
998,이한철,가수,80,여전히 현재진행형 뮤진션이고 싶은 슈퍼스타 '이한철',https://www.artsro.com/right/enter_view.html?GoIdx=998&CatNo=80
992,브로콜리 너마저,가수,80,감수성을 자극하는 아픈 청춘을 노래하는 '브로콜리 너마저',https://www.artsro.com/right/enter_view.html?GoIdx=992&CatNo=80
990,체리필터,가수,80,명실상부 대한민국 최고의 록밴드 '체리필터',https://www.artsro.com/right/enter_view.html?GoIdx=990&CatNo=80
989,커피소년,가수,80,따뜻한 감성 감미로운 목소리로 여심을 흔드는 '커피소년',https://www.artsro.com/right/enter_view.html?GoIdx=989&CatNo=80
986,페퍼톤스 (Peppertones),가수,80,사람들에게 긍정적인 에너지를 불어 넣는 노래를 부른다 '페퍼톤스',https://www.artsro.com/right/enter_view.html?GoIdx=986&CatNo=80
965,안치환과 자유,가수,80,우리들의 삶의 이야기를 부른다 '안치환과 자유',https://www.artsro.com/right/enter_view.html?GoIdx=965&CatNo=80
956,바닐라 어쿠스틱,가수,80,달달한 노랫말과 말랑말랑한 감성 예쁜 목소리로 감동을 주는 '바닐라 어쿠스틱',https://www.artsro.com/right/enter_view.html?GoIdx=956&CatNo=80
852,잔나비,가수,80,"힙한 거, 쿨한 거 싫어요.가장 뜨거울 우리들의 여름 밤 같은 그룹사운드",https://www.artsro.com/right/enter_view.html?GoIdx=852&CatNo=80
851,스탠딩에그,가수,80,달달한노래로 설렘을 무장했다 감성충전그룹 ' 스탠딩에그',https://www.artsro.com/right/enter_view.html?GoIdx=851&CatNo=80
848,최정윤,가수,80,음색 감성 매력을 다 가져 눈 귀 감성을 정화 시키는 싱어송라이터 '최정윤',https://www.artsro.com/right/enter_view.html?GoIdx=848&CatNo=80
847,이영훈,가수,80,한장의 수채화를 노래로 담다. 한국 포크 발라드 음악사의 계보를 잇는 '이영훈',https://www.artsro.com/right/enter_view.html?GoIdx=847&CatNo=80
846,은종,가수,80,"싱그러운 봄 날, 청량감이 넘치는 여름, 쓸쓸한 감성의 가을, 포근하게 감싸주는 겨울, 사계절의 감성을 노래하는 '은종'",https://www.artsro.com/right/enter_view.html?GoIdx=846&CatNo=80
845,민수,가수,80,독특한 음색과 매력적인 아우라. 싱어송라이터 '민수',https://www.artsro.com/right/enter_view.html?GoIdx=845&CatNo=80
844,김수영,가수,80,뛰어난 송라이팅의 내공과 깊고 매력적인 보컬을 겸비한 떠오르는 신예 '김수영',https://www.artsro.com/right/enter_view.html?GoIdx=844&CatNo=80
841,구원찬,가수,80,나긋한 목소리에 힘을 더한 구원의 목소리 R&B 싱어송라이터 '구원찬',https://www.artsro.com/right/enter_view.html?GoIdx=841&CatNo=80
840,소수빈,가수,80,가장 아름다운 꿈을 꾸었던 날 그 날의 목소리 '소수빈',https://www.artsro.com/right/enter_view.html?GoIdx=840&CatNo=80
829,소찬휘 밴드,가수,80,무대 폭발 소름돋는 파워풀한 가창력 최강고음 종결자 '소찬휘',https://www.artsro.com/right/enter_view.html?GoIdx=829&CatNo=80
716,로맨틱펀치,가수,80,강렬한 에너지 폭발적인 가창력 로큰롤 낭만자객 '로맨틱펀치',https://www.artsro.com/right/enter_view.html?GoIdx=716&CatNo=80
706,새소년,가수,80,"새 같은 자유로움을 지닌 밴드, 새소년~",https://www.artsro.com/right/enter_view.html?GoIdx=706&CatNo=80
704,치즈(CHEEZE),가수,80,각기 다른 치즈의 깊은 풍미처럼 다양한 매력의 어반 팝 스타일을 추구하는 싱어송라이터 CHEEZE.,https://www.artsro.com/right/enter_view.html?GoIdx=704&CatNo=80
660,10CM(십센치),가수,80,우리의 가슴을 간지럽히는 야한 목소리가 매력적인 '십센치',https://www.artsro.com/right/enter_view.html?GoIdx=660&CatNo=80
480,슈가도넛,가수,80,숨은 고수 모던 펑크락 밴드 '슈가도넛',https://www.artsro.com/right/enter_view.html?GoIdx=480&CatNo=80
306,소란(SORAN),가수,80,울림과 감동을 주는 '소란'스럽게 다가온 밴드 '소란',https://www.artsro.com/right/enter_view.html?GoIdx=306&CatNo=80
288,데이브레이크,가수,80,감미로운 음악으로 대한민국을 들어다 놨다,https://www.artsro.com/right/enter_view.html?GoIdx=288&CatNo=80
265,크라잉넛,가수,80,대체할 수 없는 악동 아이콘들이 돌아왔다,https://www.artsro.com/right/enter_view.html?GoIdx=265&CatNo=80
261,김창완 밴드,가수,80,옆집 아저씨 같은 포근함이 있지만 그들은 전설이다,https://www.artsro.com/right/enter_view.html?GoIdx=261&CatNo=80
255,YB(윤도현밴드),가수,80,대한민국 대표하는 최고의 락 밴드 'YB',https://www.artsro.com/right/enter_view.html?GoIdx=255&CatNo=80
2707,포르테나 (Fortena),가수,81,"운명처럼 만난 네 테너의 하모니, 포르테나",https://www.artsro.com/right/enter_view.html?GoIdx=2707&CatNo=81
2500,리베란테,가수,81,어떤 음악 장르도 자유롭게 넘나들 수 있는 팬텀싱어4 우승팀 리베란테,https://www.artsro.com/right/enter_view.html?GoIdx=2500&CatNo=81
1505,팬텀프렌즈,가수,81,팬텀싱어 출신으로 구성된 팀,https://www.artsro.com/right/enter_view.html?GoIdx=1505&CatNo=81
1240,라비던스,가수,81,팬텀싱어3 준우승,https://www.artsro.com/right/enter_view.html?GoIdx=1240&CatNo=81
1238,라포엠,가수,81,팬텀싱어3 우승,https://www.artsro.com/right/enter_view.html?GoIdx=1238&CatNo=81
1117,MIRACLASS(미라클라스),가수,81,국내 최초 크로스오버 남성 4중창 프로젝트 JTBC ‘팬텀싱어’ 시즌 2 준우승팀,https://www.artsro.com/right/enter_view.html?GoIdx=1117&CatNo=81
402,홍지민,가수,81,사람들에게 위로하고 힘을 불어넣는 감동의 메세지를 주는 예쁜 배우 '홍지민',https://www.artsro.com/right/enter_view.html?GoIdx=402&CatNo=81
397,최정원,가수,81,무대서 열정을 불태우는 대한민국 대표 1세대 명품 뮤지컬배우 '최정원',https://www.artsro.com/right/enter_view.html?GoIdx=397&CatNo=81
401,전수경,가수,81,세상에 기부하는 품격이 살아있는  '전수경',https://www.artsro.com/right/enter_view.html?GoIdx=401&CatNo=81
596,이소정,가수,81,독보적 존재감과 풍부한 음색으로 울림을 선사하는 브로드웨이 여신 '이소정',https://www.artsro.com/right/enter_view.html?GoIdx=596&CatNo=81
279,김소현,가수,81,"뮤지컬 ‘엘리자벳’, ‘명성황후’, ‘팬텀’ 등 대형 작품의 여주인공으로 출연한 대한민국 뮤지컬계를 대표하는 여배우",https://www.artsro.com/right/enter_view.html?GoIdx=279&CatNo=81
386,손준호,가수,81,신화가 다시 시작된다. 전율을 선사한다 매력적인 배우 '손준호',https://www.artsro.com/right/enter_view.html?GoIdx=386&CatNo=81
208,듀에토,가수,81,국내최초 얼굴로 승부하는 크로스오버 듀엣 그룹.,https://www.artsro.com/right/enter_view.html?GoIdx=208&CatNo=81
392,카이(KAI),가수,81,대한민국을 넘어 전세계가 바라본다 바보박사 '카이',https://www.artsro.com/right/enter_view.html?GoIdx=392&CatNo=81
276,김소향,가수,81,치명적이지만 사랑스러운‘마타하리’역으로 큰사랑을 받았던 배우,https://www.artsro.com/right/enter_view.html?GoIdx=276&CatNo=81
623,리사,가수,81,"뮤지컬, 가수, 화가까지 다재다능 멀티플레이어 '리사'",https://www.artsro.com/right/enter_view.html?GoIdx=623&CatNo=81
611,차지연,가수,81,호소력 짙은 목소리와 폭발적인 가창력 무대를 사로잡는 강렬한 존재감 '차지연',https://www.artsro.com/right/enter_view.html?GoIdx=611&CatNo=81
4815,서영택X오스틴킴,가수,81,웅장한 음색과 강렬한 하모니를 선보이는 남성듀오,https://www.artsro.com/right/enter_view.html?GoIdx=4815&CatNo=81
4779,길병민,가수,81,음악의 길은 마음으로 통한다. 웰컴 투 병민 유니버스!,https://www.artsro.com/right/enter_view.html?GoIdx=4779&CatNo=81
4696,문태국,가수,81,기억이 시작되는 순간부터 항상 첼로가 있었다. 산다는 건 첼로를 하는 것이라 생각했다.,https://www.artsro.com/right/enter_view.html?GoIdx=4696&CatNo=81
4694,손준호&김소현,가수,81,연예계 대표 뮤지컬 부부!,https://www.artsro.com/right/enter_view.html?GoIdx=4694&CatNo=81
4661,이지혜,가수,81,맑고 따뜻한 음색을 가진 꾀꼬리 장인!,https://www.artsro.com/right/enter_view.html?GoIdx=4661&CatNo=81
4572,김수아,가수,81,맑고 깨끗한 연기력을 가진 뮤지컬 배우,https://www.artsro.com/right/enter_view.html?GoIdx=4572&CatNo=81
4570,서광현,가수,81,깊은 감성을 표현하는 사람다운 배우,https://www.artsro.com/right/enter_view.html?GoIdx=4570&CatNo=81
4569,오윤서,가수,81,실력파 뮤지컬 배우,https://www.artsro.com/right/enter_view.html?GoIdx=4569&CatNo=81
4567,신은총,가수,81,대한민국의 뮤지컬 배우,https://www.artsro.com/right/enter_view.html?GoIdx=4567&CatNo=81
4565,조원석,가수,81,맑은 눈을 가진 실력파 뮤지컬 배우,https://www.artsro.com/right/enter_view.html?GoIdx=4565&CatNo=81
4563,최경록,가수,81,대한민국의 뮤지컬 배우,https://www.artsro.com/right/enter_view.html?GoIdx=4563&CatNo=81
4562,김바울,가수,81,JTBC 팬텀싱어 3 라비던스 팀 준우승,https://www.artsro.com/right/enter_view.html?GoIdx=4562&CatNo=81
4561,유승엽,가수,81,대한민국의 뮤지컬 배우,https://www.artsro.com/right/enter_view.html?GoIdx=4561&CatNo=81
4557,권가민,가수,81,너의 목소리가 보여 시즌8 11회 우승자,https://www.artsro.com/right/enter_view.html?GoIdx=4557&CatNo=81
4556,박슬기,가수,81,제11회 대구국제뮤지컬 페스티벌(DIMF) 연기상 수상자,https://www.artsro.com/right/enter_view.html?GoIdx=4556&CatNo=81
4555,나하나,가수,81,2023 대구국제뮤지컬페스티벌 신인상 수상자,https://www.artsro.com/right/enter_view.html?GoIdx=4555&CatNo=81
4548,유소리,가수,81,안정적인 가창과 탄탄한 기본기를 바탕으로 성장세가 돋보이는 배우,https://www.artsro.com/right/enter_view.html?GoIdx=4548&CatNo=81
4547,장윤석,가수,81,탄탄한 기량과 안정적인 무대 운영 능력을 겸비한 신뢰도 높은 배우,https://www.artsro.com/right/enter_view.html?GoIdx=4547&CatNo=81
4546,박시인,가수,81,뮤지컬을 중심으로 다양한 장르에서 활약 중인 실력파 배우,https://www.artsro.com/right/enter_view.html?GoIdx=4546&CatNo=81
4545,김성식,가수,81,탄탄한 가창력과 섬세한 연기를 겸비한 신뢰도 높은 배우,https://www.artsro.com/right/enter_view.html?GoIdx=4545&CatNo=81
4544,이아름솔,가수,81,탄탄한 연기력과 안정적인 가창력을 바탕으로 신뢰받는 배우,https://www.artsro.com/right/enter_view.html?GoIdx=4544&CatNo=81
4543,전수미,가수,81,오랜 무대 경험을 바탕으로 작품의 완성도를 끌어올리는 신뢰받는 배우,https://www.artsro.com/right/enter_view.html?GoIdx=4543&CatNo=81
4539,최하람,가수,81,뮤지컬을 사랑하는 피아노 천재,https://www.artsro.com/right/enter_view.html?GoIdx=4539&CatNo=81
4536,기세중,가수,81,귀여운 외모와는 상반되는 중저음이 매력적인 뮤지컬 배우,https://www.artsro.com/right/enter_view.html?GoIdx=4536&CatNo=81
4533,백형훈,가수,81,뮤지컬 배우 겸 흉스프레소의 멤버,https://www.artsro.com/right/enter_view.html?GoIdx=4533&CatNo=81
4532,윤형렬,가수,81,'곰미남'이라는 별명을 가진 가수 겸 뮤지컬 배우,https://www.artsro.com/right/enter_view.html?GoIdx=4532&CatNo=81
4530,한지상,가수,81,믿고 보는 뮤지컬배우,https://www.artsro.com/right/enter_view.html?GoIdx=4530&CatNo=81
4529,브래드 리틀(Brad Little),가수,81,베리모어어워드 뮤지컬부문 남우주연상,https://www.artsro.com/right/enter_view.html?GoIdx=4529&CatNo=81
4525,유리아,가수,81,완벽한 가창력의 소유자,https://www.artsro.com/right/enter_view.html?GoIdx=4525&CatNo=81
4320,진원,가수,81,'팬텀싱어 4'의 우승팀 리베란테 테너,https://www.artsro.com/right/enter_view.html?GoIdx=4320&CatNo=81
4227,최재림,가수,81,무대 위의 팔색조의 매력을 보여주는 배우,https://www.artsro.com/right/enter_view.html?GoIdx=4227&CatNo=81
4217,이태이,가수,81,그룹 억스 보컬이자 뮤지컬 배우,https://www.artsro.com/right/enter_view.html?GoIdx=4217&CatNo=81
4045,최지혜,가수,81,다양한 작품으로 매력을 선보이고 있는 배우!,https://www.artsro.com/right/enter_view.html?GoIdx=4045&CatNo=81
4044,윤소호,가수,81,소년 캐릭터에서 본인만의 장점을 극대화시키는 배우!,https://www.artsro.com/right/enter_view.html?GoIdx=4044&CatNo=81
3996,조환지,가수,81,"공연 및 페스티벌, 이벤트에 적합한 가수!",https://www.artsro.com/right/enter_view.html?GoIdx=3996&CatNo=81
3918,문미향,가수,81,"달빛처럼 아름다운 목소리, 재즈 보컬리스트 문미향",https://www.artsro.com/right/enter_view.html?GoIdx=3918&CatNo=81
3914,황건우,가수,81,뮤지컬 배우,https://www.artsro.com/right/enter_view.html?GoIdx=3914&CatNo=81
3855,김경록,가수,81,선한 매력이 돋보이는 뮤지컬 배우!,https://www.artsro.com/right/enter_view.html?GoIdx=3855&CatNo=81
3854,김원빈,가수,81,매력적인 눈매를 가진 뮤지컬 배우!,https://www.artsro.com/right/enter_view.html?GoIdx=3854&CatNo=81
3544,정선아,가수,81,무대를 사로잡는 노래 '정선아',https://www.artsro.com/right/enter_view.html?GoIdx=3544&CatNo=81
3375,대니 구 (Danny Koo),가수,81,"세상과 소통하는 바이올리니스트, 노래하는 바이올리니스트",https://www.artsro.com/right/enter_view.html?GoIdx=3375&CatNo=81
3358,크레즐,가수,81,팬텀싱어4 TOP 3,https://www.artsro.com/right/enter_view.html?GoIdx=3358&CatNo=81
3307,강동우,가수,81,뮤지컬 배우,https://www.artsro.com/right/enter_view.html?GoIdx=3307&CatNo=81
3306,김승용,가수,81,뮤지컬배우,https://www.artsro.com/right/enter_view.html?GoIdx=3306&CatNo=81
3305,전재홍,가수,81,뮤지컬 배우,https://www.artsro.com/right/enter_view.html?GoIdx=3305&CatNo=81
3304,원종환,가수,81,뮤지컬 배우,https://www.artsro.com/right/enter_view.html?GoIdx=3304&CatNo=81
3113,윤한,가수,81,천재 피아니스트,https://www.artsro.com/right/enter_view.html?GoIdx=3113&CatNo=81
3023,곽동현,가수,81,히든싱어 모창 능력자 원킬,https://www.artsro.com/right/enter_view.html?GoIdx=3023&CatNo=81
2961,김호영,가수,81,호이스럽다 HOY 김호영,https://www.artsro.com/right/enter_view.html?GoIdx=2961&CatNo=81
2728,이한범,가수,81,팬텀싱어4 핵인싸 바리톤 감성적인 목소리의 반전미,https://www.artsro.com/right/enter_view.html?GoIdx=2728&CatNo=81
2723,박강현,가수,81,"미라클라스 멤버이자, 도화지같은 배우",https://www.artsro.com/right/enter_view.html?GoIdx=2723&CatNo=81
2710,임형주,가수,81,팝페라계의 '선구자'이자 세계 팝페라계의 '월드스타',https://www.artsro.com/right/enter_view.html?GoIdx=2710&CatNo=81
2658,양지 (Yangji),가수,81,차세대 재즈디바이자 음악감독,https://www.artsro.com/right/enter_view.html?GoIdx=2658&CatNo=81
2654,류승주,가수,81,뮤지컬배우 류승주,https://www.artsro.com/right/enter_view.html?GoIdx=2654&CatNo=81
2645,임태경,가수,81,대한민국의 성악가이자 뮤지컬 배우,https://www.artsro.com/right/enter_view.html?GoIdx=2645&CatNo=81
2465,엘볼렌테,가수,81,"팬텀싱어 시즌1,2,3 멤버들로 구성된",https://www.artsro.com/right/enter_view.html?GoIdx=2465&CatNo=81
2408,인치엘로,가수,81,대한민국 제１세대 팝페라 그룹,https://www.artsro.com/right/enter_view.html?GoIdx=2408&CatNo=81
2403,김광민,가수,81,대한민국 대표 피아노연주가이자 동덕여자대학교 공연예술대학 실용음악과 교수,https://www.artsro.com/right/enter_view.html?GoIdx=2403&CatNo=81
2398,곽정,가수,81,하피스트 곽정,https://www.artsro.com/right/enter_view.html?GoIdx=2398&CatNo=81
2254,이석준,가수,81,뮤지컬 배우이자 가수 이석준입니다,https://www.artsro.com/right/enter_view.html?GoIdx=2254&CatNo=81
2253,정승원,가수,81,뮤지컬 배우 정승원,https://www.artsro.com/right/enter_view.html?GoIdx=2253&CatNo=81
2178,양방언,가수,81,"피아니스트, 뉴에이지 음악 작곡가",https://www.artsro.com/right/enter_view.html?GoIdx=2178&CatNo=81
2157,유성녀,가수,81,유학파 이태리 돌고래 소프라노 '유성녀',https://www.artsro.com/right/enter_view.html?GoIdx=2157&CatNo=81
2145,송은혜,가수,81,아름다운 목소리의 팝페라 여성 솔로,https://www.artsro.com/right/enter_view.html?GoIdx=2145&CatNo=81
2117,정경,가수,81,오페라마를 통한 클래식 음악의 저변 확대를 위해 노력하는 바리톤 '정경',https://www.artsro.com/right/enter_view.html?GoIdx=2117&CatNo=81
1641,윤석철,가수,81,아티스트 맞춤형 음악을 재즈 사운드로 풀어나가는 재즈뮤지션,https://www.artsro.com/right/enter_view.html?GoIdx=1641&CatNo=81
1638,조형균,가수,81,탁월한 성량과 원숙한 연기를 보여주는 뮤지컬 배우,https://www.artsro.com/right/enter_view.html?GoIdx=1638&CatNo=81
1637,이충주,가수,81,멋진 음색과 넓은 음역대의 타고난 감각의 프로듀서형 보이스 뮤지컬 배우,https://www.artsro.com/right/enter_view.html?GoIdx=1637&CatNo=81
1636,김동현,가수,81,"에델 라인클랑 최장, 최저음 바리톤",https://www.artsro.com/right/enter_view.html?GoIdx=1636&CatNo=81
1635,안세권,가수,81,루치아노 파바로티와 음색이 비슷한 세바로티,https://www.artsro.com/right/enter_view.html?GoIdx=1635&CatNo=81
1624,김동규,가수,81,10월에 어느 멋진 날에,https://www.artsro.com/right/enter_view.html?GoIdx=1624&CatNo=81
1619,마이클 리,가수,81,브로드웨이에서 활동했던 뮤지컬배우,https://www.artsro.com/right/enter_view.html?GoIdx=1619&CatNo=81
1615,유채훈,가수,81,팬텀싱어 3 최종우승 팀 라포엠 소속 팝페라가수,https://www.artsro.com/right/enter_view.html?GoIdx=1615&CatNo=81
1516,김진수,가수,81,코미디언 겸 배우,https://www.artsro.com/right/enter_view.html?GoIdx=1516&CatNo=81
1507,주형진,가수,81,팝재즈 싱어송라이터,https://www.artsro.com/right/enter_view.html?GoIdx=1507&CatNo=81
1347,배두훈,가수,81,뮤지컬배우 출신의 포레스텔라 멤버,https://www.artsro.com/right/enter_view.html?GoIdx=1347&CatNo=81
1291,임정모,가수,81,대한민국의 뮤지컬 배우,https://www.artsro.com/right/enter_view.html?GoIdx=1291&CatNo=81
1287,전나영,가수,81,동양인 최초 웨스트엔드 '레미제라블' 주역,https://www.artsro.com/right/enter_view.html?GoIdx=1287&CatNo=81
1255,이정화,가수,81,마음이 정화되는 목소리의 뮤지컬배우,https://www.artsro.com/right/enter_view.html?GoIdx=1255&CatNo=81
1196,아이비,가수,81,TOP 여자가수에서 TOP뮤지컬 DIVA로 돌아온 그녀,https://www.artsro.com/right/enter_view.html?GoIdx=1196&CatNo=81
1163,이도희,가수,81,보이스퀸Top7 / 뮤지컬 기반인 탄탄한 보컬,https://www.artsro.com/right/enter_view.html?GoIdx=1163&CatNo=81
1160,민우혁,가수,81,"뮤지컬계의 가장 무서운 상승세, 대세배우",https://www.artsro.com/right/enter_view.html?GoIdx=1160&CatNo=81
1116,포레스텔라,가수,81,KBS “불후의 명곡”이 인정한 국내 제일의 크로스오버 그룹,https://www.artsro.com/right/enter_view.html?GoIdx=1116&CatNo=81
1104,옥주현,가수,81,"#핑클#61,62대 복면가왕#옥리자벳",https://www.artsro.com/right/enter_view.html?GoIdx=1104&CatNo=81
995,김준수,가수,81,숨소리만 들어도 전율이 흐르는 공연킹 '김준수',https://www.artsro.com/right/enter_view.html?GoIdx=995&CatNo=81
646,이윤하,가수,81,무대 위 빛나는 존재감 다채로운 매력의 '이윤하',https://www.artsro.com/right/enter_view.html?GoIdx=646&CatNo=81
644,양지원,가수,81,남다른 감성과 노련함으로 작품에 무게를 더하는 '양지원',https://www.artsro.com/right/enter_view.html?GoIdx=644&CatNo=81
642,최서연,가수,81,풍성한 감성 표현과 맑은 음색으로 무대를 채우는 싱그러운 '최서연',https://www.artsro.com/right/enter_view.html?GoIdx=642&CatNo=81
641,이승헌,가수,81,"300대1 경쟁률 뚫고 데뷔, 앞으로 활약상이 기대되는 신예 '이승헌'",https://www.artsro.com/right/enter_view.html?GoIdx=641&CatNo=81
639,임준혁,가수,81,연기력과 가창력을 두루 갖춘 주목해야 할 초특급 '임준혁',https://www.artsro.com/right/enter_view.html?GoIdx=639&CatNo=81
638,김찬호,가수,81,매력적인 마스크와 안정적인 연기력. 무대 위 빛나는 존재감 '김찬호',https://www.artsro.com/right/enter_view.html?GoIdx=638&CatNo=81
636,장지후,가수,81,강렬한 존재감을 남기는 매력적인 보이스. 쥬뗌므 '장지후',https://www.artsro.com/right/enter_view.html?GoIdx=636&CatNo=81
635,송유택,가수,81,발군의 실력으로 무한한 잠재력을 인정 받은 슈퍼루키 '송유택',https://www.artsro.com/right/enter_view.html?GoIdx=635&CatNo=81
634,이하나,가수,81,탁월한 재능과 매력으로 관객을 매혹시키는 '이하나',https://www.artsro.com/right/enter_view.html?GoIdx=634&CatNo=81
633,이지수,가수,81,"감성을 자극하는 아름다운 목소리, 보석같은 신예 '이지수'",https://www.artsro.com/right/enter_view.html?GoIdx=633&CatNo=81
632,고훈정 (고윤준),가수,81,다양한 장르와 캐릭터를 아우르며 도전을 두려워하지 않는 카리스마 '고훈정',https://www.artsro.com/right/enter_view.html?GoIdx=632&CatNo=81
631,지혜근,가수,81,스펙트럼 넓은 연기로 그 어떤 역할도 지혜롭게 척척 '지혜근,https://www.artsro.com/right/enter_view.html?GoIdx=631&CatNo=81
629,최수진,가수,81,청순한 외모와 매력적인 목소리 자체발광 빛나는 '최수진',https://www.artsro.com/right/enter_view.html?GoIdx=629&CatNo=81
628,이예은,가수,81,신비로운 마스크와 매력적인 목소리의 당찬 라이징 스타 '이예은',https://www.artsro.com/right/enter_view.html?GoIdx=628&CatNo=81
627,송용진,가수,81,끝없이 도전하는 대체불가능한 배우 '송용진',https://www.artsro.com/right/enter_view.html?GoIdx=627&CatNo=81
626,김지현,가수,81,무대를 압도하는 카리스마.한국인 최초 극단 시키 수석 배우 '김지현',https://www.artsro.com/right/enter_view.html?GoIdx=626&CatNo=81
384,민영기,가수,81,대극장 뚜껑을 날려버리고 지붕을 뚫는 압도적인 성량 믿고 보는 배우 '민영기',https://www.artsro.com/right/enter_view.html?GoIdx=384&CatNo=81
2265,장사익,가수,82,가장 한국적인 느낌으로 노래를 부르는 가수,https://www.artsro.com/right/enter_view.html?GoIdx=2265&CatNo=82
1268,AUX(억스),가수,82,"풍류대장  3위 , 힙한 혼성 퓨전 국악 밴드",https://www.artsro.com/right/enter_view.html?GoIdx=1268&CatNo=82
1169,조엘라,가수,82,"보이스퀸 2위, '난감하네'의 원곡자이며 만능소리꾼",https://www.artsro.com/right/enter_view.html?GoIdx=1169&CatNo=82
4697,박다울,가수,82,"거문고 연주자, 국악인",https://www.artsro.com/right/enter_view.html?GoIdx=4697&CatNo=82
4486,어느일상,가수,82,"평범한 일상 속, 특별함을 노래하는 밴드",https://www.artsro.com/right/enter_view.html?GoIdx=4486&CatNo=82
4230,임재현,가수,82,JTBC 풍류대장 TOP10,https://www.artsro.com/right/enter_view.html?GoIdx=4230&CatNo=82
3076,팝핀현준&박애리,가수,82,팝핀댄스 X 국악인의 만남,https://www.artsro.com/right/enter_view.html?GoIdx=3076&CatNo=82
2568,유태평양 (Yu Taepyungyang),가수,82,한국의 자긍심을 노래하는 소리꾼,https://www.artsro.com/right/enter_view.html?GoIdx=2568&CatNo=82
1915,최예림,가수,82,"조회수가 증명하는 대중적 파급력, 무대를 압도하는 국악의 '힙'한 변주",https://www.artsro.com/right/enter_view.html?GoIdx=1915&CatNo=82
1562,해음,가수,82,국악 어쿠스틱 밴드,https://www.artsro.com/right/enter_view.html?GoIdx=1562&CatNo=82
1561,최재구,가수,82,국무총리상 수상한 소리꾼,https://www.artsro.com/right/enter_view.html?GoIdx=1561&CatNo=82
1560,온도(OWNDO),가수,82,"음악으로 ""마음의 온도""를 높이는 밴드",https://www.artsro.com/right/enter_view.html?GoIdx=1560&CatNo=82
1480,AUX(억스) 밴드,가수,82,풍류대장 3위의 완전체 밴드,https://www.artsro.com/right/enter_view.html?GoIdx=1480&CatNo=82
1391,고래야,가수,82,세계가 인정한 월드뮤직그룹,https://www.artsro.com/right/enter_view.html?GoIdx=1391&CatNo=82
1375,공명,가수,82,전통음악의 다양성과 새로운소리를 창츨하는 월드뮤직그룹,https://www.artsro.com/right/enter_view.html?GoIdx=1375&CatNo=82
1367,하윤주,가수,82,정가의 여신,https://www.artsro.com/right/enter_view.html?GoIdx=1367&CatNo=82
1272,이봉근,가수,82,연기하는 소리꾼,https://www.artsro.com/right/enter_view.html?GoIdx=1272&CatNo=82
1269,이상,가수,82,"풍류대장 5위,  상상 그이상의 신명나는 풍물밴드",https://www.artsro.com/right/enter_view.html?GoIdx=1269&CatNo=82
1267,박애리,가수,82,대장금 '오나라'의 주인공,https://www.artsro.com/right/enter_view.html?GoIdx=1267&CatNo=82
1266,소리꾼 김준수,가수,82,국악계 아이돌,https://www.artsro.com/right/enter_view.html?GoIdx=1266&CatNo=82
1262,잠비나이,가수,82,포스트록과 국악의 환상적 만남,https://www.artsro.com/right/enter_view.html?GoIdx=1262&CatNo=82
1257,악단광칠,가수,82,떼창과 떼춤을 부르는 업그레이드 된 현대적 감성,https://www.artsro.com/right/enter_view.html?GoIdx=1257&CatNo=82
1248,이날치,가수,82,범내려온다의 주인공,https://www.artsro.com/right/enter_view.html?GoIdx=1248&CatNo=82
1247,서도밴드,가수,82,조선팝의 창시자,https://www.artsro.com/right/enter_view.html?GoIdx=1247&CatNo=82
1164,이미리,가수,82,보이스퀸Top14 / 송가인 잡으러 온 만능소리꾼,https://www.artsro.com/right/enter_view.html?GoIdx=1164&CatNo=82
662,정소리,가수,82,너의 목소리가 들려에서 심금을 울린 국악소녀 정소리!!!,https://www.artsro.com/right/enter_view.html?GoIdx=662&CatNo=82
595,송소희,가수,82,국악의 대중화를 꿈꾸는 국악여신 '송소희',https://www.artsro.com/right/enter_view.html?GoIdx=595&CatNo=82
461,소리꾼 오정해,가수,82,소리를 통해 대한민국의 미를 알린다 서편제 송화 '오정해',https://www.artsro.com/right/enter_view.html?GoIdx=461&CatNo=82
3492,김혜미,가수,17,깊이 있는 목소리로 관객을 매료시키는 보컬리스트,https://www.artsro.com/right/enter_view.html?GoIdx=3492&CatNo=17
75,유사랑 재즈 퀸텟,가수,17,따뜻하면서도 파워풀한 그들만의 매력적인 사운드를 들려준다,https://www.artsro.com/right/enter_view.html?GoIdx=75&CatNo=17
932,골드 시스터즈(Gold Sisters),가수,17,3인의 실력파 여성 보컬로 이루어진 Gold Sisters,https://www.artsro.com/right/enter_view.html?GoIdx=932&CatNo=17
4678,고희안 트리오,가수,17,한국의 '키스자렛 트리오',https://www.artsro.com/right/enter_view.html?GoIdx=4678&CatNo=17
4662,모멘트엠(MOMENT M),가수,17,상상도 하지 못한 이전에 없었던 Brass Team,https://www.artsro.com/right/enter_view.html?GoIdx=4662&CatNo=17
4652,재즈스트링,가수,17,재즈와 바이올린,https://www.artsro.com/right/enter_view.html?GoIdx=4652&CatNo=17
4649,리코타 재즈 패밀리,가수,17,"재즈, 게임음악, 콘서트 세션 등 다양한 활동이 가능한 빅밴드 팀",https://www.artsro.com/right/enter_view.html?GoIdx=4649&CatNo=17
4396,그루브 보이스(Groove Voice),가수,17,'신나는 음악이 필요할 때!’,https://www.artsro.com/right/enter_view.html?GoIdx=4396&CatNo=17
4385,쇼루식구,가수,17,"브라질의 쇼루를 연주하는 쇼루식구입니다. 관객들이 가장 먼저 집중하는 순간은, 익숙한 선율이 전혀 새로운 질감으로 들려오는 때입니다.",https://www.artsro.com/right/enter_view.html?GoIdx=4385&CatNo=17
4348,"안녕, 보사노바",가수,17,"기분이 좋아지는, 보사노바 재즈",https://www.artsro.com/right/enter_view.html?GoIdx=4348&CatNo=17
4338,벨루지아,가수,17,따뜻한 감성과 모두가 즐길 수 있는 컨셉,https://www.artsro.com/right/enter_view.html?GoIdx=4338&CatNo=17
4335,"따뜻한 소리, 온음",가수,17,"따뜻한 소리, 함께하는 시간",https://www.artsro.com/right/enter_view.html?GoIdx=4335&CatNo=17
4331,에비뉴,가수,17,"무대의 ‘On’을 켜는 순간, 공간 전체를  환상적인 무대로 물들입니다.",https://www.artsro.com/right/enter_view.html?GoIdx=4331&CatNo=17
4330,모던 스팟,가수,17,다양한 음악을 추구하는 특색있는 재즈밴드,https://www.artsro.com/right/enter_view.html?GoIdx=4330&CatNo=17
4326,알렉스,가수,17,섬세한 감성과 깊은 호흡으로 무대를 압도하는 색소포니스트,https://www.artsro.com/right/enter_view.html?GoIdx=4326&CatNo=17
4259,셀위로큰롤,가수,17,로큰롤 장르를 기반으로 한 재즈밴드,https://www.artsro.com/right/enter_view.html?GoIdx=4259&CatNo=17
4256,셀위브라스,가수,17,밴드와 브라스의 고급스러운 만남,https://www.artsro.com/right/enter_view.html?GoIdx=4256&CatNo=17
3875,하입업밴드,가수,17,타이트한 브라스와 감각적인 보컬이 만드는 최고의 파티 뮤직 밴드!,https://www.artsro.com/right/enter_view.html?GoIdx=3875&CatNo=17
3852,저스트파인 (JUST FINE),가수,17,"POP,  Funk 등 대중성 있는 음악을 기반으로  Groovy하고 청량감 넘치는 사운드를 선사!",https://www.artsro.com/right/enter_view.html?GoIdx=3852&CatNo=17
3844,브리지재즈클럽,가수,17,산들바람처럼 따뜻하면서도 강렬한 재즈밴드,https://www.artsro.com/right/enter_view.html?GoIdx=3844&CatNo=17
3800,헤나&와이준 듀오,가수,17,재즈 보컬과 재즈 피아니스트의 듀오!,https://www.artsro.com/right/enter_view.html?GoIdx=3800&CatNo=17
3681,엠씨리 듀오,가수,17,그들이 연주하면 축제가 된다!,https://www.artsro.com/right/enter_view.html?GoIdx=3681&CatNo=17
3680,재즈파크 빅밴드,가수,17,"문화체육관관광부, 문화예술위원회 선정 최장수 빅밴드!",https://www.artsro.com/right/enter_view.html?GoIdx=3680&CatNo=17
3636,루 집시 까페,가수,17,"자유와 낭만의 음악, 집시재즈과 재즈 만남!",https://www.artsro.com/right/enter_view.html?GoIdx=3636&CatNo=17
3628,프렌치 크림,가수,17,네덜란드 국제 재즈 콩쿨 우승자!,https://www.artsro.com/right/enter_view.html?GoIdx=3628&CatNo=17
3587,재즈 스텝 빌리지 (Jazz Step Village),가수,17,탭댄스와 재즈를 사랑하는 사람들이 모여 만들어진 특별한 재즈 밴드,https://www.artsro.com/right/enter_view.html?GoIdx=3587&CatNo=17
3499,뮤즈포엠,가수,17,"뉴에이지와 재즈의 분위기로, 대중들에게 친근한 멜로디로 찾아갑니다.",https://www.artsro.com/right/enter_view.html?GoIdx=3499&CatNo=17
3497,원재즈밴드 (One Jazz Band),가수,17,고급스러움과 대중성을 넘나드는 함께 즐기는 Pop Jazz 'One Jazz Band',https://www.artsro.com/right/enter_view.html?GoIdx=3497&CatNo=17
3469,유발이,가수,17,출판사 ‘마담꾸꾸’ 대표,https://www.artsro.com/right/enter_view.html?GoIdx=3469&CatNo=17
3432,재즈보컬 정화,가수,17,"특유의 따뜻한 감성과 포근한 스윙감으로 노래하는 재즈보컬, 정화",https://www.artsro.com/right/enter_view.html?GoIdx=3432&CatNo=17
3388,로맨틱나잇,가수,17,재즈로 로맨틱한 하루를 선물하는 로맨틱나잇 입니다.,https://www.artsro.com/right/enter_view.html?GoIdx=3388&CatNo=17
3277,차유빈 퀄텟,가수,17,"하드밥 장르의 빠른템포, 비밥스케일 중심의 스윙 재즈곡들을 김한빛 보컬과 함께하는 재즈 밴드",https://www.artsro.com/right/enter_view.html?GoIdx=3277&CatNo=17
3132,마리아킴,가수,17,절대음감의 재즈 뮤지션,https://www.artsro.com/right/enter_view.html?GoIdx=3132&CatNo=17
3096,La Petite France Quartet (라 쁘띠 프랑스 콰르텟),가수,17,프랑스의 낭만을 느낄 수 있는 집시재즈 밴드 입니다,https://www.artsro.com/right/enter_view.html?GoIdx=3096&CatNo=17
2584,튠어라운드 (Tune Around),가수,17,세상을 더 좋은 곳으로 만드는 예술,https://www.artsro.com/right/enter_view.html?GoIdx=2584&CatNo=17
2445,윤익형 밴드,가수,17,우리의 음악을 나누기 위해 연주하는 재즈밴드 입니다.,https://www.artsro.com/right/enter_view.html?GoIdx=2445&CatNo=17
2339,서울재즈빅밴드,가수,17,가장 화려한 재즈 밴드,https://www.artsro.com/right/enter_view.html?GoIdx=2339&CatNo=17
2304,엠씨리밴드,가수,17,그들이 연주하면 축제가 된다. MCLEE BAND,https://www.artsro.com/right/enter_view.html?GoIdx=2304&CatNo=17
2259,은하수밴드,가수,17,다채로운 장르를 소화하는 밴드!!,https://www.artsro.com/right/enter_view.html?GoIdx=2259&CatNo=17
2234,더뉴재즈밴드,가수,17,항상 새로움을 추구하는 밴드,https://www.artsro.com/right/enter_view.html?GoIdx=2234&CatNo=17
2232,집섬,가수,17,"신나는 라틴 리듬 속 감성 재즈와 함께, 여행을 떠나는 기분의 기타 트리오 집섬!",https://www.artsro.com/right/enter_view.html?GoIdx=2232&CatNo=17
2229,남달리,가수,17,POP JAZZ 싱어송라이터 남달리 입니다,https://www.artsro.com/right/enter_view.html?GoIdx=2229&CatNo=17
2194,모달밴드,가수,17,Cotrolled of Freedom의 가치관을 지향하는 팀!,https://www.artsro.com/right/enter_view.html?GoIdx=2194&CatNo=17
2131,빅직 (Big JEEQ),가수,17,모두가 편하게 들을 수 있는 퓨전음악을 만드는 퓨전재즈밴드,https://www.artsro.com/right/enter_view.html?GoIdx=2131&CatNo=17
2100,이주미 재즈보컬리스트,가수,17,한국 재즈가 기다린 마지막 퍼즐 중의 하나,https://www.artsro.com/right/enter_view.html?GoIdx=2100&CatNo=17
2070,에스윗,가수,17,"클래식부터 탱고, 팝, 가요 다양한 장르의 색소폰 콰르텟",https://www.artsro.com/right/enter_view.html?GoIdx=2070&CatNo=17
1916,Cool Jazz Band (쿨 재즈밴드),가수,17,국내 최고의 뮤지션들이 뭉쳤다!!관객과 호흡하는 밴드,https://www.artsro.com/right/enter_view.html?GoIdx=1916&CatNo=17
1826,빅파이브,가수,17,재즈의 독특한 멋과 다양한 구성을 보여드립니다.,https://www.artsro.com/right/enter_view.html?GoIdx=1826&CatNo=17
1800,더 버건디,가수,17,와인보다 더 진하고 은은한 재즈,https://www.artsro.com/right/enter_view.html?GoIdx=1800&CatNo=17
1793,난아진 재즈보컬리스트,가수,17,"힙합, Soul , Funk를 기반으로 관객과의 소통을 중시하고 대중성 있는 공연",https://www.artsro.com/right/enter_view.html?GoIdx=1793&CatNo=17
1778,아리스김,가수,17,색소폰계의 나훈아,https://www.artsro.com/right/enter_view.html?GoIdx=1778&CatNo=17
1740,에이퍼즈,가수,17,여성 3인조 퓨전 재즈 인스트루멘탈 밴드,https://www.artsro.com/right/enter_view.html?GoIdx=1740&CatNo=17
1716,Swing 30(스윙30),가수,17,"브루스, 스윙, 비밥부터 컨템포러리까지 다양한 음악을 연주하는 팀",https://www.artsro.com/right/enter_view.html?GoIdx=1716&CatNo=17
1713,밴드 파람,가수,17,재즈와 탭댄스의 콜라보,https://www.artsro.com/right/enter_view.html?GoIdx=1713&CatNo=17
1703,루카스,가수,17,로맨틱 색소포니스트,https://www.artsro.com/right/enter_view.html?GoIdx=1703&CatNo=17
1702,스탠다드원 (Standard1),가수,17,"싱어송라이터 스탠다드원 (Standard1) 의     공연, 행사 재즈밴드 팀",https://www.artsro.com/right/enter_view.html?GoIdx=1702&CatNo=17
1700,더 블리스 코리아(The Bliss Korea),가수,17,대한민국을 신나고 뜨겁게 달굴 제대로 된 빈티지 밴드! [너.목.보 시즌9]의 실력자,https://www.artsro.com/right/enter_view.html?GoIdx=1700&CatNo=17
1694,봉트라베이스,가수,17,봉트라베이스만의 재즈 감성으로 재탄생,https://www.artsro.com/right/enter_view.html?GoIdx=1694&CatNo=17
1690,문 재즈밴드,가수,17,전통적이고 고급스러운 재즈 사운드의 완성,https://www.artsro.com/right/enter_view.html?GoIdx=1690&CatNo=17
1435,굿펠리스(Good Fellis),가수,17,국내유일의 비브라폰 퀄텟구성의 재즈밴드,https://www.artsro.com/right/enter_view.html?GoIdx=1435&CatNo=17
1080,라벤타나,가수,17,탱고를 노래하다,https://www.artsro.com/right/enter_view.html?GoIdx=1080&CatNo=17
387,비브라폰재즈밴드 오버랩,가수,17,비브라폰으로 만나는 아름다운 재즈의 선율,https://www.artsro.com/right/enter_view.html?GoIdx=387&CatNo=17
188,젠틀레인(Gentle Rain),가수,17,한국을 대표하는 재즈밴드. 서정적인 선율과 섬세한 연주를 들려준다.,https://www.artsro.com/right/enter_view.html?GoIdx=188&CatNo=17
79,재즈 팝 보컬 황은혜,가수,17,때로는 파워풀하게! 때로는 여성스럽게! 감성을 자극하는 가수,https://www.artsro.com/right/enter_view.html?GoIdx=79&CatNo=17
77,판도라,가수,17,"재밌는 재즈, 친숙한 재즈, 고급스러운 재즈의 무대를 선사합니다.",https://www.artsro.com/right/enter_view.html?GoIdx=77&CatNo=17
76,이정식 밴드,가수,17,한국 재즈계를 이끌어 온 색소포니스트 이정식.,https://www.artsro.com/right/enter_view.html?GoIdx=76&CatNo=17
74,웅산,가수,17,아시아를 대표하는 재즈 보컬리스트 웅산,https://www.artsro.com/right/enter_view.html?GoIdx=74&CatNo=17
72,리치파이,가수,17,"JAZZ, POP, 가요 등 다양한 음악 장르를 넘나들며 음악을 선물합니다.",https://www.artsro.com/right/enter_view.html?GoIdx=72&CatNo=17
70,남광현 재즈밴드,가수,17,재즈를 기반으로 팝과 클래식까지 아우르는 세련된 연주 스타일!,https://www.artsro.com/right/enter_view.html?GoIdx=70&CatNo=17
4655,이루하,가수,18,훈훈한 비주얼에 중고음이 매력적인 가수,https://www.artsro.com/right/enter_view.html?GoIdx=4655&CatNo=18
4598,현서아,가수,18,따뜻한 감정을 전할 수 있는 아티스트 현서아,https://www.artsro.com/right/enter_view.html?GoIdx=4598&CatNo=18
4264,김진평,가수,18,진심을 노래하는 싱어송라이터 김진평입니다,https://www.artsro.com/right/enter_view.html?GoIdx=4264&CatNo=18
4263,전하연,가수,18,멜로디 전하연 계정으로 약 2.4천명 팔로우 보유한 가수,https://www.artsro.com/right/enter_view.html?GoIdx=4263&CatNo=18
4136,UL,가수,18,너에게 들려줄 멜로디 UL입니다:),https://www.artsro.com/right/enter_view.html?GoIdx=4136&CatNo=18
4058,그루(groo),가수,18,청량한 음색과 재치있는 입담을 갖춘 신예 싱어송라이터 입니다.,https://www.artsro.com/right/enter_view.html?GoIdx=4058&CatNo=18
3939,사라의공방,가수,18,꿈과 일상을 노래하는 밴드,https://www.artsro.com/right/enter_view.html?GoIdx=3939&CatNo=18
3804,CuRvY(커비),가수,18,"호소력 짙은 R&B, Lofi 아티스트 CuRvY(커비)",https://www.artsro.com/right/enter_view.html?GoIdx=3804&CatNo=18
3799,네온더키즈,가수,18,3인조 알앤비 아티스트 네온더키즈입니다.,https://www.artsro.com/right/enter_view.html?GoIdx=3799&CatNo=18
3756,406호 프로젝트,가수,18,2인조 여성 그룹 인디 밴드!,https://www.artsro.com/right/enter_view.html?GoIdx=3756&CatNo=18
3755,잭킹콩,가수,18,내적 그루브로 일상의 자유를 선사하는 재즈팝 밴드 ‘잭킹콩(JKC)’,https://www.artsro.com/right/enter_view.html?GoIdx=3755&CatNo=18
3754,팔칠댄스,가수,18,몽환적이고 감성적이고 적당히 힙한 인디 밴드!,https://www.artsro.com/right/enter_view.html?GoIdx=3754&CatNo=18
3649,코비쿠디 (CobiCudi),가수,18,"장르 불문 작곡, 작사 능력과 보컬로 다채로운 스타일의 공연",https://www.artsro.com/right/enter_view.html?GoIdx=3649&CatNo=18
3601,윤종혁,가수,18,듣는 순간 귀에 쇽쇽쇽 독보적인 음색깡패,https://www.artsro.com/right/enter_view.html?GoIdx=3601&CatNo=18
3600,수조 (Sujo),가수,18,벅차오르는 응원! 밝고 청량한 밴드음악을 하는 아티스트 수조입니다.,https://www.artsro.com/right/enter_view.html?GoIdx=3600&CatNo=18
3571,이효운,가수,18,대한민국의 남성 싱어송라이터,https://www.artsro.com/right/enter_view.html?GoIdx=3571&CatNo=18
3570,김결,가수,18,대한민국의 싱어송라이터.,https://www.artsro.com/right/enter_view.html?GoIdx=3570&CatNo=18
3554,오뮤오,가수,18,수준 높은 고음 실력 '리틀 신지' 오뮤오,https://www.artsro.com/right/enter_view.html?GoIdx=3554&CatNo=18
3553,밴드민하,가수,18,역동적이고 에너지 넘치는 락밴드,https://www.artsro.com/right/enter_view.html?GoIdx=3553&CatNo=18
3456,전기뱀장어,가수,18,음악의 힘으로 겨울 난다 '1인 밴드' 새 시작한 전기뱀장어,https://www.artsro.com/right/enter_view.html?GoIdx=3456&CatNo=18
3440,와이준&김명기 듀오,가수,18,올드팝송과 인디밴드 장르를 넘나드는 듀오,https://www.artsro.com/right/enter_view.html?GoIdx=3440&CatNo=18
3438,규도,가수,18,우리의 노래가 당신의 감정에 묻어나기를,https://www.artsro.com/right/enter_view.html?GoIdx=3438&CatNo=18
3359,김용진,가수,18,가수 김용진,https://www.artsro.com/right/enter_view.html?GoIdx=3359&CatNo=18
3357,빨간의자,가수,18,"신개념 리얼리티 음악, 덕통주의 '빨간의자'",https://www.artsro.com/right/enter_view.html?GoIdx=3357&CatNo=18
3352,손태하,가수,18,싱어송라이터 밴드,https://www.artsro.com/right/enter_view.html?GoIdx=3352&CatNo=18
3350,몽돌,가수,18,탄산처럼 청량한 사운드를 가진 밴드,https://www.artsro.com/right/enter_view.html?GoIdx=3350&CatNo=18
3322,루디,가수,18,"대한민국의 가수, 원맨 밴드, 싱어송라이터.",https://www.artsro.com/right/enter_view.html?GoIdx=3322&CatNo=18
3321,박한담,가수,18,신예 R&B 아티스트,https://www.artsro.com/right/enter_view.html?GoIdx=3321&CatNo=18
3308,카키마젬,가수,18,두명으로 충분한 밴드,https://www.artsro.com/right/enter_view.html?GoIdx=3308&CatNo=18
3286,리멤버러스,가수,18,유니크한 팝감성의 부부듀오,https://www.artsro.com/right/enter_view.html?GoIdx=3286&CatNo=18
3210,갈릭스,가수,18,서프락과 레게를 기반으로 한 어쿠스틱 사운드를 추구하는 밴드,https://www.artsro.com/right/enter_view.html?GoIdx=3210&CatNo=18
3179,위고,가수,18,음악으로 떠나는 여행 위고(WEGO)입니다.,https://www.artsro.com/right/enter_view.html?GoIdx=3179&CatNo=18
2729,이도시,가수,18,우주에서 몽환을 노래하는 이도시 입니다.,https://www.artsro.com/right/enter_view.html?GoIdx=2729&CatNo=18
2664,변민석,가수,18,시를 노래하다,https://www.artsro.com/right/enter_view.html?GoIdx=2664&CatNo=18
2663,리디,가수,18,다재다능 다능다재,https://www.artsro.com/right/enter_view.html?GoIdx=2663&CatNo=18
2380,모스트(MOST),가수,18,호소력 짙은 독보적인 음색 ! 신인가수 모스트(MOST)입니다 !,https://www.artsro.com/right/enter_view.html?GoIdx=2380&CatNo=18
2305,차빛나,가수,18,안녕하세요 솔로&밴드로 활동하고 있는 차빛나입니다,https://www.artsro.com/right/enter_view.html?GoIdx=2305&CatNo=18
2273,이선(2seon),가수,18,이선의 세계에 오신 여러분들 환영합니다.,https://www.artsro.com/right/enter_view.html?GoIdx=2273&CatNo=18
2271,BALDU(발듀),가수,18,비타민 가득한 동갑내기 감성 듀오,https://www.artsro.com/right/enter_view.html?GoIdx=2271&CatNo=18
2268,이그린,가수,18,초록을 그리는 싱어송라이터 이그린,https://www.artsro.com/right/enter_view.html?GoIdx=2268&CatNo=18
2266,싱어송라이터 최태준,가수,18,"안녕하세요, 일상의 이야기를 노래하는 싱어송라이터 최태준입니다.",https://www.artsro.com/right/enter_view.html?GoIdx=2266&CatNo=18
2239,나현,가수,18,보이스코리아1 세미파이널 진출 가수 나현입니다,https://www.artsro.com/right/enter_view.html?GoIdx=2239&CatNo=18
2236,한이,가수,18,싱어송라이터 한이입니다.,https://www.artsro.com/right/enter_view.html?GoIdx=2236&CatNo=18
2235,사운드힐즈,가수,18,음악으로 일상에 작은 동기부여가 되어주는 싱어송라이터,https://www.artsro.com/right/enter_view.html?GoIdx=2235&CatNo=18
2196,성해빈,가수,18,잘 들리는 가사와 포크의 진솔함에 중점을 두고 세상을 밝히는 노래를 만드는 싱어송라이터입니다.,https://www.artsro.com/right/enter_view.html?GoIdx=2196&CatNo=18
2195,로(RAW),가수,18,삶의 경험을 노래로 녹이는 싱어송라이터!,https://www.artsro.com/right/enter_view.html?GoIdx=2195&CatNo=18
2174,코다브릿지,가수,18,안녕하세요 여성 듀오 'Coda Bridge'입니다,https://www.artsro.com/right/enter_view.html?GoIdx=2174&CatNo=18
2155,후디니,가수,18,감성적인 만능 싱어송라이터,https://www.artsro.com/right/enter_view.html?GoIdx=2155&CatNo=18
2106,이유카,가수,18,한 편의 드라마 같은 무대를 선사하는 싱어송라이터,https://www.artsro.com/right/enter_view.html?GoIdx=2106&CatNo=18
2087,해밀,가수,18,유니크하며 다채로운 사운드를 이끌어내는 싱어송라이터,https://www.artsro.com/right/enter_view.html?GoIdx=2087&CatNo=18
2059,레인어클락,가수,18,재즈&어쿠스틱 장르로 연주하고 노래하는 밴드,https://www.artsro.com/right/enter_view.html?GoIdx=2059&CatNo=18
1975,슈츠(Suitz),가수,18,비트 위를 채색하는 프로듀서 아티스트 '슈츠',https://www.artsro.com/right/enter_view.html?GoIdx=1975&CatNo=18
1962,루빈,가수,18,기타를 연주하며 노래하는 싱어송라이터,https://www.artsro.com/right/enter_view.html?GoIdx=1962&CatNo=18
1912,달콤한 소금,가수,18,단짠포크듀오 달콤한 소금입니다.,https://www.artsro.com/right/enter_view.html?GoIdx=1912&CatNo=18
1836,달에 닿아,가수,18,섬세한 감수성으로 노래하는 어쿠스틱 듀오,https://www.artsro.com/right/enter_view.html?GoIdx=1836&CatNo=18
1783,딸기주스가너무달아,가수,18,"기분 좋은 밴드, 딸기주스가 너무 달아 입니다.",https://www.artsro.com/right/enter_view.html?GoIdx=1783&CatNo=18
1750,김페리,가수,18,자신만의 색채로 음악적 개성을 뽐내는 싱어송라이터,https://www.artsro.com/right/enter_view.html?GoIdx=1750&CatNo=18
1432,안코드 (Aancod),가수,18,교대역 촛불하나,https://www.artsro.com/right/enter_view.html?GoIdx=1432&CatNo=18
1095,전범선,가수,18,"민사고, 아이비리그 출신 아티스트 전범선입니다.",https://www.artsro.com/right/enter_view.html?GoIdx=1095&CatNo=18
4800,드러머 리노,가수,19,세계가 주목하는 드러머!,https://www.artsro.com/right/enter_view.html?GoIdx=4800&CatNo=19
4342,부기드럼,가수,19,33만 크리에이터 부기드럼,https://www.artsro.com/right/enter_view.html?GoIdx=4342&CatNo=19
4260,투하이,가수,19,당신의 기분을 더 높게 올려 줄 투하이(To High),https://www.artsro.com/right/enter_view.html?GoIdx=4260&CatNo=19
4257,The Joyfools(조이풀스),가수,19,"세상을 신나게, 고민은 나중에! The Joyfools",https://www.artsro.com/right/enter_view.html?GoIdx=4257&CatNo=19
4252,셀위펑크,가수,19,압도적인 에너지의 남성 버스킹밴드,https://www.artsro.com/right/enter_view.html?GoIdx=4252&CatNo=19
4239,오아베,가수,19,감각적인 사운드와 독창적인 음악과 개성넘치는 보컬을 가지고 있는 그룹,https://www.artsro.com/right/enter_view.html?GoIdx=4239&CatNo=19
4225,커런트무드,가수,19,"청춘은 바로 지금 여기, 이 순간. 커런트무드.",https://www.artsro.com/right/enter_view.html?GoIdx=4225&CatNo=19
4087,렘피스트,가수,19,,https://www.artsro.com/right/enter_view.html?GoIdx=4087&CatNo=19
4057,야반도주,가수,19,"안녕하세요, 신나는 공연을 만드는 밴드 야반도주입니다.",https://www.artsro.com/right/enter_view.html?GoIdx=4057&CatNo=19
4039,감귤서리단,가수,19,대중의 마음을 훔치는 당찬 포부를 가진 팀,https://www.artsro.com/right/enter_view.html?GoIdx=4039&CatNo=19
3871,소욘,가수,19,투 드럼이라는 점이 독특한 실력파 밴드!,https://www.artsro.com/right/enter_view.html?GoIdx=3871&CatNo=19
3845,뉴룰즈,가수,19,신나는 파티공간으로 만들어드립니다!,https://www.artsro.com/right/enter_view.html?GoIdx=3845&CatNo=19
3843,온앤온밴드,가수,19,에너지 넘치며 스펙타클한 라이브 밴드의 공연,https://www.artsro.com/right/enter_view.html?GoIdx=3843&CatNo=19
3728,헤이 유진 밴드,가수,19,제천 출신 뮤지션들과 함께 결합한 록 밴드!,https://www.artsro.com/right/enter_view.html?GoIdx=3728&CatNo=19
3643,Monday Off With Bluesy,가수,19,Chill한 감성의 음악을 하고 있는 밴드 Monday Off With Bluesy입니다,https://www.artsro.com/right/enter_view.html?GoIdx=3643&CatNo=19
3581,오이스터,가수,19,대한민국의 4인조 남성 아이돌 그룹 K팝밴드.,https://www.artsro.com/right/enter_view.html?GoIdx=3581&CatNo=19
3574,프랭클리 (FRANKLY),가수,19,개성이 강한 남성4인조 록밴드 프랭클리!,https://www.artsro.com/right/enter_view.html?GoIdx=3574&CatNo=19
3536,스위스 탄산수,가수,19,요들송 공연이 가능한 버스킹 밴드 '스위스 탄산수',https://www.artsro.com/right/enter_view.html?GoIdx=3536&CatNo=19
3377,불나방스타쏘세지클럽,가수,19,신파 느와르 마초 밴드,https://www.artsro.com/right/enter_view.html?GoIdx=3377&CatNo=19
3348,원디비(1DB),가수,19,싱어게인2 70호가수 동렬의 청춘을 노래하는 밴드 원디비,https://www.artsro.com/right/enter_view.html?GoIdx=3348&CatNo=19
3341,신스네이크,가수,19,K-POPCORE(K-pop+Metalcore),https://www.artsro.com/right/enter_view.html?GoIdx=3341&CatNo=19
3157,분리수거,가수,19,흥겨운 퍼포먼스와 밴드 음악을 접목시킨 4인조 밴드,https://www.artsro.com/right/enter_view.html?GoIdx=3157&CatNo=19
2980,맥거핀(MGFF),가수,19,홍대 밴드 씬 독보적 '군계일학',https://www.artsro.com/right/enter_view.html?GoIdx=2980&CatNo=19
2817,프라이드밴드,가수,19,20대 여성 밴드 PRIDE 밴드,https://www.artsro.com/right/enter_view.html?GoIdx=2817&CatNo=19
2810,앵두걸스,가수,19,"국내에서 가장 화려한 수상경력 (문화관광부, 교육부, 여성부 장관상 등）을 자랑하는  실력파 밴드 제이모닝",https://www.artsro.com/right/enter_view.html?GoIdx=2810&CatNo=19
2593,소닉 스톤즈 (SONIC STONES),가수,19,대한민국 ROCK의 폭주기관차,https://www.artsro.com/right/enter_view.html?GoIdx=2593&CatNo=19
2560,김진웅,가수,19,와이키키 브라더스 밴드의 메인보컬 김진웅,https://www.artsro.com/right/enter_view.html?GoIdx=2560&CatNo=19
2410,훌라(HOOLA),가수,19,도시를 탐사하고 다양한 자원들을 발견-채집하여 악기로 제작하고 만나는 이들과 함께 호흡하는 업사이클링 밴드 훌라!!,https://www.artsro.com/right/enter_view.html?GoIdx=2410&CatNo=19
2401,롱아일랜드,가수,19,글로벌 트렌드 팝 밴드,https://www.artsro.com/right/enter_view.html?GoIdx=2401&CatNo=19
2331,그리니치,가수,19,안녕하세요. 밴드 그리니치입니다.,https://www.artsro.com/right/enter_view.html?GoIdx=2331&CatNo=19
2238,라원밴드,가수,19,실용음악과 전공생들로 이루어진 밴드,https://www.artsro.com/right/enter_view.html?GoIdx=2238&CatNo=19
1899,엔분의일,가수,19,5인조 인디 모던락 밴드,https://www.artsro.com/right/enter_view.html?GoIdx=1899&CatNo=19
1754,덕호씨,가수,19,밴드 '슈퍼키드'의 프론트맨 '허첵'의 캐릭터 프로젝트 '덕호씨',https://www.artsro.com/right/enter_view.html?GoIdx=1754&CatNo=19
1741,틸더,가수,19,신선함과 노련미를 갖춘 로큰롤 밴드,https://www.artsro.com/right/enter_view.html?GoIdx=1741&CatNo=19
1689,타틀즈,가수,19,비틀즈 헌정밴드,https://www.artsro.com/right/enter_view.html?GoIdx=1689&CatNo=19
1087,서울상경음악단,가수,19,Bluse rock 과 Funk 음악을 기반으로,https://www.artsro.com/right/enter_view.html?GoIdx=1087&CatNo=19
4828,기봉,가수,20,누구나 즐길 수 있는 어쿠스틱,https://www.artsro.com/right/enter_view.html?GoIdx=4828&CatNo=20
4311,WHEE(휘),가수,20,"어쿠스틱의 담백함에 밴드의 에너지까지, Whee(휘).",https://www.artsro.com/right/enter_view.html?GoIdx=4311&CatNo=20
4258,예술가 콤마,가수,20,쉼을 전하는 예술가 밴드 콤마!,https://www.artsro.com/right/enter_view.html?GoIdx=4258&CatNo=20
4068,리지,가수,20,맑고 밝은 노래를 통기타와하는 팀입니다.,https://www.artsro.com/right/enter_view.html?GoIdx=4068&CatNo=20
3455,팀원셀러,가수,20,어쿠스틱하게 곡을 편곡 하여 버스킹 밴드입니다,https://www.artsro.com/right/enter_view.html?GoIdx=3455&CatNo=20
3362,김유정,가수,20,줄 달린 건 다 치는 기타리스트 김유정 입니다.,https://www.artsro.com/right/enter_view.html?GoIdx=3362&CatNo=20
2522,새벽한시,가수,20,감성듀오 새벽한시 입니다. 여러분의 감성을 터치하겠습니다.,https://www.artsro.com/right/enter_view.html?GoIdx=2522&CatNo=20
2328,오아 OHAH,가수,20,에너지 UP! 인간 비타민 오아OHAH 입니다!,https://www.artsro.com/right/enter_view.html?GoIdx=2328&CatNo=20
2278,로로,가수,20,소리에 소리를 얹어 삶을 그리다,https://www.artsro.com/right/enter_view.html?GoIdx=2278&CatNo=20
2277,훈남스,가수,20,훈훈한 남자 둘이 만난 '훈남스',https://www.artsro.com/right/enter_view.html?GoIdx=2277&CatNo=20
1914,도리토리,가수,20,유니크한 음악을 추구하는 어쿠스틱 힙합 듀오 “도리토리”,https://www.artsro.com/right/enter_view.html?GoIdx=1914&CatNo=20
1832,원셋,가수,20,감성있는 가사와 멜로디의 어쿠스틱 R&B 듀오,https://www.artsro.com/right/enter_view.html?GoIdx=1832&CatNo=20
1768,마리슈,가수,20,"내 마음 같은 음악, 마이 리틀 슈가",https://www.artsro.com/right/enter_view.html?GoIdx=1768&CatNo=20
1417,봄여름,가수,20,음색좋은 혼성 어쿠스틱 듀오,https://www.artsro.com/right/enter_view.html?GoIdx=1417&CatNo=20
1416,소노뷰 (SONOVIEW),가수,20,음악을 통해 위로와 감동을 선사할  여성듀오,https://www.artsro.com/right/enter_view.html?GoIdx=1416&CatNo=20
1209,김나린 핑거스타일 기타리스트,가수,20,국내 유일 여성 핑거스타일 기타리스트 김나린,https://www.artsro.com/right/enter_view.html?GoIdx=1209&CatNo=20
1093,그_냥,가수,20,그냥 듣기 좋은 음악을 하는 싱어송라이터 그_냥입니다.,https://www.artsro.com/right/enter_view.html?GoIdx=1093&CatNo=20
799,세자전거,가수,20,노래하는 세 남자!,https://www.artsro.com/right/enter_view.html?GoIdx=799&CatNo=20
352,로프트세션(Loftsesion),가수,20,따뜻함을 노래하는 로프트세션 입니다.,https://www.artsro.com/right/enter_view.html?GoIdx=352&CatNo=20
197,밴드죠(band joe),가수,20,우리들 살아가는 이야기를 노래하는 혼성 2인조!,https://www.artsro.com/right/enter_view.html?GoIdx=197&CatNo=20
181,레드로우,가수,20,한국레게 포크 음악.,https://www.artsro.com/right/enter_view.html?GoIdx=181&CatNo=20
4806,배주한,가수,21,"""노래를 부르는 순간 만큼은 행복해""",https://www.artsro.com/right/enter_view.html?GoIdx=4806&CatNo=21
4737,에스투잇 (S2IT),가수,21,"5인조 신인 걸그룹 에스투잇, 데뷔 전부터 화제의 신예 그룹",https://www.artsro.com/right/enter_view.html?GoIdx=4737&CatNo=21
4698,조선노비,가수,21,TK-POP 그룹 조선노비,https://www.artsro.com/right/enter_view.html?GoIdx=4698&CatNo=21
4660,백다빈,가수,21,8090의 아날로그적인 감성과 현대적인 음악 테크닉으로 소통하는 뮤지션,https://www.artsro.com/right/enter_view.html?GoIdx=4660&CatNo=21
4644,사야 (SAya),가수,21,K-POP스타6 TOP20 출신 세련된 비주얼과 목소리의 보컬,https://www.artsro.com/right/enter_view.html?GoIdx=4644&CatNo=21
4629,멜로소나,가수,21,"Korean voice Actor group, The K-pop Boy band",https://www.artsro.com/right/enter_view.html?GoIdx=4629&CatNo=21
4471,Bennie(베니),가수,21,감각적인 싱어송라이터,https://www.artsro.com/right/enter_view.html?GoIdx=4471&CatNo=21
4345,퍼프 (PUFF),가수,21,"사람들의 마음을 두드리는 가수, 4년차 아티스트 퍼프입니다 !",https://www.artsro.com/right/enter_view.html?GoIdx=4345&CatNo=21
4309,정기원,가수,21,감성 발라더 정기원입니다.,https://www.artsro.com/right/enter_view.html?GoIdx=4309&CatNo=21
4261,투웰브 (Twelve),가수,21,상큼하고 밝은 팝 장르를 연주하고 노래하는팀 투웰브입니다.,https://www.artsro.com/right/enter_view.html?GoIdx=4261&CatNo=21
4196,전세연,가수,21,감미로운 음색으로 감동을 전하는 보컬,https://www.artsro.com/right/enter_view.html?GoIdx=4196&CatNo=21
4042,바람이,가수,21,긍정적인 기운을 전달하는 래퍼/싱어송라이터 바람이입니다!,https://www.artsro.com/right/enter_view.html?GoIdx=4042&CatNo=21
3965,프리패스,가수,21,레트로 80~00년대 추억을 불러일으킨 MBN 쇼킹나이트 준결승 진출 댄스가수 프리패스,https://www.artsro.com/right/enter_view.html?GoIdx=3965&CatNo=21
3924,싱잉걸즈(Singing Girls),가수,21,"노래잘하는 소녀들, 싱잉걸즈",https://www.artsro.com/right/enter_view.html?GoIdx=3924&CatNo=21
3471,아스텔 (Astell),가수,21,4인조 Girl -Group,https://www.artsro.com/right/enter_view.html?GoIdx=3471&CatNo=21
3302,아이씨유,가수,21,글로벌 멤버로 구성된 K POP 신인 아이돌,https://www.artsro.com/right/enter_view.html?GoIdx=3302&CatNo=21
3239,빅브로(BIGBRO),가수,21,폭발적인 가창력과 환상적인 하모니를 선보이는 발라드 듀오,https://www.artsro.com/right/enter_view.html?GoIdx=3239&CatNo=21
3019,태근(TAE GEUN),가수,21,잘생쁘다의 정석,https://www.artsro.com/right/enter_view.html?GoIdx=3019&CatNo=21
2972,희링,가수,21,걸그룹 '타히티'출신 가수 희링,https://www.artsro.com/right/enter_view.html?GoIdx=2972&CatNo=21
2720,이종민,가수,21,따뜻하고 매력적인 보이스를 가진 발라드 가수,https://www.artsro.com/right/enter_view.html?GoIdx=2720&CatNo=21
2719,도리 (DORI),가수,21,알앤비/팝 싱어송라이터,https://www.artsro.com/right/enter_view.html?GoIdx=2719&CatNo=21
2491,베이비스,가수,21,섭외 1순위 군통령 '베이비스',https://www.artsro.com/right/enter_view.html?GoIdx=2491&CatNo=21
2160,주대건,가수,21,"발라드,댄스 모든 장르가 가능한 뛰어난 가창력의 소유자",https://www.artsro.com/right/enter_view.html?GoIdx=2160&CatNo=21
2130,강다빈,가수,21,미스코리아 서울 엔터테이너상에 빛나는 여성 솔로가수 강다빈,https://www.artsro.com/right/enter_view.html?GoIdx=2130&CatNo=21
2050,N-DAY(엔데이),가수,21,The New day 항상 새로운 모습을 보여주는 그룹,https://www.artsro.com/right/enter_view.html?GoIdx=2050&CatNo=21
1936,디오스,가수,21,감성적인 목소리의 댄스 퍼포먼스 보이그룹,https://www.artsro.com/right/enter_view.html?GoIdx=1936&CatNo=21
1735,버디,가수,21,"짙고 강렬한 음색, 폭발적인 가창력과 호소력이 드라마틱한 보컬",https://www.artsro.com/right/enter_view.html?GoIdx=1735&CatNo=21
1728,우예린,가수,21,K-pop스타 5 최종 6인 진출의 여성 싱어송라이터,https://www.artsro.com/right/enter_view.html?GoIdx=1728&CatNo=21
1727,레인보우 노트,가수,21,시티팝 여성 듀오 그룹,https://www.artsro.com/right/enter_view.html?GoIdx=1727&CatNo=21
1382,이아영,가수,21,여성 감성 발라더,https://www.artsro.com/right/enter_view.html?GoIdx=1382&CatNo=21
1219,초빈,가수,21,싱어송라이터 초빈,https://www.artsro.com/right/enter_view.html?GoIdx=1219&CatNo=21
1210,그루브어스,가수,21,감성과 개성 넘치는 밴드 그루브어스 입니다,https://www.artsro.com/right/enter_view.html?GoIdx=1210&CatNo=21
904,버스터즈 (Busters),가수,21,풋풋함이 매력이다 아이들의 초통령 '버스터즈',https://www.artsro.com/right/enter_view.html?GoIdx=904&CatNo=21
902,클럽소울 (Club Soul),가수,21,감성 넘치는 섬세한 보컬과 파워 넘치는 두터운 보컬이 하나가 되었다 '클럽소울',https://www.artsro.com/right/enter_view.html?GoIdx=902&CatNo=21
900,핸썹 (HANSSUP),가수,21,푸쳐 핸썹~ 뿌쳐 핸썹~ 손 머리 위로 앞뒤로 신나게 에너자이저 '핸썹',https://www.artsro.com/right/enter_view.html?GoIdx=900&CatNo=21
872,원츄 (1CHU),가수,21,상큼하고 생기 넘치는 발랄함에 심쿵 '원츄',https://www.artsro.com/right/enter_view.html?GoIdx=872&CatNo=21
865,데스티니 (Destiny),가수,21,다재다능한 매력적인 그녀들이 나타났다 '데스티니',https://www.artsro.com/right/enter_view.html?GoIdx=865&CatNo=21
862,레이샤,가수,21,신 한류의 새로운 패러다임을 제시하는 걸 그룹 '레이샤',https://www.artsro.com/right/enter_view.html?GoIdx=862&CatNo=21
4736,윔 오스트 (Wim Hoste),가수,22,"두바이에서 활동하며 수상 경력이 빛나는 벨기에 공연자, 윔 오스트",https://www.artsro.com/right/enter_view.html?GoIdx=4736&CatNo=22
710,소리께떼(Soriquete),가수,22,플라멩코 X 국악 크로스오버 공연팀!,https://www.artsro.com/right/enter_view.html?GoIdx=710&CatNo=22
4777,위더스앙상블,가수,22,남과북 뮤지션의 앙상블,https://www.artsro.com/right/enter_view.html?GoIdx=4777&CatNo=22
4740,포니케 (FONIKE),가수,22,아프리카 종합 공연 예술 그룹 포니케,https://www.artsro.com/right/enter_view.html?GoIdx=4740&CatNo=22
3915,한-아프리카 문화예술 연구소(KACAIN),가수,22,예술로써 한국과 아프리카를 잇는 민간교류 단체,https://www.artsro.com/right/enter_view.html?GoIdx=3915&CatNo=22
3857,노마딕 소울,가수,22,국내 유일 마두금 기반 월드뮤직그룹,https://www.artsro.com/right/enter_view.html?GoIdx=3857&CatNo=22
3563,요들누나 동혜,가수,22,Fun한 요들 Show!! (feat. 매직 버블 퍼포먼스),https://www.artsro.com/right/enter_view.html?GoIdx=3563&CatNo=22
2938,"한국 아프리카 음악, 춤 연구소",가수,22,한국과 아프리카의 콜라보레이션,https://www.artsro.com/right/enter_view.html?GoIdx=2938&CatNo=22
2854,벨루수 헨드벨 링어즈,가수,22,클래식부터 가요까지 여러 장르를 연주하는 핸드벨 팀,https://www.artsro.com/right/enter_view.html?GoIdx=2854&CatNo=22
2853,그린힐 피커즈(Greenhill Pickers),가수,22,신나는 요들과블루그래스를 연저하는 컨트리 밴드,https://www.artsro.com/right/enter_view.html?GoIdx=2853&CatNo=22
2190,타미르,가수,22,국내 유일 한국인 마두금 전문 연주자,https://www.artsro.com/right/enter_view.html?GoIdx=2190&CatNo=22
1963,루빈의 아이리시 밴드,가수,22,싱어송라이터 루빈의 아일랜드 음악 연주 프로젝트,https://www.artsro.com/right/enter_view.html?GoIdx=1963&CatNo=22
1710,두번째달,가수,22,국내최초로 에스닉 퓨전 음악을 선보인 월드뮤직 밴드!,https://www.artsro.com/right/enter_view.html?GoIdx=1710&CatNo=22
1709,레오정 위드 아이레스,가수,22,"탱고 콰르텟 아이레스는 그야말로 탱고의 결정체, 탱고의 본질이라 할수 있다",https://www.artsro.com/right/enter_view.html?GoIdx=1709&CatNo=22
1621,지온 (ZY_ON),가수,22,"전통과 사람, 자연을 품은 악기 ‘디저리두’ 콘서트",https://www.artsro.com/right/enter_view.html?GoIdx=1621&CatNo=22
931,김경빈,가수,22,핑거스타일 기타리스트 김경빈 입니다,https://www.artsro.com/right/enter_view.html?GoIdx=931&CatNo=22
711,쿠아도(KOUADO),가수,22,아프리카 전통 악기와 다양한 리듬의 결합에 의한 창조적인 무대를 지향하는 팀!,https://www.artsro.com/right/enter_view.html?GoIdx=711&CatNo=22
448,큐바니즘,가수,22,대한민국 유일의 여성 아프로큐반 라틴 밴드!,https://www.artsro.com/right/enter_view.html?GoIdx=448&CatNo=22
189,디제이 지니(DJ JINI),가수,23,다함께 즐길 수 있는 음악을 선보인다.,https://www.artsro.com/right/enter_view.html?GoIdx=189&CatNo=23
4609,베리 (BERRI),가수,23,밝은 에너지로 무대를 환하게 밝히는 차세대 스타 !,https://www.artsro.com/right/enter_view.html?GoIdx=4609&CatNo=23
4608,쎄니 (SSENI),가수,23,반전 매력으로 관객을 사로잡는 차세대 스타 !,https://www.artsro.com/right/enter_view.html?GoIdx=4608&CatNo=23
4605,데타 (DETA),가수,23,넘치는 에너지로 관객과 공간을 뜨겁게 만들어내는 사나이,https://www.artsro.com/right/enter_view.html?GoIdx=4605&CatNo=23
4604,해나 (HAENA),가수,23,해처럼 빛나는 이름을 품은 아티스트,https://www.artsro.com/right/enter_view.html?GoIdx=4604&CatNo=23
4603,아나&해나 (ANNA&HAENA),가수,23,폭발적인 무대를 선사하는 여자 듀오,https://www.artsro.com/right/enter_view.html?GoIdx=4603&CatNo=23
4601,포이&로키 (POI&LOKI),가수,23,멜로디컬하고 강력한 EDM에 재치있는 퍼포먼스로 눈과 귀를 사로잡는 디제잉 듀오,https://www.artsro.com/right/enter_view.html?GoIdx=4601&CatNo=23
4516,DJ 이메스 (DJ EMESS),가수,23,"전 세계가 인정하는 최고의 테크니션, 대한민국을 대표하는 글로벌 디제이",https://www.artsro.com/right/enter_view.html?GoIdx=4516&CatNo=23
4341,DJ U.NA(유나),가수,23,세련된 믹스와 에너지 넘치는 퍼포먼스로 관객과의 교감을 이끌어내는 아티스트,https://www.artsro.com/right/enter_view.html?GoIdx=4341&CatNo=23
4283,DJ YURIA(유리아),가수,23,국내외를 넘나들며 다양한 무대에서 압도적인 퍼포먼스로 관객들의 마음을 사로잡아온 아티스트,https://www.artsro.com/right/enter_view.html?GoIdx=4283&CatNo=23
4236,DJ ASHA (디제이 아샤),가수,23,귀와 눈을 즐거워지고 원기를 불어넣는 등 긍정적인 에너지를 뿝어내는 DJ,https://www.artsro.com/right/enter_view.html?GoIdx=4236&CatNo=23
4221,DJ 윈디(Windy),가수,23,"유튜브 4.5만, 틱톡 8.4만, 인스타 4.7만의 화재의 DJ",https://www.artsro.com/right/enter_view.html?GoIdx=4221&CatNo=23
4120,DJ Visco (비스코),가수,23,"페스티벌부터 브랜드 파티까지, 분위기 확실히 띄우는 감각 있는 DJ",https://www.artsro.com/right/enter_view.html?GoIdx=4120&CatNo=23
4024,DJ 설온,가수,23,"DJ, KPOP 작사가, 모델, 스크레치 세션 등 다양한 분야에서 끼를 분출하며 활동하고 있는 여성 DJ",https://www.artsro.com/right/enter_view.html?GoIdx=4024&CatNo=23
3824,DJ BORNGI (봉기),가수,23,지치지 않는 체력으로 관객이 지칠 때까지 즐기는 디제이!,https://www.artsro.com/right/enter_view.html?GoIdx=3824&CatNo=23
3823,DJ KKANGGOO (깡구),가수,23,넘치는 에너지로 관객과 공간을 뜨겁게 만들어내는 디제이!,https://www.artsro.com/right/enter_view.html?GoIdx=3823&CatNo=23
3822,DJ Bagagee Viphex13 (바가지 바이펙스써틴),가수,23,무대를 폭발 시키는 강렬한 사운드의 마스터!,https://www.artsro.com/right/enter_view.html?GoIdx=3822&CatNo=23
3686,DJ Burning (디제이버닝),가수,23,DJ공연으로 관객들에게 기억에 남을 특별하고 멋진 하루를 만들어 드리기 위해 고민하고 연구합니다.,https://www.artsro.com/right/enter_view.html?GoIdx=3686&CatNo=23
3579,에이텐 (A-TEN),가수,23,Meaning of 'A-TEN’  A X 10 = ‘SUN’ A-TEN’s time is ‘PM8:10’,https://www.artsro.com/right/enter_view.html?GoIdx=3579&CatNo=23
3515,DJ SSANCHO (싼초),가수,23,행사에 맞는 다양한 장르의 음악과 퍼포먼스로 모두가 하나 되는 시간을 선물해 드리겠습니다.,https://www.artsro.com/right/enter_view.html?GoIdx=3515&CatNo=23
3474,DJ 새미 (SAE-MI),가수,23,대한민구 여성 DJ,https://www.artsro.com/right/enter_view.html?GoIdx=3474&CatNo=23
3317,DJ IAMMOOD,가수,23,"EDM,힙합 장르에서 활발히 활동중인 DJ",https://www.artsro.com/right/enter_view.html?GoIdx=3317&CatNo=23
3275,DJ ANNACONDA (아나콘다),가수,23,이국적 분위기와 강렬한 보이스로 청중을 사로잡는 아티스트,https://www.artsro.com/right/enter_view.html?GoIdx=3275&CatNo=23
3240,그래비톤(Graviton),가수,23,"Graviton (Rapper, Composer)",https://www.artsro.com/right/enter_view.html?GoIdx=3240&CatNo=23
3112,DJ 제로백(Zero_Hunnid),가수,23,관객과 소통하는 행사전문DJ 제로백입니다!,https://www.artsro.com/right/enter_view.html?GoIdx=3112&CatNo=23
3093,YURYEONG (유령),가수,23,다양한 음악 스타일을 폭 넓게 구사하는 뮤지션,https://www.artsro.com/right/enter_view.html?GoIdx=3093&CatNo=23
2824,DJ세라(SARAH),가수,23,"클럽부터 페스티벌까지!, K-pop부터 힙합까지 가능한 다재다능한 DJ사라",https://www.artsro.com/right/enter_view.html?GoIdx=2824&CatNo=23
2579,DJ DeA (데아),가수,23,,https://www.artsro.com/right/enter_view.html?GoIdx=2579&CatNo=23
2577,디제이 쥬씨 (DJ JUICY),가수,23,MODEL DJ,https://www.artsro.com/right/enter_view.html?GoIdx=2577&CatNo=23
2576,디제이 타조 (DJ TAJO),가수,23,평창동계올림픽 베뉴음악감독,https://www.artsro.com/right/enter_view.html?GoIdx=2576&CatNo=23
2493,오투(OTWO),가수,23,보통의 삶을 노래하는 오투(OTWO) 입니다.,https://www.artsro.com/right/enter_view.html?GoIdx=2493&CatNo=23
2435,비트박스 + 스트릿 댄스,가수,23,"꿈을 위해 도전하는 10대들의 열정, 그 스토리를 그린 융복합 퍼포먼스! 재밌고 다양한 구성으로 어린이는 물론, 어른까지 즐기는 공연!",https://www.artsro.com/right/enter_view.html?GoIdx=2435&CatNo=23
2215,슈퍼빌런(Super Villain),가수,23,안녕하세요 슈퍼빌런입니다.,https://www.artsro.com/right/enter_view.html?GoIdx=2215&CatNo=23
2214,비버(Beaver),가수,23,안녕하세요 비버입니다.,https://www.artsro.com/right/enter_view.html?GoIdx=2214&CatNo=23
2212,공도하,가수,23,공도하입니다.,https://www.artsro.com/right/enter_view.html?GoIdx=2212&CatNo=23
2151,DJ DG(문대근),가수,23,I Love the 8090's Music,https://www.artsro.com/right/enter_view.html?GoIdx=2151&CatNo=23
2114,관우(KWANWOO),가수,23,강력한 무대 에너지와 피지컬을 겸비한 래퍼,https://www.artsro.com/right/enter_view.html?GoIdx=2114&CatNo=23
2105,DJ Tiz(티즈),가수,23,재지하면서도 강렬한 디제잉을 선사하는 디제이,https://www.artsro.com/right/enter_view.html?GoIdx=2105&CatNo=23
2028,HANG5VA (행오바),가수,23,대한민국페스티벌에서 빼놓을 수 없는 DJ&래퍼 팀,https://www.artsro.com/right/enter_view.html?GoIdx=2028&CatNo=23
2017,DJ SURA (수라),가수,23,빛나는 비쥬얼과 그에 어울리는 음악성을 가진 팔방미인 DJ,https://www.artsro.com/right/enter_view.html?GoIdx=2017&CatNo=23
2014,DJ NEO (네오),가수,23,특별한 퍼포먼스로 관객들 행복하게 만드는 DJ,https://www.artsro.com/right/enter_view.html?GoIdx=2014&CatNo=23
2013,DJ ASTER (아스터),가수,23,EDM씬에서 가장 주목받는 DJ,https://www.artsro.com/right/enter_view.html?GoIdx=2013&CatNo=23
2004,DJ ZAYDA (제이다),가수,23,기상천외하고 탁월한 선곡 센스로 청중들의 즐거움을 자연스럽게 이끌어내는 DJ,https://www.artsro.com/right/enter_view.html?GoIdx=2004&CatNo=23
2003,DJ KILLATON (킬라톤),가수,23,무대에 등장하는 순간부터 끊임없는 에너지가 넘치는 아티스트,https://www.artsro.com/right/enter_view.html?GoIdx=2003&CatNo=23
2002,DJ LOKI (로키),가수,23,목소리의 화음으로 대중을 사로잡는 루프스테이션 아티스트,https://www.artsro.com/right/enter_view.html?GoIdx=2002&CatNo=23
2001,DJ Cchekoz (체코즈),가수,23,전례 없는 강력한 컨셉트를 보유한 매력 넘치는 DJ,https://www.artsro.com/right/enter_view.html?GoIdx=2001&CatNo=23
1999,DJ MOSHEE (모쉬),가수,23,빛나는 음악과 신비함으로 사람들의 호기심을 유발하는 전자제품,https://www.artsro.com/right/enter_view.html?GoIdx=1999&CatNo=23
1998,DJ POY (포이),가수,23,따뜻한 음색과 편안함 리듬의 멜로디와 드럼 퍼포먼스를 보여주는 DJ,https://www.artsro.com/right/enter_view.html?GoIdx=1998&CatNo=23
1997,JACK&WHALE (잭앤웨일),가수,23,"청량하고 시원한 랩, 파워풀한 라이브 퍼포먼스를 골고루 갖춘 뮤지션",https://www.artsro.com/right/enter_view.html?GoIdx=1997&CatNo=23
1996,DJ ARIV (아리브),가수,23,기타리스트 출신의 특별한 멜로디로 관객을 휘어잡는 DJ,https://www.artsro.com/right/enter_view.html?GoIdx=1996&CatNo=23
1995,DJ IK (아이케이),가수,23,느낌 있는 멜로디와 함께 강렬한 사운드로 두귀를 휘어잡는 DJ,https://www.artsro.com/right/enter_view.html?GoIdx=1995&CatNo=23
1994,DJ M.KAY (엠케이),가수,23,강렬한 비트로 행사장의 비트를 띄우는 DJ,https://www.artsro.com/right/enter_view.html?GoIdx=1994&CatNo=23
1993,DJ PLUMM (플럼),가수,23,특유의 음악색과 그에 맞춰 빛나는 외모로 공연장으 휘어잡는 DJ,https://www.artsro.com/right/enter_view.html?GoIdx=1993&CatNo=23
1991,DJ RAMBLIN (램블린),가수,23,수많은 무대 경험과 팬덤을 거느린 클럽DJ씬의 최강자,https://www.artsro.com/right/enter_view.html?GoIdx=1991&CatNo=23
1990,DJ RODIN (로딘),가수,23,페스티벌 뮤직부터 K-POP 까지 모든장르를 소화하는 올라운더 DJ,https://www.artsro.com/right/enter_view.html?GoIdx=1990&CatNo=23
1623,제이데이,가수,23,신나는 음악으로 남녀노소 상관없이 어느 공연에서나 놀 수 있습니다!,https://www.artsro.com/right/enter_view.html?GoIdx=1623&CatNo=23
1572,ALEX PROSPECT (알렉스프로스펙트),가수,23,하드코어 장르가 기반이 되는 믹싱,https://www.artsro.com/right/enter_view.html?GoIdx=1572&CatNo=23
1528,DJ GUNNER (허조교),가수,23,"이것은 훈련인가 놀이인가, 전자음악 통제관 '허조교'",https://www.artsro.com/right/enter_view.html?GoIdx=1528&CatNo=23
1526,DJ SEFO (세포),가수,23,독보적인 무대 장악력으로 심장과 귀를 뜨겁게 두드리는 아티스트,https://www.artsro.com/right/enter_view.html?GoIdx=1526&CatNo=23
1525,DJ BREAKSON (브랙손),가수,23,Vava Live EDM DJ Competition의 챔피언,https://www.artsro.com/right/enter_view.html?GoIdx=1525&CatNo=23
664,DJ KOKOHYUNA,가수,23,DJ 코코현아,https://www.artsro.com/right/enter_view.html?GoIdx=664&CatNo=23
579,DJ빅사이즈크루,가수,23,"EDM, 7080청춘나이트, 댄서콜라보, 공연디렉팅",https://www.artsro.com/right/enter_view.html?GoIdx=579&CatNo=23
355,도미노보이즈(DominoBoys),가수,23,대한민국 NO.1 축제 전문 디제이 퍼포먼스 그룹 도미노보이즈 !!,https://www.artsro.com/right/enter_view.html?GoIdx=355&CatNo=23
4519,스윗스트링(Sweet string),가수,25,국내 최고의 여성 3인조 크로스오버 전자현악팀,https://www.artsro.com/right/enter_view.html?GoIdx=4519&CatNo=25
4046,유세미,가수,25,"현을 타고 흐르는 우아한 전율, 카리스마로 관객과 소통하는 일렉바이올리니스트 유세미",https://www.artsro.com/right/enter_view.html?GoIdx=4046&CatNo=25
3301,서가비,가수,25,"퓨전플룻, 팝 플루니스트",https://www.artsro.com/right/enter_view.html?GoIdx=3301&CatNo=25
2567,지나(G.Na),가수,25,국내 최초 전자첼리스트 겸 클래식 첼리스트 지나입니다!,https://www.artsro.com/right/enter_view.html?GoIdx=2567&CatNo=25
2109,윈썸(WINSOMe),가수,25,폭발적인 에너지와 완벽한 하모니의 대한민국 유일무이 크로스오버 트리오 윈섬!!,https://www.artsro.com/right/enter_view.html?GoIdx=2109&CatNo=25
429,디오네,가수,25,3명의 여신의 파워풀하며 화려한 퍼포먼스!,https://www.artsro.com/right/enter_view.html?GoIdx=429&CatNo=25
97,클래씨,가수,25,미모와 실력을 겸비한 전자현악팀,https://www.artsro.com/right/enter_view.html?GoIdx=97&CatNo=25
96,카린,가수,25,국내 최초로 시도된 새로운 팝페라 형식의  “전자현악 팝페라 그룹” 입니다.,https://www.artsro.com/right/enter_view.html?GoIdx=96&CatNo=25
95,전자 바이올리니스트 주아(JUA),가수,25,"활력 있는 연주와 관객과 소통하는 무대 매너, 수려한 외모와 실력을 갖춘 국내 최정상 바이올리니스트",https://www.artsro.com/right/enter_view.html?GoIdx=95&CatNo=25
94,샤인,가수,25,멤버들이 모두 전자악기를 들고 댄스가 가미된 연주를 선보이는 화려한 퍼포먼스,https://www.artsro.com/right/enter_view.html?GoIdx=94&CatNo=25
92,록시,가수,25,모든 세대가 공감하고 즐길 수 있는 다양한 클래식. 팝송 및 가요 연주,https://www.artsro.com/right/enter_view.html?GoIdx=92&CatNo=25
91,라피네,가수,25,"모든 장르의 연주곡,노래곡을 완벽한 라이브로 선사하는 팀",https://www.artsro.com/right/enter_view.html?GoIdx=91&CatNo=25
90,TCP DUET,가수,25,전자첼로와 테너의 콜라보인 이색적인 공연,https://www.artsro.com/right/enter_view.html?GoIdx=90&CatNo=25
4834,테너 정주영,가수,26,다양한 공연 경험을 가진 베테랑 팝페라 가수,https://www.artsro.com/right/enter_view.html?GoIdx=4834&CatNo=26
4833,일칸토 (IL CANTO),가수,26,하모니로 세상의 모든 사람들과 소통하고 함께 감동을 나누다,https://www.artsro.com/right/enter_view.html?GoIdx=4833&CatNo=26
4819,Ragnel(라그넬),가수,26,"팝페라, 클래식, 대중 음악, 트로트 등 다양한 장르를 넘나드는 혼성 그룹",https://www.artsro.com/right/enter_view.html?GoIdx=4819&CatNo=26
4763,카르디오(Cardio),가수,26,"아름다운 하모니, 압도적인 웅장함",https://www.artsro.com/right/enter_view.html?GoIdx=4763&CatNo=26
4663,이브 (EVE),가수,26,잊지 못할 설렘을 선물해 드립니다.,https://www.artsro.com/right/enter_view.html?GoIdx=4663&CatNo=26
4651,정하은,가수,26,아름다운 팝페라 가수,https://www.artsro.com/right/enter_view.html?GoIdx=4651&CatNo=26
4520,박은우,가수,26,부드럽고 여린 이미지와 달리 끝없이 뿜어져 나오는 고음과 파워풀한 카리스마로 무대에서 반전매력을 보여주는 “박은우”,https://www.artsro.com/right/enter_view.html?GoIdx=4520&CatNo=26
4286,고현주,가수,26,희망을 노래하는 진행자 대한민국 No.1 팝페라,https://www.artsro.com/right/enter_view.html?GoIdx=4286&CatNo=26
4272,정노유,가수,26,팝페라가수이자 뮤지컬 배우!,https://www.artsro.com/right/enter_view.html?GoIdx=4272&CatNo=26
4270,김아름,가수,26,팝페라 가수이자 전문 연주자,https://www.artsro.com/right/enter_view.html?GoIdx=4270&CatNo=26
4244,팝페라스,가수,26,팝페라와 브라스의 콜라보레이션,https://www.artsro.com/right/enter_view.html?GoIdx=4244&CatNo=26
4077,비바체(VIVACE),가수,26,부부&커플의 하모니 4인조 팝페라 비바체입니다.,https://www.artsro.com/right/enter_view.html?GoIdx=4077&CatNo=26
3933,더 카리스,가수,26,파워풀한 보이스와 우아함을 갖춘 팝페라 팀!,https://www.artsro.com/right/enter_view.html?GoIdx=3933&CatNo=26
3916,라라퀸즈(LALA Queens),가수,26,Light And Love Always,https://www.artsro.com/right/enter_view.html?GoIdx=3916&CatNo=26
3870,피앙세,가수,26,혼성 팝페라 그룹!,https://www.artsro.com/right/enter_view.html?GoIdx=3870&CatNo=26
3864,아트파크,가수,26,함께하는 시간을 공원 같이 편안하고 즐겁게. 종합예술단체,https://www.artsro.com/right/enter_view.html?GoIdx=3864&CatNo=26
3838,최지안,가수,26,"성악을 전공하여 뮤지컬, 성악, 보컬 강사로 활동 중인!",https://www.artsro.com/right/enter_view.html?GoIdx=3838&CatNo=26
3752,아띠클래식,가수,26,"삼성전자(주), 대우건설(주), 한국문화예술위원회(아르코), 청춘마이크가 4년 연속 선택한 전국에서 가장 핫한 혼성 팝페라 그룹 아띠클래식입니다!",https://www.artsro.com/right/enter_view.html?GoIdx=3752&CatNo=26
3694,김예은X백성영,가수,26,미스트롯3 가수와 최고의 남성 팝페라 가수가 함께하는 어벤저스 듀엣팀,https://www.artsro.com/right/enter_view.html?GoIdx=3694&CatNo=26
3463,카이로 (KYLO),가수,26,"극 형식을 접목한 뮤지컬 콘서트, 미술과 함께 하는 공연 등 여러 기획을 통해 다양한 콘텐츠 와의 융합을 시도하는 정상급 팀",https://www.artsro.com/right/enter_view.html?GoIdx=3463&CatNo=26
3392,빅토리아,가수,26,부부 팝페라 빅토리아,https://www.artsro.com/right/enter_view.html?GoIdx=3392&CatNo=26
3336,팬텀팝페라,가수,26,팬텀싱어 X 미스트롯 X 불후의명곡 출연진의 콜라보 공연,https://www.artsro.com/right/enter_view.html?GoIdx=3336&CatNo=26
3285,쏠레올레,가수,26,고급스럽고 품격있는 크로스오버 팝페라 공연,https://www.artsro.com/right/enter_view.html?GoIdx=3285&CatNo=26
3231,애슐리,가수,26,천상의 목소리,https://www.artsro.com/right/enter_view.html?GoIdx=3231&CatNo=26
3138,퀸즈(QUEENS),가수,26,"팝페라 걸그룹, 퀸즈",https://www.artsro.com/right/enter_view.html?GoIdx=3138&CatNo=26
3127,김예은,가수,26,"'미스트롯3' , '판타스틱 패밀리 DNA 싱어' 출연 팝소프라노",https://www.artsro.com/right/enter_view.html?GoIdx=3127&CatNo=26
3026,페스타(Festa),가수,26,성악&뮤지컬 듀오 페스타,https://www.artsro.com/right/enter_view.html?GoIdx=3026&CatNo=26
2896,턱시도포맨,가수,26,턱시도가 잘 어울리는 그런 남자들!,https://www.artsro.com/right/enter_view.html?GoIdx=2896&CatNo=26
2866,신문희,가수,26,세계 정상급 팝페라 가수 신문희,https://www.artsro.com/right/enter_view.html?GoIdx=2866&CatNo=26
2711,주엔,가수,26,따뜻하고도 청아한 음색으로 팝과 클래식을 넘나들 수 있는 크로스오버 싱어,https://www.artsro.com/right/enter_view.html?GoIdx=2711&CatNo=26
2520,스타카토,가수,26,아름다운 하모니를 자랑하는 팝페라 혼성듀엣 스타카토 입니다.,https://www.artsro.com/right/enter_view.html?GoIdx=2520&CatNo=26
2503,조예은,가수,26,"앙상블 노엘의 대표, 크로스오버 소프라노 조예은",https://www.artsro.com/right/enter_view.html?GoIdx=2503&CatNo=26
2502,노엘(NOEL),가수,26,관객과 함께 음악이 주는 평화를 나누고 클래식의 대중화와 클랫힉 크로스오버 공연예술 문화 향유를 위해 구성된 팝페라 노엘(NOEL),https://www.artsro.com/right/enter_view.html?GoIdx=2502&CatNo=26
2466,아리엘,가수,26,클래시컬 크로스오버 팝페라 걸그룹,https://www.artsro.com/right/enter_view.html?GoIdx=2466&CatNo=26
2412,크로스포맨,가수,26,크로스포버 성악 앙상블 팝페라 그룹 “크로스포맨”,https://www.artsro.com/right/enter_view.html?GoIdx=2412&CatNo=26
2332,이노블,가수,26,국내 팝페라계에서 인정받고 검증된 팝페라 그룹 이노블,https://www.artsro.com/right/enter_view.html?GoIdx=2332&CatNo=26
2294,임소영,가수,26,"크로스오버 앨범 '모든 날들'을 발매한 팝페라 가수(공동 작사, 작곡)",https://www.artsro.com/right/enter_view.html?GoIdx=2294&CatNo=26
2292,송근혁,가수,26,포근한 감성 보이스 테너,https://www.artsro.com/right/enter_view.html?GoIdx=2292&CatNo=26
2282,미라클보이즈,가수,26,국내 유일 장애인과 비장애인이 함께하는 팝페라 그룹,https://www.artsro.com/right/enter_view.html?GoIdx=2282&CatNo=26
2257,우정훈,가수,26,매력적인 보이스의 주인공,https://www.artsro.com/right/enter_view.html?GoIdx=2257&CatNo=26
2184,최진호,가수,26,테너계의 어린왕자,https://www.artsro.com/right/enter_view.html?GoIdx=2184&CatNo=26
2154,최용호,가수,26,"파워풀한 가창력, 부드러운 음악성을 겸비한 최고의 성악가",https://www.artsro.com/right/enter_view.html?GoIdx=2154&CatNo=26
2135,로맨틱,가수,26,I'll show you the best present.,https://www.artsro.com/right/enter_view.html?GoIdx=2135&CatNo=26
2116,레이디 스타즈,가수,26,개성 넘치는 뛰어난 가창력으로 여성 소프라노 6인이 빚어내는 깊은 음색,https://www.artsro.com/right/enter_view.html?GoIdx=2116&CatNo=26
2103,제이보이스,가수,26,공감뮤톡! Talk페라 제이보이스,https://www.artsro.com/right/enter_view.html?GoIdx=2103&CatNo=26
2053,루이스 초이,가수,26,내가 바로 카운터테너 소프라노다.,https://www.artsro.com/right/enter_view.html?GoIdx=2053&CatNo=26
2035,엘페라,가수,26,진정성 가득한 음악의 힘으로 노래하는 감성 팝페라 그룹,https://www.artsro.com/right/enter_view.html?GoIdx=2035&CatNo=26
2008,파라다이스,가수,26,한국 최초 팝페라 아이돌 그룹,https://www.artsro.com/right/enter_view.html?GoIdx=2008&CatNo=26
1932,엠디바,가수,26,클래식을 기본을 두고 대중적인 요소를 가미해 활동하고 있는 여성 3인조 보컬팀,https://www.artsro.com/right/enter_view.html?GoIdx=1932&CatNo=26
1558,보체소리,가수,26,성악과 국악의 만남,https://www.artsro.com/right/enter_view.html?GoIdx=1558&CatNo=26
1418,올리비아,가수,26,유튜브 인플루언서 팝페라그룹 클라라 리더 올리비아,https://www.artsro.com/right/enter_view.html?GoIdx=1418&CatNo=26
117,휴[HUE],가수,26,유쾌한 감동의 힐링뮤지션 HUE,https://www.artsro.com/right/enter_view.html?GoIdx=117&CatNo=26
116,델리아,가수,26,고급스럽고 력셔리한 분위기에  연출과 음악이 조화롭게 선보입니다.,https://www.artsro.com/right/enter_view.html?GoIdx=116&CatNo=26
115,포엣,가수,26,마음을 움직이는 노래하는 시인 팝페라 그룹 포엣,https://www.artsro.com/right/enter_view.html?GoIdx=115&CatNo=26
114,라스페란자(La Speranza),가수,26,"한국 팝페라의 선구자, 팝페라 한류의 리더 라스페란자",https://www.artsro.com/right/enter_view.html?GoIdx=114&CatNo=26
87,플래티넘,가수,26,압도적인 가창력의 3인조 남성 팝페라그룹,https://www.artsro.com/right/enter_view.html?GoIdx=87&CatNo=26
67,스페로스페라 듀오,가수,26,"소리에서 음으로, 음에서 멜로디로, 멜로디에서 화음으로, 조화로의 이끌림",https://www.artsro.com/right/enter_view.html?GoIdx=67&CatNo=26
66,팝페라 클라라,가수,26,믿고 보고 듣는 여성 팝페라 그룹 클라라!!!,https://www.artsro.com/right/enter_view.html?GoIdx=66&CatNo=26
65,스윗스타,가수,26,"국내 유일의 혼성5인조 팝페라 그룹으로 에너지 넘치는 무대와, 달콤한 하니가 있는공연.",https://www.artsro.com/right/enter_view.html?GoIdx=65&CatNo=26
64,오윤석,가수,26,감미로우면서도 풍성한 음성은 크로스오버 장르에 특화되어 고급스러운 음악들을 선보인다.,https://www.artsro.com/right/enter_view.html?GoIdx=64&CatNo=26
63,아리현,가수,26,팝페라 아티스트 아리현과 힐링의 시간을...,https://www.artsro.com/right/enter_view.html?GoIdx=63&CatNo=26
61,하니엘,가수,26,사랑의 천사들이 들려주는 아름다운 하모니,https://www.artsro.com/right/enter_view.html?GoIdx=61&CatNo=26
60,그리다,가수,26,아름다운 선율을 ...그리다,https://www.artsro.com/right/enter_view.html?GoIdx=60&CatNo=26
59,파스타,가수,26,음악을 요리하는 파스타....,https://www.artsro.com/right/enter_view.html?GoIdx=59&CatNo=26
58,스페로스페라,가수,26,색깔 있는 연주와 관객과 함께하는 공연,https://www.artsro.com/right/enter_view.html?GoIdx=58&CatNo=26
4489,오직목소리(OZMSR),가수,27,오직목소리(OZMSR)는 대한민국의 혼성 5인조 컨템포러리 아카펠라 그룹,https://www.artsro.com/right/enter_view.html?GoIdx=4489&CatNo=27
3517,스프링클럽,가수,27,음악성과 대중성을 모두 잡은 몰입도 높은 공연을 보여주는 스프링클럽,https://www.artsro.com/right/enter_view.html?GoIdx=3517&CatNo=27
2366,나린,가수,27,"당신의 마음에 내릴 목소리, 나린",https://www.artsro.com/right/enter_view.html?GoIdx=2366&CatNo=27
2193,라비타(La Vita),가수,27,4명의 보컬리스트가 만드는 진실되고 아름다운 하모니,https://www.artsro.com/right/enter_view.html?GoIdx=2193&CatNo=27
2027,토리스,가수,27,여러 토리가 모여 음악을 만든다. 국내 최초 유일의 국악 아카펠라 그룹,https://www.artsro.com/right/enter_view.html?GoIdx=2027&CatNo=27
1767,보이스토이,가수,27,세상의 모든 음악을 목소리로 불러내는 혼성 아카펠라 그룹 '보이스토이' 입니다.,https://www.artsro.com/right/enter_view.html?GoIdx=1767&CatNo=27
1764,튠에이드,가수,27,5인조 혼성 아카펠라보컬그룹,https://www.artsro.com/right/enter_view.html?GoIdx=1764&CatNo=27
1413,엑시트 (EXIT),가수,27,목소리만으로 만들어내는 믿을 수 없는 사운드,https://www.artsro.com/right/enter_view.html?GoIdx=1413&CatNo=27
125,보이쳐,가수,27,세계가 인정한 국가대표 아카펠라그룹,https://www.artsro.com/right/enter_view.html?GoIdx=125&CatNo=27
121,제니스,가수,27,한국 대중 아카펠라의 정점에선 제니스,https://www.artsro.com/right/enter_view.html?GoIdx=121&CatNo=27
120,다이아(D.I.A),가수,27,악기는 필요없다. 오직 목소리만으로 모든 장르를 뛰어넘는 쇼아카펠라 그룹 다이아의 신나는 무대,https://www.artsro.com/right/enter_view.html?GoIdx=120&CatNo=27
119,메이트리,가수,27,"대한민국 넘버원, 세계에서도 인정 받는 그룹",https://www.artsro.com/right/enter_view.html?GoIdx=119&CatNo=27
3866,꾼남꾼녀,가수,28,관객의 귀에 익은 곡들로 친근하게 다가갈 수 있도록 구성하여  남녀노소 소통하며 공감하도록 해 행복한 시간을 만들어 드리겠습니다!,https://www.artsro.com/right/enter_view.html?GoIdx=3866&CatNo=28
2113,뮤지컬창작집단 나도,가수,28,너도? 나도! 청춘 공연 예술 단체 나도,https://www.artsro.com/right/enter_view.html?GoIdx=2113&CatNo=28
1708,더 뮤즈(The Muse),가수,28,뮤지컬 앙상블 팀!,https://www.artsro.com/right/enter_view.html?GoIdx=1708&CatNo=28
1707,무드먼트,가수,28,현 뮤지컬 배우들로 구성된 뮤지컬 갈라 그룹!,https://www.artsro.com/right/enter_view.html?GoIdx=1707&CatNo=28
133,드림뮤지컬,가수,28,국내 최고의 뮤지컬 갈라팀!,https://www.artsro.com/right/enter_view.html?GoIdx=133&CatNo=28
134,뮤지컬 퍼포먼스 그룹 갈로,가수,28,퀄리티 있는 뮤지컬 갈라쇼!,https://www.artsro.com/right/enter_view.html?GoIdx=134&CatNo=28
4521,판타스틱(Fantastic),가수,28,실력파 뮤지컬갈라팀으로 화려하고 판타스틱한 공연으로 감동을 선사합니다.,https://www.artsro.com/right/enter_view.html?GoIdx=4521&CatNo=28
4481,크레이지 몬스터(CRAZY MONSTER),가수,28,3인조 혼성그룹 크레이지몬스터,https://www.artsro.com/right/enter_view.html?GoIdx=4481&CatNo=28
3834,세레나데,가수,28,따뜻한 목소리로 사랑과 희망 그리고 감동을 전하는 세레나데,https://www.artsro.com/right/enter_view.html?GoIdx=3834&CatNo=28
3778,라디안테 (Radiante),가수,28,전원 오페라 배우 중심으로 구성된 뮤지컬 갈라쇼 팀,https://www.artsro.com/right/enter_view.html?GoIdx=3778&CatNo=28
3758,뮤니어스,가수,28,뮤지컬 뿐만 아니라 다채로운 장르가 가능한 팀!,https://www.artsro.com/right/enter_view.html?GoIdx=3758&CatNo=28
3558,박건우,가수,28,뮤지컬과 pop장르의,https://www.artsro.com/right/enter_view.html?GoIdx=3558&CatNo=28
3360,박완,가수,28,크로스오버 테너 박완,https://www.artsro.com/right/enter_view.html?GoIdx=3360&CatNo=28
3270,위메이크 뮤지컬[WE MAKE MUSICAL],가수,28,"지금 생각하고 있는 뮤지컬 행사, 우리가 만들어 드립니다.",https://www.artsro.com/right/enter_view.html?GoIdx=3270&CatNo=28
3139,온도,가수,28,따뜻한 마음을 노래하는 뮤지컬 쇼콰이어팀!,https://www.artsro.com/right/enter_view.html?GoIdx=3139&CatNo=28
2862,네버랜드,가수,28,뮤지컬 갈라쇼 네버랜드!,https://www.artsro.com/right/enter_view.html?GoIdx=2862&CatNo=28
2519,더위켄즈,가수,28,다양한 시상식 및 행사의 성격에 따라 때론 진중하기도 때론 신나기도 한 뮤지컬갈라 전문팀 더 위켄즈입니다.,https://www.artsro.com/right/enter_view.html?GoIdx=2519&CatNo=28
2015,뮤타컴퍼니,가수,28,문화 예술 발전에 기여하는 뮤지컬 타운 '뮤타컴퍼니',https://www.artsro.com/right/enter_view.html?GoIdx=2015&CatNo=28
1917,백승렬,가수,28,MBC 캐스팅콜 우승의 주인공,https://www.artsro.com/right/enter_view.html?GoIdx=1917&CatNo=28
1757,뮤지컬 갈라팀 어쏘티드,가수,28,"재미있는 뮤지컬, 함께하는 뮤지컬 갈라 공연",https://www.artsro.com/right/enter_view.html?GoIdx=1757&CatNo=28
3928,김종수,가수,29,어르신들이 좋아하는 장년/실버층 대중가요,https://www.artsro.com/right/enter_view.html?GoIdx=3928&CatNo=29
3688,퍼프 (Firp),가수,29,중성적인 (훈녀) 비쥬얼의 따뜻한 감성을 가진 싱어송라이터,https://www.artsro.com/right/enter_view.html?GoIdx=3688&CatNo=29
2457,박소윤,가수,29,감동을 전하는 목소리 힐링 카리스마,https://www.artsro.com/right/enter_view.html?GoIdx=2457&CatNo=29
1930,엄지애,가수,29,"발라드, 포크 싱어송라이터",https://www.artsro.com/right/enter_view.html?GoIdx=1930&CatNo=29
446,소리새,가수,29,추억과 낭만을 아름다운 멜로디로 노래하다,https://www.artsro.com/right/enter_view.html?GoIdx=446&CatNo=29
445,박강수,가수,29,포크 싱어송라이터 박강수!,https://www.artsro.com/right/enter_view.html?GoIdx=445&CatNo=29
444,김희진,가수,29,포크계의 아이유!!,https://www.artsro.com/right/enter_view.html?GoIdx=444&CatNo=29
443,이라희,가수,29,시원스러운 가창력에 준수한 외모로 많은 팬들을 몰고 다니는 통기타 가수!,https://www.artsro.com/right/enter_view.html?GoIdx=443&CatNo=29
442,우순실,가수,29,여전히 나이 잊은 외모와 가창력,https://www.artsro.com/right/enter_view.html?GoIdx=442&CatNo=29
441,강지민,가수,29,"유튜브 스타, 7090 뮤즈, 싱어송라이터 가수 강지민!",https://www.artsro.com/right/enter_view.html?GoIdx=441&CatNo=29
268,황명하,가수,29,한국 모던포크의 영혼 황명하!,https://www.artsro.com/right/enter_view.html?GoIdx=268&CatNo=29
234,레트로웨이브,가수,29,관객과 함께하는 추억 여행,https://www.artsro.com/right/enter_view.html?GoIdx=234&CatNo=29
198,추억의 고고장(빅사이즈크루),가수,29,DJ와 댄서들과 함께 소통하며 즐기는 관객 참여형 프로그램,https://www.artsro.com/right/enter_view.html?GoIdx=198&CatNo=29
4405,주미성,가수,30,3옥타브 고음여제 소찬휘와 100% 싱크로율을 자랑하는 '히든싱어 스타' 주미성,https://www.artsro.com/right/enter_view.html?GoIdx=4405&CatNo=30
4242,임재용,가수,30,,https://www.artsro.com/right/enter_view.html?GoIdx=4242&CatNo=30
4241,안웅기,가수,30,히든싱어 시즌1 왕중왕전 우승자,https://www.artsro.com/right/enter_view.html?GoIdx=4241&CatNo=30
4096,히든커넥션,가수,30,히든싱어 우승자 출신인 모창의 달인,https://www.artsro.com/right/enter_view.html?GoIdx=4096&CatNo=30
3586,짜이,가수,30,'히든싱어 왕중왕전' 싸이 모창능력자 김성인 '짜이',https://www.artsro.com/right/enter_view.html?GoIdx=3586&CatNo=30
3291,싸이버거,가수,30,상상 그 이상의 최고의 순간,https://www.artsro.com/right/enter_view.html?GoIdx=3291&CatNo=30
2589,오예중,가수,30,히든싱어 '장윤정편' 우승자,https://www.artsro.com/right/enter_view.html?GoIdx=2589&CatNo=30
2561,남산,가수,30,남진 모창 가수 남산,https://www.artsro.com/right/enter_view.html?GoIdx=2561&CatNo=30
2508,투현식,가수,30,김현식 모창 능력자!,https://www.artsro.com/right/enter_view.html?GoIdx=2508&CatNo=30
440,나운하,가수,30,나훈아 이미테이션 가수 나운하!,https://www.artsro.com/right/enter_view.html?GoIdx=440&CatNo=30
439,조현민,가수,30,히든싱어 시즌2 임창정편 출연 및 왕중왕전 2위,https://www.artsro.com/right/enter_view.html?GoIdx=439&CatNo=30
438,주현니,가수,30,주현미 이미테이션 가수 주현니~,https://www.artsro.com/right/enter_view.html?GoIdx=438&CatNo=30
437,방쉬리,가수,30,방실이 이미테이션 가수 방쉬리로 전국으로 활동!,https://www.artsro.com/right/enter_view.html?GoIdx=437&CatNo=30
170,현칠,가수,30,가수 현철 이미테이션 가수,https://www.artsro.com/right/enter_view.html?GoIdx=170&CatNo=30
169,나건필,가수,30,"히든싱어 김건모 편 1위! 공연섭외 0순위, 행사의 달인",https://www.artsro.com/right/enter_view.html?GoIdx=169&CatNo=30
4674,배민소,가수,31,밝고 에너지 넘치는 인간 비타민 차세대 트로트 뮤즈,https://www.artsro.com/right/enter_view.html?GoIdx=4674&CatNo=31
4672,이자은,가수,31,"연기면 연기, 노래면 노래 ! 다재다능 배우 겸 트로트 가수",https://www.artsro.com/right/enter_view.html?GoIdx=4672&CatNo=31
4671,전기호,가수,31,다양한 방송에 출연을 하며 성장해 온 트호트 가수,https://www.artsro.com/right/enter_view.html?GoIdx=4671&CatNo=31
4670,홍준보,가수,31,트로트 가수 및 배우,https://www.artsro.com/right/enter_view.html?GoIdx=4670&CatNo=31
4665,규리,가수,31,관객들의 마음을 움직일 준비가 된 아티스트 규리,https://www.artsro.com/right/enter_view.html?GoIdx=4665&CatNo=31
4477,오수아,가수,31,트로트 가수 겸 뮤지컬 배우,https://www.artsro.com/right/enter_view.html?GoIdx=4477&CatNo=31
4340,성훈,가수,31,안녕하세요. 모든 분들의 연하의 남자를 꿈꾸는 유튜브 성훈이의 트로트 가수 성훈입니다.,https://www.artsro.com/right/enter_view.html?GoIdx=4340&CatNo=31
4288,나래(피리트롯),가수,31,"국악의 숨결과 트로트의 흥을 잇는, 대한민국 최초의 피리트롯 아티스트",https://www.artsro.com/right/enter_view.html?GoIdx=4288&CatNo=31
4097,김민진,가수,31,가수와 작곡가를 다 할줄 아는 만능엔테이너 김민지,https://www.artsro.com/right/enter_view.html?GoIdx=4097&CatNo=31
4006,서기혁,가수,31,안녕하세요. 트로트계에 기억되고싶은 트롯 싱어송라이터 서기혁입니다.,https://www.artsro.com/right/enter_view.html?GoIdx=4006&CatNo=31
3943,문초희,가수,31,트롯 꾀꼬리,https://www.artsro.com/right/enter_view.html?GoIdx=3943&CatNo=31
3887,송별이,가수,31,트로트 천재소녀 ‘송별이’ 청아한 목소리의 정통 트로트 라이징 스타,https://www.artsro.com/right/enter_view.html?GoIdx=3887&CatNo=31
3886,강설민,가수,31,"트롯 귀공자, 눈빛프린스",https://www.artsro.com/right/enter_view.html?GoIdx=3886&CatNo=31
3876,신초아,가수,31,"안녕하세요, 가수 신초아 입니다!",https://www.artsro.com/right/enter_view.html?GoIdx=3876&CatNo=31
3831,김주성,가수,31,감미로운 음색과 진솔한 감정을 담아 부르는 가수!,https://www.artsro.com/right/enter_view.html?GoIdx=3831&CatNo=31
3743,홍지호,가수,31,보기만 해도 기분 좋아지는 트롯계의 미소천사! 가수 홍지호 입니다.,https://www.artsro.com/right/enter_view.html?GoIdx=3743&CatNo=31
3716,정인걸,가수,31,'정인걸' 타이틀 곡으로 활동중인 가수 정인걸,https://www.artsro.com/right/enter_view.html?GoIdx=3716&CatNo=31
3607,투투,가수,31,걸그룹 출신 트롯요정들,https://www.artsro.com/right/enter_view.html?GoIdx=3607&CatNo=31
3473,강보민,가수,31,헬스트롯,https://www.artsro.com/right/enter_view.html?GoIdx=3473&CatNo=31
3428,난연,가수,31,매력적인 허스키보이스의 소유자! 신나는 트로트부터 통기타 공연까지,https://www.artsro.com/right/enter_view.html?GoIdx=3428&CatNo=31
3410,한유채,가수,31,세미부터 정통 트로트까지 가능한 가수 ‘한유채’,https://www.artsro.com/right/enter_view.html?GoIdx=3410&CatNo=31
3397,강태풍,가수,31,트롯 새바람 강태풍,https://www.artsro.com/right/enter_view.html?GoIdx=3397&CatNo=31
3035,헤라,가수,31,한국다문화예술원 원장 한국인 헤라씨,https://www.artsro.com/right/enter_view.html?GoIdx=3035&CatNo=31
3024,수지니,가수,31,JTBC 히든싱어 신지편 '준우승자',https://www.artsro.com/right/enter_view.html?GoIdx=3024&CatNo=31
2947,루비체(RUVICHE),가수,31,신인 트로트 걸그룹 루비체,https://www.artsro.com/right/enter_view.html?GoIdx=2947&CatNo=31
2922,후니정,가수,31,만능엔터테이너 가수 후니정,https://www.artsro.com/right/enter_view.html?GoIdx=2922&CatNo=31
2904,엄소영,가수,31,19년 '좋니 좋아'로데뷔한 초신성 트로트가수,https://www.artsro.com/right/enter_view.html?GoIdx=2904&CatNo=31
2681,이세원,가수,31,효녀 트로트 가수,https://www.artsro.com/right/enter_view.html?GoIdx=2681&CatNo=31
2552,성훈,가수,31,트로트 가수 성훈입니다.,https://www.artsro.com/right/enter_view.html?GoIdx=2552&CatNo=31
2418,비니쌤,가수,31,남녀노소  나이불문  즐길  수  있는  무대를  선보이는 행사의  왕자  비니쌤!!,https://www.artsro.com/right/enter_view.html?GoIdx=2418&CatNo=31
2409,송채아,가수,31,트로트와 국악전공자로서의 장점을 살려 흥과 웃음으로 공연을 이끌어 갈 수 있는 송채아 입니다.,https://www.artsro.com/right/enter_view.html?GoIdx=2409&CatNo=31
2365,박진,가수,31,"춤,연기,MC진행까지 다~ 되는 트로계의 멀티테이너 박진",https://www.artsro.com/right/enter_view.html?GoIdx=2365&CatNo=31
2302,태욱,가수,31,싱어송라이터 발라더&트로트가수,https://www.artsro.com/right/enter_view.html?GoIdx=2302&CatNo=31
2301,박민주,가수,31,'국악 천재' 트로트 가수 박민주!,https://www.artsro.com/right/enter_view.html?GoIdx=2301&CatNo=31
2300,최지욱,가수,31,트롯을 사랑하는 리틀영탁!! 최지욱입니다,https://www.artsro.com/right/enter_view.html?GoIdx=2300&CatNo=31
2296,홍성원,가수,31,트로트 신동!! 불타는 트롯맨 홍성원!!,https://www.artsro.com/right/enter_view.html?GoIdx=2296&CatNo=31
2186,나예원,가수,31,가슴은 알죠 나예원입니다,https://www.artsro.com/right/enter_view.html?GoIdx=2186&CatNo=31
1982,신장미,가수,31,만능 엔터테이너 신장미,https://www.artsro.com/right/enter_view.html?GoIdx=1982&CatNo=31
1957,홍서현,가수,31,소프라노 & 트로트가수,https://www.artsro.com/right/enter_view.html?GoIdx=1957&CatNo=31
1952,정혜린,가수,31,사랑의 한 방이 있는 그녀,https://www.artsro.com/right/enter_view.html?GoIdx=1952&CatNo=31
1948,김해나,가수,31,해가 난다~! 김해나,https://www.artsro.com/right/enter_view.html?GoIdx=1948&CatNo=31
1945,천재원,가수,31,묻지 말고 사랑할 수 밖에 없는 만능 엔터테이너,https://www.artsro.com/right/enter_view.html?GoIdx=1945&CatNo=31
1939,유호,가수,31,"미스터트롯 데디부에 빛나는 스타, 아침마당 꿈의무대 5주 연속 우승자",https://www.artsro.com/right/enter_view.html?GoIdx=1939&CatNo=31
1926,용호,가수,31,트로트계 감성장인 떠오르는 뉴페이스,https://www.artsro.com/right/enter_view.html?GoIdx=1926&CatNo=31
1894,무룡,가수,31,KBS1TV 아침마당 도전! 꿈의 무대 5승,https://www.artsro.com/right/enter_view.html?GoIdx=1894&CatNo=31
1886,성용하,가수,31,악바리 트롯맨,https://www.artsro.com/right/enter_view.html?GoIdx=1886&CatNo=31
1784,미란이,가수,31,통통튀는 매력의 트롯돌 미란이,https://www.artsro.com/right/enter_view.html?GoIdx=1784&CatNo=31
1752,김지원,가수,31,희망과 위로가 되는 가수 김지원,https://www.artsro.com/right/enter_view.html?GoIdx=1752&CatNo=31
1680,김호건,가수,31,16년 경력에 다양한 장르 가능합니다!!,https://www.artsro.com/right/enter_view.html?GoIdx=1680&CatNo=31
1566,강민수,가수,31,끼넘치는 트롯보이 강민수입니다,https://www.artsro.com/right/enter_view.html?GoIdx=1566&CatNo=31
1439,오로라,가수,31,트롯 미녀 그룹,https://www.artsro.com/right/enter_view.html?GoIdx=1439&CatNo=31
926,원더총각,가수,31,트로트 댄스가수 원더총각,https://www.artsro.com/right/enter_view.html?GoIdx=926&CatNo=31
665,차승민,가수,31,노련한 무대매너와 깔끔한 보이스로 가창력을 주목받고 있는 신예!,https://www.artsro.com/right/enter_view.html?GoIdx=665&CatNo=31
174,소유미,가수,31,빼어난 외모에 실력까지 겸비한 가수,https://www.artsro.com/right/enter_view.html?GoIdx=174&CatNo=31
166,한담희,가수,31,섹시한 이미지와 매력을 뽐내는 신예 트로트 가수,https://www.artsro.com/right/enter_view.html?GoIdx=166&CatNo=31
165,트롯걸,가수,31,여성3인조 트로트계의 핫 이슈!,https://www.artsro.com/right/enter_view.html?GoIdx=165&CatNo=31
164,최현상,가수,31,오션 출신 꽃미남 트로트 가수,https://www.artsro.com/right/enter_view.html?GoIdx=164&CatNo=31
162,지나유(JINA-U),가수,31,트로트 요정,https://www.artsro.com/right/enter_view.html?GoIdx=162&CatNo=31
161,정해진,가수,31,트롯계의 떠오르는 신예 가수,https://www.artsro.com/right/enter_view.html?GoIdx=161&CatNo=31
160,오아름,가수,31,인터넷 얼짱 출신 트로트 가수!,https://www.artsro.com/right/enter_view.html?GoIdx=160&CatNo=31
158,여정인,가수,31,실력파 트로트 발라드 가수,https://www.artsro.com/right/enter_view.html?GoIdx=158&CatNo=31
150,세컨드,가수,31,'중장년층의 아이돌' 트로트걸 그룹 세컨드,https://www.artsro.com/right/enter_view.html?GoIdx=150&CatNo=31
147,미스터 팡,가수,31,트로트계의 싸이.,https://www.artsro.com/right/enter_view.html?GoIdx=147&CatNo=31
143,김선주,가수,31,무대 위에서 가장 행복을 노낀다는 무대를 사랑하는 가수,https://www.artsro.com/right/enter_view.html?GoIdx=143&CatNo=31
131,투티스,가수,31,섹시 슈퍼모델 트로트 걸그룹 싸이,https://www.artsro.com/right/enter_view.html?GoIdx=131&CatNo=31
176,로즈퀸(Rosequeen),가수,33,대한민국 대표 K-POP 댄스팀,https://www.artsro.com/right/enter_view.html?GoIdx=176&CatNo=33
1127,플라이위드미(Fly with me),가수,33,"노래와 댄스, 실력과 외모까지 겸비하여 2020년 가장 주목받는 걸스 힙합 댄스그룹이다.",https://www.artsro.com/right/enter_view.html?GoIdx=1127&CatNo=33
4817,에프씨디(FCD),가수,33,안녕하세요 퍼포먼스 댄스팀 에프씨디(FCD)입니다.,https://www.artsro.com/right/enter_view.html?GoIdx=4817&CatNo=33
4746,메모리즈크루 (MEMORIES CREW),가수,33,2세대부터 최신 세대까지 K-POP을 아우르는 여성 행사 전문 댄스 크루.,https://www.artsro.com/right/enter_view.html?GoIdx=4746&CatNo=33
4734,루니아,가수,33,행사 성향에 맞는 퀄리티 높은 공연을 보여드리겠습니다.,https://www.artsro.com/right/enter_view.html?GoIdx=4734&CatNo=33
4622,오브제(OBZET),가수,33,한계가 없는 ‘움직이는 오브제’,https://www.artsro.com/right/enter_view.html?GoIdx=4622&CatNo=33
4363,동화(D.hwa),가수,33,‘관객과 함께 만드는 스토리’,https://www.artsro.com/right/enter_view.html?GoIdx=4363&CatNo=33
4350,비비엔(VVN),가수,33,170cm의 압도적인 비주얼을 갖춘 퍼포먼스 걸그룹,https://www.artsro.com/right/enter_view.html?GoIdx=4350&CatNo=33
4334,오닉스,가수,33,케이팝 댄스를 기반으로 한 여성 4인조 댄스팀입니다,https://www.artsro.com/right/enter_view.html?GoIdx=4334&CatNo=33
4202,원스피릿,가수,33,꿈이 있는 사람은 아름답다,https://www.artsro.com/right/enter_view.html?GoIdx=4202&CatNo=33
4163,위트크루,가수,33,케이팝과 스트릿댄스의 조화로운 퍼포먼스 팀,https://www.artsro.com/right/enter_view.html?GoIdx=4163&CatNo=33
4157,어썸제이(AWESOME J),가수,33,Transcends genres and borders,https://www.artsro.com/right/enter_view.html?GoIdx=4157&CatNo=33
3765,CPI girls (씨피아이 걸스),가수,33,다양한 컨셉과 구성의 퍼포먼스를 보유하고 있는 댄스팀!,https://www.artsro.com/right/enter_view.html?GoIdx=3765&CatNo=33
3576,리베라(rivera),가수,33,kpop 비주얼 댄스팀,https://www.artsro.com/right/enter_view.html?GoIdx=3576&CatNo=33
3524,헥시아 (HEXIA),가수,33,4인조 댄스그룹!,https://www.artsro.com/right/enter_view.html?GoIdx=3524&CatNo=33
3450,영기스트 (Yongest),가수,33,키즈 아이돌 그룹!,https://www.artsro.com/right/enter_view.html?GoIdx=3450&CatNo=33
3401,라옴 (LAOM),가수,33,Look at our movement,https://www.artsro.com/right/enter_view.html?GoIdx=3401&CatNo=33
3051,카테나,가수,33,kpop sexy performance team,https://www.artsro.com/right/enter_view.html?GoIdx=3051&CatNo=33
2924,바니티(Bunny.T),가수,33,인플루언서로 구성된 퍼포먼스 걸그룹,https://www.artsro.com/right/enter_view.html?GoIdx=2924&CatNo=33
2895,에이드,가수,33,퍼포먼스 걸그룹,https://www.artsro.com/right/enter_view.html?GoIdx=2895&CatNo=33
2725,레드민트(REDMINT),가수,33,릴스 총 조회수 1000만회 MZ세대의 중심!,https://www.artsro.com/right/enter_view.html?GoIdx=2725&CatNo=33
2673,팀메카,가수,33,Girlish & K-POP Dance Team,https://www.artsro.com/right/enter_view.html?GoIdx=2673&CatNo=33
2665,캡틴크루 (Captain Crew),가수,33,놀줄아는 걸그룹,https://www.artsro.com/right/enter_view.html?GoIdx=2665&CatNo=33
2539,힙걸(HIPPGIRL),가수,33,Street을 기반으로 한 댄스팀 Hippgirl_,https://www.artsro.com/right/enter_view.html?GoIdx=2539&CatNo=33
2534,나미다,가수,33,K-POP 커버댄스 그룹 나미다,https://www.artsro.com/right/enter_view.html?GoIdx=2534&CatNo=33
2210,소울,가수,33,여러가지 다채로운 매력을 가지고 있는 하나입니다.,https://www.artsro.com/right/enter_view.html?GoIdx=2210&CatNo=33
1837,투유,가수,33,4인 4색 매력덩어리 케이팝커버 댄스팀,https://www.artsro.com/right/enter_view.html?GoIdx=1837&CatNo=33
1819,할리퀸,가수,33,공연에 공연을 더하다 퍼포먼스 걸그룹 '할리퀸',https://www.artsro.com/right/enter_view.html?GoIdx=1819&CatNo=33
1814,에이티나인,가수,33,여성 9인조로 구성되어 있는 댄스팀,https://www.artsro.com/right/enter_view.html?GoIdx=1814&CatNo=33
1780,걸크러쉬,가수,33,천만뷰 직캠 영상으로 화제를 모은 걸크러쉬!,https://www.artsro.com/right/enter_view.html?GoIdx=1780&CatNo=33
925,엑스오엑스 (XOX),가수,33,성숙해진 무대매너와 현란한 댄스 세련된 섹시함이 매력적인 '엑스오엑스',https://www.artsro.com/right/enter_view.html?GoIdx=925&CatNo=33
876,뮤지어스(MUSIUS),가수,33,대한민국  최고다 NO.1 모델 퍼포먼스 걸그룹 ' 디아나',https://www.artsro.com/right/enter_view.html?GoIdx=876&CatNo=33
152,버스트필드,가수,34,폭발적인 무대로 관객과 함께하는 공연을 만들겠습니다.,https://www.artsro.com/right/enter_view.html?GoIdx=152&CatNo=34
177,코리아커넥션,가수,34,한국 전통 예술을 현대적으로 표현하는 퍼포먼스팀,https://www.artsro.com/right/enter_view.html?GoIdx=177&CatNo=34
4610,전통비보이 흥,가수,34,가장 한국적인 것이 가장 세계적인 것이다.,https://www.artsro.com/right/enter_view.html?GoIdx=4610&CatNo=34
4254,라이트 패밀리,가수,34,대한민국 최고의 댄스 레이블 라이트 패밀리,https://www.artsro.com/right/enter_view.html?GoIdx=4254&CatNo=34
4176,베이스어스,가수,34,,https://www.artsro.com/right/enter_view.html?GoIdx=4176&CatNo=34
4167,이에이트,가수,34,"각 장르가 하나의 흐름으로 연결되며, 관객의 시선과 귀를 동시에 사로잡는 멀티플레이 공연",https://www.artsro.com/right/enter_view.html?GoIdx=4167&CatNo=34
4158,WILD CREW(와일드 크루),가수,34,브레이킹 씬의 최전선,https://www.artsro.com/right/enter_view.html?GoIdx=4158&CatNo=34
4012,조선유랑크루,가수,34,국악과 비보잉의 콜라보,https://www.artsro.com/right/enter_view.html?GoIdx=4012&CatNo=34
3983,루나 플로우,가수,34,관객들과 소통하는 비보이팀!! 떠오르는 혜성 루나 플로우!,https://www.artsro.com/right/enter_view.html?GoIdx=3983&CatNo=34
3898,브레이크 엠비션,가수,34,대한민국 브레이킹 신의 중심에서 활동해온 댄서들이 모인 크루,https://www.artsro.com/right/enter_view.html?GoIdx=3898&CatNo=34
3840,퓨전엠씨,가수,34,세계랭킹 1위의 대한민국 대표 비보이크루,https://www.artsro.com/right/enter_view.html?GoIdx=3840&CatNo=34
3764,CPI crew (씨피아이 크루),가수,34,컨셉이 있는 공연을 가능하게 하는 비보이 퍼포먼스 팀!,https://www.artsro.com/right/enter_view.html?GoIdx=3764&CatNo=34
3648,레디투플레이,가수,34,안녕하세요! 퓨전퍼포먼스팀 레디투플레이입니다.,https://www.artsro.com/right/enter_view.html?GoIdx=3648&CatNo=34
3384,잭팟크루,가수,34,전매특허 복합 스트릿 퍼포먼스팀,https://www.artsro.com/right/enter_view.html?GoIdx=3384&CatNo=34
3383,와일드몽키즈,가수,34,다이나믹 비보이 퍼포먼스를 선보이는 와일드몽키즈,https://www.artsro.com/right/enter_view.html?GoIdx=3383&CatNo=34
3381,에이런크루,가수,34,다이나믹하고 역동적인 에너지의 브레이킹 퍼포먼스,https://www.artsro.com/right/enter_view.html?GoIdx=3381&CatNo=34
3241,저스트비크루,가수,34,국내 최고의 팝핑 댄스팀 저스트비크루입니다!,https://www.artsro.com/right/enter_view.html?GoIdx=3241&CatNo=34
2932,플레이 그라운드(SUCCES_CREW),가수,34,"빅뱅 뮤직 비디오, 콘서트 출연",https://www.artsro.com/right/enter_view.html?GoIdx=2932&CatNo=34
2930,크롬하츠(CHROME HEARTZ),가수,34,단순 비보잉을 넘어선 공연 콘텐츠로 나아가는 크롬하츠,https://www.artsro.com/right/enter_view.html?GoIdx=2930&CatNo=34
2928,리버스크루(RIVERS CREW),가수,34,수많은 대회를 휩쓸어 버린 리버스크루,https://www.artsro.com/right/enter_view.html?GoIdx=2928&CatNo=34
2926,갬블러크루,가수,34,"춤에 인생을 거는, 명실상부 브레이킹의 전설 크루",https://www.artsro.com/right/enter_view.html?GoIdx=2926&CatNo=34
1726,코리아브레이커스,가수,34,다이나믹한 비보잉과 화려한 비트박스로 관객들에게 즐거움을 선사합니다.,https://www.artsro.com/right/enter_view.html?GoIdx=1726&CatNo=34
1221,아이큐브(ICUVE),가수,34,"* 다양한 예술가를 보유하고 있고, 독창적인 공연을 펼치는 크리에이터 단체 아이큐브 입니다",https://www.artsro.com/right/enter_view.html?GoIdx=1221&CatNo=34
1088,신나브로,가수,34,대중들에게 기쁨과 행복을 전해주는 공연팀,https://www.artsro.com/right/enter_view.html?GoIdx=1088&CatNo=34
1076,힙한조선(라스트릿크루),가수,34,국악비보이 퍼포먼스,https://www.artsro.com/right/enter_view.html?GoIdx=1076&CatNo=34
1067,더 구니스 크루(The gooniescrew),가수,34,더구니스크루는 대한민국최초 해군비보이팀입니다.,https://www.artsro.com/right/enter_view.html?GoIdx=1067&CatNo=34
1066,마싸 크루(MASSA CREW),가수,34,팝핀과 브레이크댄스를 주로 하는 스트릿댄스퍼포먼스팀,https://www.artsro.com/right/enter_view.html?GoIdx=1066&CatNo=34
313,에스플라바,가수,34,국내 유일무이 국악비보이,https://www.artsro.com/right/enter_view.html?GoIdx=313&CatNo=34
185,엠비크루,가수,34,대한민국을 대표하는 비보이팀,https://www.artsro.com/right/enter_view.html?GoIdx=185&CatNo=34
182,에딕션 크루,가수,34,"열정 ,각자만의 개성이 뚜렷한 팀원들로 활동하고 있는 Addiction Crew!",https://www.artsro.com/right/enter_view.html?GoIdx=182&CatNo=34
256,쎄마벨리댄스,가수,35,밸리댄스 프로공연단 입니다.,https://www.artsro.com/right/enter_view.html?GoIdx=256&CatNo=35
4351,댄싱인더무드,가수,36,"""댄스스포츠, 예술이 되다"" - 정형화된 틀을 깨고 관객에게 '무드'를 선사하는 전문 예술 단체",https://www.artsro.com/right/enter_view.html?GoIdx=4351&CatNo=36
4826,베리업 치어리더,가수,37,긍정적인 바이브로 무대를 빛내는 치어리더,https://www.artsro.com/right/enter_view.html?GoIdx=4826&CatNo=37
4441,엔젤킹,가수,37,SA-치어리딩사관학교,https://www.artsro.com/right/enter_view.html?GoIdx=4441&CatNo=37
3858,유니스,가수,37,다양한 분야에서의 다재 다능한 치어리더팀!,https://www.artsro.com/right/enter_view.html?GoIdx=3858&CatNo=37
2940,치어킹 코리아 주니어 치어리더,가수,37,치어킹 코리아 주니어 치어리더,https://www.artsro.com/right/enter_view.html?GoIdx=2940&CatNo=37
2726,어벤져스(AVENGERS)치어리더,가수,37,공연/행사전문 치어리더 팀입니다.,https://www.artsro.com/right/enter_view.html?GoIdx=2726&CatNo=37
2279,빅타이드스턴트치어리딩,가수,37,한국 치어리딩 문화에 큰 혁명을 일으킨 팀!!빅타이드 스턴트 치어리딩,https://www.artsro.com/right/enter_view.html?GoIdx=2279&CatNo=37
2276,엘케이치어리더(LK치어리더),가수,37,대한민국 최고의 치어리더팀 LK치어리더입니다,https://www.artsro.com/right/enter_view.html?GoIdx=2276&CatNo=37
1725,IMPACT CHEER(임팩트 치어),가수,37,14세부터 성인으로 구성된 치어리딩 클럽!,https://www.artsro.com/right/enter_view.html?GoIdx=1725&CatNo=37
45,RAINBOW CHEER(레인보우 치어),가수,37,"6세성인 / 어린이팀, 주니어팀, 성인팀 각각 or 합동 공연 가능",https://www.artsro.com/right/enter_view.html?GoIdx=45&CatNo=37
2934,후댄스컴퍼니,가수,38,가장 한국적인 한국무용,https://www.artsro.com/right/enter_view.html?GoIdx=2934&CatNo=38
4515,크레이지쿄(CRAZY KYO),가수,40,"대한민국 팝핀 씬의 '살아있는 전설'이자, 스트릿 댄스의 대중화를 이끈 선구자",https://www.artsro.com/right/enter_view.html?GoIdx=4515&CatNo=40
4470,미스몰리,가수,40,스트릿 댄스 걸스파이터  최종 3위 청소년 댄스팀,https://www.artsro.com/right/enter_view.html?GoIdx=4470&CatNo=40
4166,원네이션,가수,40,"퍼포먼스의 경계를 넘어선 새로운 예술적 경험, 원네이션(OneNation)",https://www.artsro.com/right/enter_view.html?GoIdx=4166&CatNo=40
3865,로보트로닉하모닉스,가수,40,로봇댄스 전문 스트릿댄스팀,https://www.artsro.com/right/enter_view.html?GoIdx=3865&CatNo=40
3767,SML (에스엠엘),가수,40,"색소폰,보컬,탭댄스의 조합을 보여주는 퍼포먼스 팀!",https://www.artsro.com/right/enter_view.html?GoIdx=3767&CatNo=40
3055,프라임 타임(탭댄스),가수,40,탭댄스 씬에서 가장 주목받는 탭댄스 퍼포먼스 팀,https://www.artsro.com/right/enter_view.html?GoIdx=3055&CatNo=40
2936,쾌지나칭칭놀자,가수,40,호남 최고의 DJ 퍼포먼스팀,https://www.artsro.com/right/enter_view.html?GoIdx=2936&CatNo=40
2630,독특크루,가수,40,어디서 보여주느냐보다 어떻게 보여주느냐가 더 중요하다.,https://www.artsro.com/right/enter_view.html?GoIdx=2630&CatNo=40
1888,이예일,가수,40,노래와 댄스를 겸비한 다이나믹 퍼포먼스 국악버전 K-POP,https://www.artsro.com/right/enter_view.html?GoIdx=1888&CatNo=40
1722,앙드레 전,가수,40,당신에게 필요한 건 오직 두 사람과 음악뿐이다!!,https://www.artsro.com/right/enter_view.html?GoIdx=1722&CatNo=40
1721,애니메이션 크루,가수,40,상상을 표현 현실로!!! 관객들에게 놀라움과 즐거움을!!,https://www.artsro.com/right/enter_view.html?GoIdx=1721&CatNo=40
1715,조성호 탭댄스 크루,가수,40,국내 최정상 탭퍼들이 뭉쳤다.,https://www.artsro.com/right/enter_view.html?GoIdx=1715&CatNo=40
1563,87.5 탭댄스,가수,40,대한민국 최고의 탭댄스 팀입니다.,https://www.artsro.com/right/enter_view.html?GoIdx=1563&CatNo=40
47,정선희플라멩고,가수,40,스페인무용및 플라멩코 전문 공연팀,https://www.artsro.com/right/enter_view.html?GoIdx=47&CatNo=40
218,극단 청명,가수,41,대한민국 최고의 타악퍼포먼스 그룹!,https://www.artsro.com/right/enter_view.html?GoIdx=218&CatNo=41
4262,전북타악 소리지존,가수,41,전 세대의 공감대를 형성하는 일상의 예술을 지향하는 타악퍼포먼스,https://www.artsro.com/right/enter_view.html?GoIdx=4262&CatNo=41
4235,바투타(Battuta),가수,41,우리의 북가락과 드럼비트가 조화를 이루며 화려한 퍼포먼스를 선보입니다.,https://www.artsro.com/right/enter_view.html?GoIdx=4235&CatNo=41
4059,타악퍼포먼스 팀 야락;YARAK,가수,41,,https://www.artsro.com/right/enter_view.html?GoIdx=4059&CatNo=41
3462,쇼비트,가수,41,현대적 감각에 맞게 퓨전화시킨 신개념 종합 퍼포먼스,https://www.artsro.com/right/enter_view.html?GoIdx=3462&CatNo=41
3458,극단 타쇼,가수,41,타악 창작곡과 다채로운 퍼포먼스 공연을 통해 관객과 소통하는 퓨전타악그룹,https://www.artsro.com/right/enter_view.html?GoIdx=3458&CatNo=41
3437,놀당,가수,41,파워. 신명. 다채로운 형식의 타악 퍼포먼스 그룹,https://www.artsro.com/right/enter_view.html?GoIdx=3437&CatNo=41
3420,타악그룹 블랙퀸,가수,41,모두가 공감할 수 있는 타악예술!,https://www.artsro.com/right/enter_view.html?GoIdx=3420&CatNo=41
3369,타악퍼포먼스 아퀴,가수,41,"대북과 모듬북, 난타북 그리고 전통타악기 서양타악기 등 다양한 소재를 활용하여 다채로운 작품세계를 보여드립니다.",https://www.artsro.com/right/enter_view.html?GoIdx=3369&CatNo=41
3230,미라클,가수,41,"전통의 현대적 재해석을 통해 전통 예술의 발전과 현대예술의 조화를 추구하는, 전통문화 예술의 새로운 장을 열어가는 공연을 제공",https://www.artsro.com/right/enter_view.html?GoIdx=3230&CatNo=41
1833,타악 퍼포먼스 (인풍류 INpungnyu),가수,41,모든 장르와 퍼포먼스를 아우르는 국내 최고의 퍼포먼스 팀!!,https://www.artsro.com/right/enter_view.html?GoIdx=1833&CatNo=41
1829,타악그룹 고리,가수,41,"우리의 전통과 퓨전, 그리고 이 시대 새로운 음악의 창작까지 다양한 음악을 보여주고자 열정의 땀방울을 무대에 쏟고 있는 타악그룹 '고리'",https://www.artsro.com/right/enter_view.html?GoIdx=1829&CatNo=41
1827,화려,가수,41,아름답게 빛나다,https://www.artsro.com/right/enter_view.html?GoIdx=1827&CatNo=41
1820,여성타악공연팀 타미,가수,41,국내 최고의 넌버벌 뮤지컬 주역들이 모여 만들어낸 Feel The Drum TAMI,https://www.artsro.com/right/enter_view.html?GoIdx=1820&CatNo=41
1749,붐붐,가수,41,관객의 영혼을 깨우는 오직 하나의 타악그룹,https://www.artsro.com/right/enter_view.html?GoIdx=1749&CatNo=41
1748,수묵대고(좋은친구들),가수,41,수묵대북 퍼포먼스,https://www.artsro.com/right/enter_view.html?GoIdx=1748&CatNo=41
1730,드럼캣,가수,41,여성의 섬세함에 남성적인 파워풀한 타악연주,https://www.artsro.com/right/enter_view.html?GoIdx=1730&CatNo=41
1436,여성타악그룹 난타동해,가수,41,전통과 퓨전을 접목한 타악 퍼포먼스,https://www.artsro.com/right/enter_view.html?GoIdx=1436&CatNo=41
240,전통타악 아작,가수,41,Made in Beat! 두드림의 무한질주!,https://www.artsro.com/right/enter_view.html?GoIdx=240&CatNo=41
195,타악그룹 런,가수,41,Korea Champion - Drum RUN,https://www.artsro.com/right/enter_view.html?GoIdx=195&CatNo=41
193,여성 타악그룹 도도,가수,41,"국내 최고의 여성 타악그룹, 전통 타악의 새로운 비주얼화!!",https://www.artsro.com/right/enter_view.html?GoIdx=193&CatNo=41
88,제이스틱,가수,41,가슴 시원한 두드림과 화려한 퍼포먼스. 여성타악퍼포먼스 그룹,https://www.artsro.com/right/enter_view.html?GoIdx=88&CatNo=41
3847,디퍼(DEEPER),가수,42,EDM 브라스 퍼포먼스,https://www.artsro.com/right/enter_view.html?GoIdx=3847&CatNo=42
3846,더핸즈클랩,가수,42,에너지 넘치는 브라스공연으로 기존공연과는 차원이다른 공연을 보여드릴게요!,https://www.artsro.com/right/enter_view.html?GoIdx=3846&CatNo=42
3695,색소폰 최광철,가수,42,,https://www.artsro.com/right/enter_view.html?GoIdx=3695&CatNo=42
3546,색소폰 강기만,가수,42,"2024 틱톡 앰버서더, 색소포니스트 '강기만'",https://www.artsro.com/right/enter_view.html?GoIdx=3546&CatNo=42
3403,블랭크 색소폰 앙상블,가수,42,대중들에게 바쁜일상 속 여유와 힐링을 제공하는 블랭크 색소폰 앙상블만의 하모니,https://www.artsro.com/right/enter_view.html?GoIdx=3403&CatNo=42
2283,색소폰 길현주,가수,42,길현주의 색소폰 플레이!,https://www.artsro.com/right/enter_view.html?GoIdx=2283&CatNo=42
2250,신유식,가수,42,한국의 Kenny-G 신유식,https://www.artsro.com/right/enter_view.html?GoIdx=2250&CatNo=42
1765,브라스비상,가수,42,높이 날아오를 준비가 된 금관 5중주,https://www.artsro.com/right/enter_view.html?GoIdx=1765&CatNo=42
1742,조이브라스밴드,가수,42,듣는 즐거움+보는 즐거움+함께하는 즐거움=JoyBand,https://www.artsro.com/right/enter_view.html?GoIdx=1742&CatNo=42
1720,보이즈플러스,가수,42,무대에 오르면 흥부자가 된다.,https://www.artsro.com/right/enter_view.html?GoIdx=1720&CatNo=42
1719,메이킹보이즈,가수,42,나팔소리에 즐거움을 더하다,https://www.artsro.com/right/enter_view.html?GoIdx=1719&CatNo=42
260,브라스통,가수,42,국내 최초 Brass + K-Pop 퍼포먼스!,https://www.artsro.com/right/enter_view.html?GoIdx=260&CatNo=42
126,미스터 브라스,가수,42,고급스럽고 화려한 브라스 퍼포먼스,https://www.artsro.com/right/enter_view.html?GoIdx=126&CatNo=42
4709,활력청소부,가수,43,실시간 이동형 사운드 퍼포먼스,https://www.artsro.com/right/enter_view.html?GoIdx=4709&CatNo=43
4704,류엘,가수,43,마술계의 명품 브랜드 마술사 류엘,https://www.artsro.com/right/enter_view.html?GoIdx=4704&CatNo=43
4512,박정훈 LineMagic_Ent,가수,43,"화려한 스킬 퍼포먼스, 그 이상 감동적인 공연",https://www.artsro.com/right/enter_view.html?GoIdx=4512&CatNo=43
4494,에릭 치엔(Eric Chien),가수,43,"클로즈업 분야 동양인 최초 세계 마술 챔피언 타이틀 획득, 동 세대 가장 뛰어난 마술사 중 한 명",https://www.artsro.com/right/enter_view.html?GoIdx=4494&CatNo=43
4490,홍종혁 마술사,가수,43,관객과 소통하며 즐기는 맞춤형 마술 공연,https://www.artsro.com/right/enter_view.html?GoIdx=4490&CatNo=43
4069,마술사 문시호,가수,43,대한민국 국회 초청 및 전국다수 마술대회 수상이력 등 다양한 경험으로 모든 분들께 최고의 무대로 보답하겠습니다,https://www.artsro.com/right/enter_view.html?GoIdx=4069&CatNo=43
4065,김광훈,가수,43,마술잡화점으로 초대합니다!,https://www.artsro.com/right/enter_view.html?GoIdx=4065&CatNo=43
4064,이동영,가수,43,그림을 그리듯 마술을 그려드립니다,https://www.artsro.com/right/enter_view.html?GoIdx=4064&CatNo=43
4004,정병수,가수,43,상상을 현실로 만들어 드립니다!,https://www.artsro.com/right/enter_view.html?GoIdx=4004&CatNo=43
4003,최이안,가수,43,국가대표 마술사,https://www.artsro.com/right/enter_view.html?GoIdx=4003&CatNo=43
3985,연문형,가수,43,그림과 마술이 만나 더욱 특별한 마술 공연!,https://www.artsro.com/right/enter_view.html?GoIdx=3985&CatNo=43
3832,홀리,가수,43,마술로 관객을 모두 홀리겠다!,https://www.artsro.com/right/enter_view.html?GoIdx=3832&CatNo=43
3830,전진영,가수,43,밝고 신나는 연출이 특징인 마술사!,https://www.artsro.com/right/enter_view.html?GoIdx=3830&CatNo=43
3828,정해영,가수,43,창의적인 연출이 무대 특징인 마술사!,https://www.artsro.com/right/enter_view.html?GoIdx=3828&CatNo=43
3827,문준호의 슈퍼매직쇼,가수,43,다양한 빅 스케일 일루션 매직쇼가 펼쳐내는 숨막히는 신비함!,https://www.artsro.com/right/enter_view.html?GoIdx=3827&CatNo=43
3820,양선용 마술사X뉴트벨리크루,가수,43,벨리댄스와 마술이라는 화려한 콜라보!,https://www.artsro.com/right/enter_view.html?GoIdx=3820&CatNo=43
3819,양선용,가수,43,국내 유일 뮤지컬 라이브 마술을 진행하는 마술사!,https://www.artsro.com/right/enter_view.html?GoIdx=3819&CatNo=43
3798,DK (디케이),가수,43,프로 마술사 은퇴 후 6년 차 직장인이 된  전 세계 CD 마술 1인자,https://www.artsro.com/right/enter_view.html?GoIdx=3798&CatNo=43
3795,에덴,가수,43,국내 마술 쇼츠 1위!  틱톡 팔로워 120만을 보유한 MZ 마술사,https://www.artsro.com/right/enter_view.html?GoIdx=3795&CatNo=43
3794,박준우,가수,43,대한민국에서 가장 핫한  20대 매지션,https://www.artsro.com/right/enter_view.html?GoIdx=3794&CatNo=43
3793,유호진,가수,43,2024 더 매직스타 우승자!,https://www.artsro.com/right/enter_view.html?GoIdx=3793&CatNo=43
3792,달시오크,가수,43,영국 최대 오디션  결승 진출한 최초의 마술사!,https://www.artsro.com/right/enter_view.html?GoIdx=3792&CatNo=43
3784,김도현,가수,43,비주얼 퍼포먼스를 선보이는 마술사!,https://www.artsro.com/right/enter_view.html?GoIdx=3784&CatNo=43
3783,김동혁,가수,43,화려한 무대 연출이 돋보이는 마술사!,https://www.artsro.com/right/enter_view.html?GoIdx=3783&CatNo=43
3782,한유상,가수,43,스타성을 갖춘 마술사!,https://www.artsro.com/right/enter_view.html?GoIdx=3782&CatNo=43
3769,PIN엔터테인먼트,가수,43,특별한 순간을 창조하는 PIN엔터테인먼트,https://www.artsro.com/right/enter_view.html?GoIdx=3769&CatNo=43
3746,하재용 마술사,가수,43,"마술, 예능, 연기까지! 한국에서 가장 트렌디한 연예인 마술사!",https://www.artsro.com/right/enter_view.html?GoIdx=3746&CatNo=43
3732,김현준,가수,43,2023년 세계 마술 대회 1위!,https://www.artsro.com/right/enter_view.html?GoIdx=3732&CatNo=43
3717,유원석,가수,43,위트있고 비주얼이 뛰어난 마술사,https://www.artsro.com/right/enter_view.html?GoIdx=3717&CatNo=43
3667,이진섭,가수,43,풍선을 가장 사랑하는 벌룬 아티스트!,https://www.artsro.com/right/enter_view.html?GoIdx=3667&CatNo=43
3665,김선우,가수,43,에너지 넘치는 퍼포먼스!,https://www.artsro.com/right/enter_view.html?GoIdx=3665&CatNo=43
3663,김륜형,가수,43,화려하고 빠른 손기술의 CD 마술사 김륜형!,https://www.artsro.com/right/enter_view.html?GoIdx=3663&CatNo=43
3660,윤지원,가수,43,성남 전국 마술 대회 챔피언!,https://www.artsro.com/right/enter_view.html?GoIdx=3660&CatNo=43
3647,지혜준,가수,43,FISM 한국 국가대표 마술사!,https://www.artsro.com/right/enter_view.html?GoIdx=3647&CatNo=43
3646,여승환,가수,43,비둘기 마술 전문 여승환!,https://www.artsro.com/right/enter_view.html?GoIdx=3646&CatNo=43
3624,영민,가수,43,모래 마술로 유명한 마술사 김영민!,https://www.artsro.com/right/enter_view.html?GoIdx=3624&CatNo=43
3623,임홍진,가수,43,국내 유일 매직바의 운영자이자 마술사!,https://www.artsro.com/right/enter_view.html?GoIdx=3623&CatNo=43
3614,하트퀸,가수,43,"전통마술,한국무용,퍼포먼스,스토리가 함께하는 이색 공연입니다.",https://www.artsro.com/right/enter_view.html?GoIdx=3614&CatNo=43
3591,리온,가수,43,어린이 공연 전문 마술사,https://www.artsro.com/right/enter_view.html?GoIdx=3591&CatNo=43
3584,마술사 황갑주,가수,43,ANIMAK & MAGIC SHOW,https://www.artsro.com/right/enter_view.html?GoIdx=3584&CatNo=43
3573,마술사 한만호,가수,43,상상을 현실로 바꾸는 패션 마술사 '한만호',https://www.artsro.com/right/enter_view.html?GoIdx=3573&CatNo=43
3572,마술사 아리엘,가수,43,마술경력 14년 매지션 아리엘!,https://www.artsro.com/right/enter_view.html?GoIdx=3572&CatNo=43
3549,주호영 마술사,가수,43,"아시아 유일 멘탈리스트, 전문 프로마술사 주호영",https://www.artsro.com/right/enter_view.html?GoIdx=3549&CatNo=43
3539,매직팰리스 허성효,가수,43,지금 이 순간을 빛나게 하는 마술,https://www.artsro.com/right/enter_view.html?GoIdx=3539&CatNo=43
3475,연우리,가수,43,대한민국 여성 마술사,https://www.artsro.com/right/enter_view.html?GoIdx=3475&CatNo=43
3320,마술사 김광중,가수,43,대한민국 마술 버스커 1호!,https://www.artsro.com/right/enter_view.html?GoIdx=3320&CatNo=43
3284,마술사K,가수,43,"화려하고, 빠르고, 재미있고, 규모가 큰, 관객과 함께하는 공연을 추구합니다",https://www.artsro.com/right/enter_view.html?GoIdx=3284&CatNo=43
3194,신성호,가수,43,화려한 퍼포먼스 위주의 마술공연입니다.,https://www.artsro.com/right/enter_view.html?GoIdx=3194&CatNo=43
2889,미니(mini),가수,43,여성의 섬세하고 아름다움을 마술로 표현하는 마술사,https://www.artsro.com/right/enter_view.html?GoIdx=2889&CatNo=43
2632,농부마술사,가수,43,"농산물,농기구로 마술을 펼치는 국내 유일무이의 독창적인 마술사'",https://www.artsro.com/right/enter_view.html?GoIdx=2632&CatNo=43
2626,얼라이브쇼(굿아트컴퍼니),가수,43,"드로잉&매직,퍼포먼스 쇼 미술 같은 마술, 마술 같은 미술",https://www.artsro.com/right/enter_view.html?GoIdx=2626&CatNo=43
2544,마술사 전범석,가수,43,신기하고 재미나는 마술들로 난리쳐 보겠습니다!,https://www.artsro.com/right/enter_view.html?GoIdx=2544&CatNo=43
2369,안영진,가수,43,모든장르를 완벽하게 소화하는 마스터 매지션,https://www.artsro.com/right/enter_view.html?GoIdx=2369&CatNo=43
2340,이훈,가수,43,한국 전통 마술사 !! 이훈!!,https://www.artsro.com/right/enter_view.html?GoIdx=2340&CatNo=43
2313,일루전 매직쇼,가수,43,"일반적인 마술공연에서 하는 작은 스케일이 아닌 마술로 미녀가 나타나고, 미녀와 순간이동 하는 등 매직콘서트에서 볼법한 초대형 마술로써 일반적인 마술보다 더욱 큰 스케일을 자랑합니다.",https://www.artsro.com/right/enter_view.html?GoIdx=2313&CatNo=43
2311,메가 매직쇼,가수,43,"일반적인 마술공연에서 하는 작은 스케일이 아닌 우산마술, 어린이 공중부양 시키기, 라디오가 통째로 사라지는 마술, 비둘기 마술 등 커다란 도구 및 동물들로 마술을 선보이기 때문에 매우 화려하며 일반적인 마술보다 더욱 큰 스케일을 자랑합니다.",https://www.artsro.com/right/enter_view.html?GoIdx=2311&CatNo=43
2303,매직버블아티스트 박수민,가수,43,마술쇼 뿐만 아니라 버블쇼까지 섭렵한 경력 16년차 베테랑 희대의 타고난 공연꾼 매직아티스트 'PARK SUMIN',https://www.artsro.com/right/enter_view.html?GoIdx=2303&CatNo=43
2187,일루셔니스트 문준호,가수,43,"여러 방송을 통해 검증된, 입체적 퍼포먼스 마술사",https://www.artsro.com/right/enter_view.html?GoIdx=2187&CatNo=43
2132,마술사 곽태원,가수,43,다양한 볼거리가 가득한 마술쇼,https://www.artsro.com/right/enter_view.html?GoIdx=2132&CatNo=43
1879,마술사 함현진,가수,43,따뜻한 마술사,https://www.artsro.com/right/enter_view.html?GoIdx=1879&CatNo=43
1869,마술사 오은영,가수,43,날마다 마술 같은 멋진 하루를 만들어 드립니다~,https://www.artsro.com/right/enter_view.html?GoIdx=1869&CatNo=43
1861,마술사 이주환,가수,43,진심으로 전하는 마술,https://www.artsro.com/right/enter_view.html?GoIdx=1861&CatNo=43
1849,김우석의 궁(변검),가수,43,국내 유일의 변검 전수자,https://www.artsro.com/right/enter_view.html?GoIdx=1849&CatNo=43
1747,환희:꿈 같은 장난,가수,43,한국의 정과 한을 담은 마술공연,https://www.artsro.com/right/enter_view.html?GoIdx=1747&CatNo=43
1743,마술극단 다채,가수,43,다채로운 상상력을 현실로! 조선마술패 공연,https://www.artsro.com/right/enter_view.html?GoIdx=1743&CatNo=43
1669,황갑주 리얼 애니멀 매직쇼,가수,43,가족들과 아이들에게 생명의 존중 & 함께하는 즐거움을 남깁니다.,https://www.artsro.com/right/enter_view.html?GoIdx=1669&CatNo=43
1390,김해성,가수,43,다양한 마술을 하는 매지션,https://www.artsro.com/right/enter_view.html?GoIdx=1390&CatNo=43
1148,멘탈리스트 이진규,가수,43,국내 최초의 그리고 최고의 멘탈리스트!,https://www.artsro.com/right/enter_view.html?GoIdx=1148&CatNo=43
1147,마술사 이진규,가수,43,20년 경력의 프로 마술사 이진규의 일루전 매직퍼포먼스,https://www.artsro.com/right/enter_view.html?GoIdx=1147&CatNo=43
1045,리치매직,가수,43,우연한 만남을 소중한 추억으로 만들어 드리는 리치매직입니다.,https://www.artsro.com/right/enter_view.html?GoIdx=1045&CatNo=43
993,포시즌매직,가수,43,다양한 퍼포먼스가 가능한 전문공연단체입니다.,https://www.artsro.com/right/enter_view.html?GoIdx=993&CatNo=43
923,김학영마술사,가수,43,다양하고 화려한 마술퍼포먼스 공연,https://www.artsro.com/right/enter_view.html?GoIdx=923&CatNo=43
919,신의 야바위,가수,43,대한민국 최고의 도박쇼!!,https://www.artsro.com/right/enter_view.html?GoIdx=919&CatNo=43
916,얼씨구 환술 놀음,가수,43,옴니버스 형식의 이야기가 있는 우리나라 전통 마술 공연!,https://www.artsro.com/right/enter_view.html?GoIdx=916&CatNo=43
569,오리지널 중국 변검,가수,43,중국 천극 변검 한국인 전수자 구본진!,https://www.artsro.com/right/enter_view.html?GoIdx=569&CatNo=43
301,김만중,가수,43,국내 최고의 매직 쇼 스타일리스트!,https://www.artsro.com/right/enter_view.html?GoIdx=301&CatNo=43
187,조선마술사,가수,43,우리나라의 전통과 이야기가 만나 펼쳐지는 스토리텔링 퍼포먼스,https://www.artsro.com/right/enter_view.html?GoIdx=187&CatNo=43
183,나무,가수,43,"동물, 마술, 쉐도우, 레이져, led, 벌룬, 버블 퍼포먼스",https://www.artsro.com/right/enter_view.html?GoIdx=183&CatNo=43
178,레오,가수,43,레오의 어메이징 매직쇼,https://www.artsro.com/right/enter_view.html?GoIdx=178&CatNo=43
44,익스트림 벌룬쇼 해피준,가수,44,풍선 안에 사람이 들어가는 열정적인 자이언트벌룬쇼,https://www.artsro.com/right/enter_view.html?GoIdx=44&CatNo=44
4764,극단 작은아이,가수,44,관객이 주인공이 되는 참여형 공연,https://www.artsro.com/right/enter_view.html?GoIdx=4764&CatNo=44
4684,삑삑이,가수,44,웃음을 전하는 행복한 거리의 광대 삑삑이,https://www.artsro.com/right/enter_view.html?GoIdx=4684&CatNo=44
4508,줄로하는 공연 일장일딴 컴퍼니,가수,44,어디서도 보지 못했던 본격 실뜨기 공연,https://www.artsro.com/right/enter_view.html?GoIdx=4508&CatNo=44
4443,버블살롱 ( 극단 즐겨찾기 ),가수,44,"비눗방울과 음악, 저글링, 코미디가 어우러진 버블 뮤지컬",https://www.artsro.com/right/enter_view.html?GoIdx=4443&CatNo=44
4347,꿈을 파는 가게,가수,44,"잠든 풍선이 꿈을 꾸고, 그 꿈이 현실이 되는 이야기",https://www.artsro.com/right/enter_view.html?GoIdx=4347&CatNo=44
4056,로이의 버블쇼,가수,44,"남다른 비주얼, 12년 경력, 탁월한 퍼포먼스!",https://www.artsro.com/right/enter_view.html?GoIdx=4056&CatNo=44
4030,버블제이,가수,44,아이들도 볼 수 있는 성인을 위한 서커스매직버블쇼,https://www.artsro.com/right/enter_view.html?GoIdx=4030&CatNo=44
3868,나타리의 버블쇼,가수,44,상상 그 이상의 아름다움을 보여주는 뮤직 버블쇼!,https://www.artsro.com/right/enter_view.html?GoIdx=3868&CatNo=44
3436,광대엽,가수,44,벌룬퍼포먼스,https://www.artsro.com/right/enter_view.html?GoIdx=3436&CatNo=44
3260,매직저글링,가수,44,스펙타클한 저글링 공연과 신기한 마술공연의 콜라보레이션,https://www.artsro.com/right/enter_view.html?GoIdx=3260&CatNo=44
3249,LASHOW,가수,44,경력 10년과 다수 방송 경력을 가진 대한민국 코미디 저글링 버스킹의 절대강자,https://www.artsro.com/right/enter_view.html?GoIdx=3249&CatNo=44
2941,계면활성제 아저씨 (팀클라운),가수,44,행복을 배달하는 광대,https://www.artsro.com/right/enter_view.html?GoIdx=2941&CatNo=44
2667,방울이의 낮잠여행,가수,44,꿈지기가 선물하는 낮잠여행,https://www.artsro.com/right/enter_view.html?GoIdx=2667&CatNo=44
2666,펀앤버블 (FUN & BUBBLE),가수,44,행복한 마법의 세계,https://www.artsro.com/right/enter_view.html?GoIdx=2666&CatNo=44
2439,블랙클라운,가수,44,착한 광대는 가라! 까칠한 광대의 유쾌한 마임공연!,https://www.artsro.com/right/enter_view.html?GoIdx=2439&CatNo=44
2360,순간들,가수,44,행복을 다양한 감정으로 표현하다,https://www.artsro.com/right/enter_view.html?GoIdx=2360&CatNo=44
2324,극단 마음같이,가수,44,"공연 피에로의 외출. 마임, 마술, 저글링이 들어간 관객 참여형 놀이 공연",https://www.artsro.com/right/enter_view.html?GoIdx=2324&CatNo=44
2312,방울방울 버블 매직쇼,가수,44,아이들이 좋아하는 마술쇼와 비눗방울쇼를 한번에 보여주는 공연,https://www.artsro.com/right/enter_view.html?GoIdx=2312&CatNo=44
2191,벌룬 데코,가수,44,깡샘의 코믹익살 벌룬쇼,https://www.artsro.com/right/enter_view.html?GoIdx=2191&CatNo=44
2034,버스킹라빈스,가수,44,비눗방울 공연의 새로운 매력! 버블 아이스크림 퍼포먼스!,https://www.artsro.com/right/enter_view.html?GoIdx=2034&CatNo=44
2009,해피버블리,가수,44,"극단 여기, 우리의 Happy Bubbly",https://www.artsro.com/right/enter_view.html?GoIdx=2009&CatNo=44
1884,삐에로빈,가수,44,관객과 함께 만들어가는 국내 최초 삐에로 퍼포먼스 아티스트,https://www.artsro.com/right/enter_view.html?GoIdx=1884&CatNo=44
1881,마트쇼,가수,44,남녀노소 누구나 좋아하는 코믹 마임 퍼포먼스 마트!!,https://www.artsro.com/right/enter_view.html?GoIdx=1881&CatNo=44
1770,마린보이,가수,44,대한민국 대표 '광대 마린보이',https://www.artsro.com/right/enter_view.html?GoIdx=1770&CatNo=44
1734,재주를 파는 보부상,가수,44,재주꾼과 구경꾼의 경계를 허문 마당극 형식의 저글링공연,https://www.artsro.com/right/enter_view.html?GoIdx=1734&CatNo=44
1530,버블에스(Bubble S),가수,44,세계최초 컬러버블아티스트,https://www.artsro.com/right/enter_view.html?GoIdx=1530&CatNo=44
915,다미르의 선물,가수,44,다미르가 서있는 이곳이 곧 무대가 된다!,https://www.artsro.com/right/enter_view.html?GoIdx=915&CatNo=44
571,라웅,가수,44,사소한 장난감으로 만드는 특별한 경험!,https://www.artsro.com/right/enter_view.html?GoIdx=571&CatNo=44
536,관객 참여형 코믹 마임쇼 (우카탕카),가수,44,국내최초 관객참여형 코미디 마임극,https://www.artsro.com/right/enter_view.html?GoIdx=536&CatNo=44
354,석고마임(이상무공연세상),가수,44,살아있는 인간석고상 - 석고마임 공연을 소개합니다.,https://www.artsro.com/right/enter_view.html?GoIdx=354&CatNo=44
353,한국전통민속마임 (이상무공연세상),가수,44,한국전통 황금. 청동마임 / 한국민속 황토마임을 소개합니다.,https://www.artsro.com/right/enter_view.html?GoIdx=353&CatNo=44
351,이태리 베네치아 카니발 (이상무공연세상),가수,44,대한민국에서도 베네치아 가면 공연을 볼수 있습니다.,https://www.artsro.com/right/enter_view.html?GoIdx=351&CatNo=44
55,바가앤본드 ( 극단 즐겨찾기 ),가수,44,단발머리 웃음폭탄 듀오,https://www.artsro.com/right/enter_view.html?GoIdx=55&CatNo=44
2638,메타버스 VR 드로잉 퍼포먼스 (염동균),가수,46,새로운 공간에서의 새로운 아트,https://www.artsro.com/right/enter_view.html?GoIdx=2638&CatNo=46
2364,김진규의 오리지널 드로잉쇼,가수,46,세계최초의 드로잉 퍼포먼스! 그림과 무대의 만남! 그림이 펼쳐지는 꿈의 무대 !,https://www.artsro.com/right/enter_view.html?GoIdx=2364&CatNo=46
1900,샌드아티스트 모그,가수,46,아무도 가보지 못한 샌드아트의 영역을 개척하는 연구가!!,https://www.artsro.com/right/enter_view.html?GoIdx=1900&CatNo=46
1838,샌드아티스트 송수연,가수,46,모래로 이야기를 전달하는 On the sand,https://www.artsro.com/right/enter_view.html?GoIdx=1838&CatNo=46
1745,크레용용,가수,46,"드로잉매직쇼, 명화 그리는 크레용용!!",https://www.artsro.com/right/enter_view.html?GoIdx=1745&CatNo=46
1437,샌드아트 임혁필,가수,46,샌드아트 화가로 변신한 세바스찬,https://www.artsro.com/right/enter_view.html?GoIdx=1437&CatNo=46
898,양라경 (샌드아티스트),가수,46,샌드애니메이션 라이브 공연,https://www.artsro.com/right/enter_view.html?GoIdx=898&CatNo=46
184,샌디스트 윤혜진,가수,46,샌드애니메이션 라이브 공연 및 영상,https://www.artsro.com/right/enter_view.html?GoIdx=184&CatNo=46
4041,희예(HEEYE),가수,47,전통과 현대를 넘나드는 검 무예 예술 퍼포먼스.,https://www.artsro.com/right/enter_view.html?GoIdx=4041&CatNo=47
4040,싸울아비,가수,47,"한국 전통 무예인 태권도를 컨텐츠화하여, 전 세계에 태권도를 널리 전파하는 태권도 퍼포먼스 팀!",https://www.artsro.com/right/enter_view.html?GoIdx=4040&CatNo=47
1907,와이킥(Y-Kick),가수,47,가장 한국적인 문화콘텐츠로 세계와 소통하다,https://www.artsro.com/right/enter_view.html?GoIdx=1907&CatNo=47
1828,무예공연예술단 지무단,가수,47,무예 검무라는 장르로써 대중과 소통하는 종합예술단체,https://www.artsro.com/right/enter_view.html?GoIdx=1828&CatNo=47
1802,발광무,가수,47,숨쉬는 음악을 하는 발광!!,https://www.artsro.com/right/enter_view.html?GoIdx=1802&CatNo=47
1440,케이타이거즈(K 타이거즈),가수,47,대한민국 대표 태권도 시범단,https://www.artsro.com/right/enter_view.html?GoIdx=1440&CatNo=47
1074,길가온 - 창공을 날다,가수,47,국악 & 무예 & 비보이의 화려한 만남!!,https://www.artsro.com/right/enter_view.html?GoIdx=1074&CatNo=47
930,놀자NOLJA,가수,47,익스트림 태권도 퍼포먼스,https://www.artsro.com/right/enter_view.html?GoIdx=930&CatNo=47
859,전통무예 공연 체험프로그램,가수,47,해설이 함께하는 UNESCO 다함께 택견 한마당!,https://www.artsro.com/right/enter_view.html?GoIdx=859&CatNo=47
858,탈놀이,가수,47,풍자와 해학이 있는 탈 퍼포먼스!,https://www.artsro.com/right/enter_view.html?GoIdx=858&CatNo=47
4743,광화문 그 사내 (디스이즈잇),가수,48,국악과 한국무용을 녹여낸 애니메이션 레이저 퍼포먼스(융복합 퍼포먼스) !,https://www.artsro.com/right/enter_view.html?GoIdx=4743&CatNo=48
4612,LED 퍼포먼스 (느낌커뮤니케이션),가수,48,빛으로 선보이는 최고의 공연,https://www.artsro.com/right/enter_view.html?GoIdx=4612&CatNo=48
2432,LED 트론댄스 - KOREA STYLE,가수,48,"꿈을 위해 도전하는 10대들의 열정, 그 스토리를 그린 융복합 퍼포먼스! 재밌고 다양한 구성으로 어린이는 물론, 어른까지 즐기는 공연!",https://www.artsro.com/right/enter_view.html?GoIdx=2432&CatNo=48
2431,LED 마이클잭슨 트론댄스,가수,48,"꿈을 위해 도전하는 10대들의 열정, 그 스토리를 그린 융복합 퍼포먼스! 재밌고 다양한 구성으로 어린이는 물론, 어른까지 즐기는 공연!",https://www.artsro.com/right/enter_view.html?GoIdx=2431&CatNo=48
2430,3D 애니메이션 레이져 + 미러맨 퍼포먼스,가수,48,"꿈을 위해 도전하는 10대들의 열정, 그 스토리를 그린 융복합 퍼포먼스! 재밌고 다양한 구성으로 어린이는 물론, 어른까지 즐기는 공연!",https://www.artsro.com/right/enter_view.html?GoIdx=2430&CatNo=48
945,화관무,가수,48,전통무용과 LED퍼포먼스의 만남! 화려한 의상과 IT기술의 조화!,https://www.artsro.com/right/enter_view.html?GoIdx=945&CatNo=48
316,에스플래바_LED트론댄스,가수,48,어벤져스를 현실 속에서 만날 수 있는 LED트론댄스,https://www.artsro.com/right/enter_view.html?GoIdx=316&CatNo=48
315,에스플래바_레이저쇼,가수,48,환상적인 테크닉의 레이저쇼,https://www.artsro.com/right/enter_view.html?GoIdx=315&CatNo=48
206,레이저 퍼포먼스 대북 (타악그룹 런),가수,48,대한민국 최고의 레이저 대북팀입니다!,https://www.artsro.com/right/enter_view.html?GoIdx=206&CatNo=48
4296,문인화가 박철우,가수,49,퍼포먼스로 문인화를 알리는 문인화가,https://www.artsro.com/right/enter_view.html?GoIdx=4296&CatNo=49
4246,신은경,가수,49,글씨로 사람과 세상을 잇는 캘리그라피 아티스트,https://www.artsro.com/right/enter_view.html?GoIdx=4246&CatNo=49
4137,박소윤 캘리그라피스트,가수,49,사람의 마음을 담아내는 캘리그라피스트,https://www.artsro.com/right/enter_view.html?GoIdx=4137&CatNo=49
3987,담묵 캘리그라피,가수,49,담묵 최남길 캘리그라피,https://www.artsro.com/right/enter_view.html?GoIdx=3987&CatNo=49
3818,김효은 캘리그라퍼,가수,49,숨결같은 글씨로 감성 글꽃 피우는 아트 캘리그라퍼,https://www.artsro.com/right/enter_view.html?GoIdx=3818&CatNo=49
3616,강대연,가수,49,한글의 아름다움과 손글씨의 감성을 나눕니다,https://www.artsro.com/right/enter_view.html?GoIdx=3616&CatNo=49
3597,김나 캘리그라퍼,가수,49,캘리그라피 붓글씨 퍼포먼스,https://www.artsro.com/right/enter_view.html?GoIdx=3597&CatNo=49
3538,캘리데이지 작가,가수,49,캘리데이지 붓 글씨 퍼포먼스!,https://www.artsro.com/right/enter_view.html?GoIdx=3538&CatNo=49
3424,이화선 작가,가수,49,캘리그라피 퍼포먼스,https://www.artsro.com/right/enter_view.html?GoIdx=3424&CatNo=49
3408,김무진 캘리그라퍼,가수,49,김무진 작가의 캘리그라피 퍼포먼스,https://www.artsro.com/right/enter_view.html?GoIdx=3408&CatNo=49
3407,정윤희 캘리그라퍼,가수,49,붓과노니는 집 캘리그라퍼 정윤희,https://www.artsro.com/right/enter_view.html?GoIdx=3407&CatNo=49
3141,글씨당 김소영,가수,49,씀의 쓰임을 생각한다,https://www.artsro.com/right/enter_view.html?GoIdx=3141&CatNo=49
2563,최명범,가수,49,대한민국 최초 한글디자이너 최명범 강사님,https://www.artsro.com/right/enter_view.html?GoIdx=2563&CatNo=49
1943,이상현,가수,49,붓을 잡은 연기자,https://www.artsro.com/right/enter_view.html?GoIdx=1943&CatNo=49
1835,미디어 대북 빛의 축제 (생동감),가수,50,모든 장르와 퍼포먼스를 아우르는 국내 최고의 퍼포먼스 팀!!,https://www.artsro.com/right/enter_view.html?GoIdx=1835&CatNo=50
4711,묵현 (인풍류 INpungnyu),가수,50,2026 IN풍류의 NEW 융복합 퍼포먼스,https://www.artsro.com/right/enter_view.html?GoIdx=4711&CatNo=50
4650,무토 (MUTO),가수,50,"국악, EDM, 그리고 미디어 아트의 어우러짐",https://www.artsro.com/right/enter_view.html?GoIdx=4650&CatNo=50
4627,천고무,가수,50,LED 미디어 아트로 꾸민 '천고무',https://www.artsro.com/right/enter_view.html?GoIdx=4627&CatNo=50
4600,오방색X케데헌X케이팝,가수,50,쇼 디자인 그룹 생동감이 선보이는 K-POP 퍼포먼스,https://www.artsro.com/right/enter_view.html?GoIdx=4600&CatNo=50
4502,HOLOGRAM 홀로그램 퍼포먼스 (느낌커뮤니케이션),가수,50,실감 미디어 영상의 최종적인 기술 '홀로그램 퍼포먼스',https://www.artsro.com/right/enter_view.html?GoIdx=4502&CatNo=50
4501,MAPPING 맵핑 퍼포먼스 (느낌커뮤니케이션),가수,50,기존에 없었던 미디어 퍼포먼스 '맵핑 퍼포먼스',https://www.artsro.com/right/enter_view.html?GoIdx=4501&CatNo=50
4434,판타지아 (FATASIA),가수,50,한 무대에서 즐기는 K-퍼포먼스 콜라보레이션,https://www.artsro.com/right/enter_view.html?GoIdx=4434&CatNo=50
4433,타SHOW,가수,50,전통 장단 기반의 LED 퍼포먼스 융·복합 콘텐츠,https://www.artsro.com/right/enter_view.html?GoIdx=4433&CatNo=50
4432,미디어 대북 갤럭시 (GALAXY),가수,50,전통 대북에 미디어아트를 결합한 하이브리드 퍼포먼스 콘텐츠,https://www.artsro.com/right/enter_view.html?GoIdx=4432&CatNo=50
4431,더 휴먼(THE HUMAN),가수,50,LED 마스크와 미디어 아트가 창조하는 미래형 퍼포먼스,https://www.artsro.com/right/enter_view.html?GoIdx=4431&CatNo=50
4312,미디어대북아트쇼 (울림),가수,50,강렬하고 웅장한 분위기를 자아내는 미디어대북 아트쇼,https://www.artsro.com/right/enter_view.html?GoIdx=4312&CatNo=50
4148,케이퍼 (K-PER),가수,50,한국 문화·예술 전문 공연기획사 K-PER,https://www.artsro.com/right/enter_view.html?GoIdx=4148&CatNo=50
3902,한빛,가수,50,"국내 최초, 홀로그램 오브제를 활용한 차세대 퍼포먼스",https://www.artsro.com/right/enter_view.html?GoIdx=3902&CatNo=50
3460,잇쇼 IT SHOW (느낌커뮤니케이션),가수,50,온 가족이 즐길 수 있는 공연 '잇쇼',https://www.artsro.com/right/enter_view.html?GoIdx=3460&CatNo=50
3319,미디어대북 청명,가수,50,대한민국 최고의 타악퍼포먼스 그룹!,https://www.artsro.com/right/enter_view.html?GoIdx=3319&CatNo=50
3058,큐브 퍼포먼스(CUBE PERFORMENCE),가수,50,"큐브를 활용한  3D Media Mapping과 댄스 퍼포먼스(현대무용, 걸스힙합, 왁킹, 비보잉)의 콜라보레이션!",https://www.artsro.com/right/enter_view.html?GoIdx=3058&CatNo=50
2341,느낌커뮤니케이션,가수,50,미디어아트를 기반으로 하고 있는 공연예술단체 느낌커뮤니케이션,https://www.artsro.com/right/enter_view.html?GoIdx=2341&CatNo=50
1931,옵티컬퍼포먼스팀,가수,50,LED퍼포먼스 공연에 개념을 바꾸다,https://www.artsro.com/right/enter_view.html?GoIdx=1931&CatNo=50
1818,미디어 대북 동살 (인풍류 INpungnyu),가수,50,모든 장르와 퍼포먼스를 아우르는 국내 최고의 퍼포먼스 팀!!,https://www.artsro.com/right/enter_view.html?GoIdx=1818&CatNo=50
1776,3D아트 미디어대북(크리아트컴퍼니),가수,50,4D 실감미디어 영상으로 입체적인 미디어 대북 연출,https://www.artsro.com/right/enter_view.html?GoIdx=1776&CatNo=50
1775,드림 라이트(크리아트컴퍼니),가수,50,"최첨단 기술의 LED, 미디어 인터렉티브와 함께 화려한 퍼포먼스 표현",https://www.artsro.com/right/enter_view.html?GoIdx=1775&CatNo=50
951,생동감 미디어 퍼포먼스,가수,50,대한민국 최고의 미디어 퍼포먼스!,https://www.artsro.com/right/enter_view.html?GoIdx=951&CatNo=50
950,오방색(5 COLORS OF KOREA),가수,50,오방색을 다양한 한국 전통 컨셉과 ‘빛’으로 표현한 작품이다.,https://www.artsro.com/right/enter_view.html?GoIdx=950&CatNo=50
948,마이클 잭슨(MICHAEL JACKSON),가수,50,팝의 황제 마이클 잭슨의 공연을 트론댄스만의 색다른 연출을 통해 다시금 만나본다.,https://www.artsro.com/right/enter_view.html?GoIdx=948&CatNo=50
946,빛의 향연,가수,50,전통무용과 LED퍼포먼스의 만남! 화려한 의상과 IT기술의 조화!,https://www.artsro.com/right/enter_view.html?GoIdx=946&CatNo=50
837,미디어 퍼포먼스 (익스프레션크루),가수,50,미디어퍼포먼스,https://www.artsro.com/right/enter_view.html?GoIdx=837&CatNo=50
49,미디어 대고(좋은친구들),가수,50,미디어 대북을 이용하여 시선을 사로잡는 media mapping의 콜라보레이션!!,https://www.artsro.com/right/enter_view.html?GoIdx=49&CatNo=50
3645,로봇 퍼포먼스,가수,51,로보트 퍼포먼스!,https://www.artsro.com/right/enter_view.html?GoIdx=3645&CatNo=51
1069,아리봇_콘서트,가수,51,색소폰  연주하는 로보트 콘서트,https://www.artsro.com/right/enter_view.html?GoIdx=1069&CatNo=51
1951,캐리커쳐클럽,가수,52,마음의 선물을 전할 때,https://www.artsro.com/right/enter_view.html?GoIdx=1951&CatNo=52
4588,쇼타임,가수,53,볼거리가 풍성하여 눈과 귀가 즐거울 뿐만 아니라 관객들과 함께 어울리고 소통하는 공연,https://www.artsro.com/right/enter_view.html?GoIdx=4588&CatNo=53
4251,극단 나루,가수,53,마리오네트 인형극은 극단 나루에게!,https://www.artsro.com/right/enter_view.html?GoIdx=4251&CatNo=53
4247,창작집단 싹,가수,53,고정관념을 싹 다 바꾸고 싶은 노오란 황금빛 싹 창작집단 싹입니다!,https://www.artsro.com/right/enter_view.html?GoIdx=4247&CatNo=53
4165,무중력인간,가수,53,세계 최고의 무중력 퍼포먼스 “허공에 사람이 떠 있다니?”,https://www.artsro.com/right/enter_view.html?GoIdx=4165&CatNo=53
4164,수중인간,가수,53,세계 유일의 야외 수중 퍼포먼스 “여기서 인어를 보다니?”,https://www.artsro.com/right/enter_view.html?GoIdx=4164&CatNo=53
4061,라이캣크루,가수,53,"공과 몸이 만들어내는 스포츠를 넘어선 예술, 프리스타일축구 공연!",https://www.artsro.com/right/enter_view.html?GoIdx=4061&CatNo=53
3453,사물놀이 VS B-boy (인풍류),가수,53,한국 고유의 민속놀이인 상모놀음과 전 세계적인 춤 장르 중 하나인 브레이크댄스가 만났다.,https://www.artsro.com/right/enter_view.html?GoIdx=3453&CatNo=53
3365,쇼갱,가수,53,14년 경력 명장의 소통형 퍼포먼스,https://www.artsro.com/right/enter_view.html?GoIdx=3365&CatNo=53
3297,싸운드써커스,가수,53,서로 다른 목소리를 하나로 섞다.,https://www.artsro.com/right/enter_view.html?GoIdx=3297&CatNo=53
3294,매직플레이,가수,53,그림자와 관련된 모든 컨텐츠 공연,https://www.artsro.com/right/enter_view.html?GoIdx=3294&CatNo=53
2620,안녕 씨앗씨,가수,53,4미터 높이의 대형 인형 씨앗씨와 관객들이 함께 만드는 야외 퍼포먼스,https://www.artsro.com/right/enter_view.html?GoIdx=2620&CatNo=53
2523,태권크리(TAEKWONCRE),가수,53,2500만 글로벌 팬덤을 가진 공연팀 태권크리(TAEWKWONCRE) / 2022 카타르 월드컵 한국관 대표 공연팀,https://www.artsro.com/right/enter_view.html?GoIdx=2523&CatNo=53
2438,"한국의 멋, ‘지화자’ 뮤지컬",가수,53,"꿈을 위해 도전하는 10대들의 열정, 그 스토리를 그린 융복합 퍼포먼스! 재밌고 다양한 구성으로 어린이는 물론, 어른까지 즐기는 공연!",https://www.artsro.com/right/enter_view.html?GoIdx=2438&CatNo=53
2437,디스이즈잇 뮤지컬,가수,53,"꿈을 위해 도전하는 10대들의 열정, 그 스토리를 그린 융복합 퍼포먼스! 재밌고 다양한 구성으로 어린이는 물론, 어른까지 즐기는 공연!",https://www.artsro.com/right/enter_view.html?GoIdx=2437&CatNo=53
1955,RZ HEROES,가수,53,마블 히어로들이 한국에??,https://www.artsro.com/right/enter_view.html?GoIdx=1955&CatNo=53
1788,프리스타일 축구 퍼포먼스,가수,53,"신개념 익스트림 스포츠, 아트사커 퍼포먼스!",https://www.artsro.com/right/enter_view.html?GoIdx=1788&CatNo=53
933,선녀와 나무꾼,가수,53,거리극으로 재해석된 선녀와 나무꾼,https://www.artsro.com/right/enter_view.html?GoIdx=933&CatNo=53
899,초보목수와 목각인형,가수,53,목각인형 공연을 준비한 초보목수의 재밌는 해프닝. 마술과 마임으로 따뜻한 웃음을 전달하는 광대입니다.,https://www.artsro.com/right/enter_view.html?GoIdx=899&CatNo=53
838,마리오네트 (익스프레션크루),가수,53,비보이 뮤지컬 퍼포먼스,https://www.artsro.com/right/enter_view.html?GoIdx=838&CatNo=53
506,팀 퍼니스트,가수,53,퍼니스트 코메디 서커스 쇼~~!,https://www.artsro.com/right/enter_view.html?GoIdx=506&CatNo=53
465,우카탕카,가수,53,2인조로 구성된 관객 참여형 코미디 마술 마임 퍼포먼스 팀,https://www.artsro.com/right/enter_view.html?GoIdx=465&CatNo=53
322,지팡이쇼,가수,53,마법 지팡이를 사수하는 넌버벌 퍼포먼스,https://www.artsro.com/right/enter_view.html?GoIdx=322&CatNo=53
321,샤이닝 판타지,가수,53,무대 위 미라클 어둠 속에서 발현되는 최고의 퍼포먼스,https://www.artsro.com/right/enter_view.html?GoIdx=321&CatNo=53
320,제비잡는 비보이,가수,53,퓨전 넌버벌 퍼포먼스,https://www.artsro.com/right/enter_view.html?GoIdx=320&CatNo=53
196,작전명탈출,가수,53,일상에서의 즐거운 탈출여행 작전명탈출!,https://www.artsro.com/right/enter_view.html?GoIdx=196&CatNo=53
99,서울사람,가수,53,관객과 하나가 되어 퍼포먼스를 만들어가는 관객 쌍방향 커뮤니케이션 퍼니 퍼포먼스이다.,https://www.artsro.com/right/enter_view.html?GoIdx=99&CatNo=53
93,마스터피스 ( 극단 즐겨찾기 ),가수,53,그림에서 나온 사람들,https://www.artsro.com/right/enter_view.html?GoIdx=93&CatNo=53
56,즐거운 나의 집 ( 극단 즐겨찾기 ),가수,53,우리들이 발 뻗고 쉴 집은 어디에,https://www.artsro.com/right/enter_view.html?GoIdx=56&CatNo=53
15,크로키키브라더스,가수,53,"가족, 친구, 연인 등 모두가 즐길 수 있는 드로잉코미디쇼!!",https://www.artsro.com/right/enter_view.html?GoIdx=15&CatNo=53
4739,디 캬바레,가수,54,"웃음과 기예가 빚어낸 찬란한 순간, 단 하나의 서커스 !",https://www.artsro.com/right/enter_view.html?GoIdx=4739&CatNo=54
4738,서커스 오브 락,가수,54,락스피릿 가득한 국내 최초 로큰롤 서커스 !,https://www.artsro.com/right/enter_view.html?GoIdx=4738&CatNo=54
4038,엉클키드,가수,54,아이부터 어른까지 누구나 함께 웃고 즐길 수 있는 저글링 서커스 공연!,https://www.artsro.com/right/enter_view.html?GoIdx=4038&CatNo=54
3541,브레이커스 아트 컴퍼니,가수,54,국내 유일! 비보이와 서커스의 만남!,https://www.artsro.com/right/enter_view.html?GoIdx=3541&CatNo=54
2363,원,가수,54,다섯 명의 서커스 공연자들이 펼치는 서커스 유토피아,https://www.artsro.com/right/enter_view.html?GoIdx=2363&CatNo=54
2361,서커스 클래식,가수,54,언어가 끝나는 곳에서 음악은 시작된다,https://www.artsro.com/right/enter_view.html?GoIdx=2361&CatNo=54
2358,벽앞에서서,가수,54,50여개의 벽돌 모양의 상자로 우리의 삶을 이야기 하는 저글링 공연,https://www.artsro.com/right/enter_view.html?GoIdx=2358&CatNo=54
2357,혼둘혼둘,가수,54,"혼자가 아닌 함께라면, 흔들림 속에서 안정을 되찾을 수 있을까?",https://www.artsro.com/right/enter_view.html?GoIdx=2357&CatNo=54
2356,코미디 서커스 멋,가수,54,코메디 서커스 퍼포먼스 멋,https://www.artsro.com/right/enter_view.html?GoIdx=2356&CatNo=54
2355,포스트맨,가수,54,서커스의 짜리삼과 마술의 신비함을 더한 퍼포머 김영주,https://www.artsro.com/right/enter_view.html?GoIdx=2355&CatNo=54
2138,박진종 폴댄스,가수,54,"노래하고 춤추는, 희귀종 폴맨",https://www.artsro.com/right/enter_view.html?GoIdx=2138&CatNo=54
1959,다이스케 스트리트 서커스,가수,54,일본에 이어 한국도 접수하러 왔다!!,https://www.artsro.com/right/enter_view.html?GoIdx=1959&CatNo=54
1929,중심(FORCE),가수,54,"만남, 관계, 계속해서 변화되는 중심",https://www.artsro.com/right/enter_view.html?GoIdx=1929&CatNo=54
1928,통제(FORCE),가수,54,서로 다른 두 인물의 줄다리기가 시작된다,https://www.artsro.com/right/enter_view.html?GoIdx=1928&CatNo=54
1925,자전(FORCE),가수,54,삶과 사회에 반영되는 자연의 원리에 대하여,https://www.artsro.com/right/enter_view.html?GoIdx=1925&CatNo=54
1924,빛춤(FORCE),가수,54,나를 비추다...,https://www.artsro.com/right/enter_view.html?GoIdx=1924&CatNo=54
1919,아슬(FORCE),가수,54,"아슬아슬 흔들리는 나, 너, 우리 현실과 이상 사이에서 아슬아슬하게 흔들리는 청년들의 이야기",https://www.artsro.com/right/enter_view.html?GoIdx=1919&CatNo=54
1918,수직(FORCE),가수,54,수직구조 속에서 중력을 거스르는 세남자의 이야기,https://www.artsro.com/right/enter_view.html?GoIdx=1918&CatNo=54
1797,폴로세움,가수,54,폴을 세우는 과정 속에서 일어나는 일련의 사건들을 광대의 몸짓으로 풀어낸다.,https://www.artsro.com/right/enter_view.html?GoIdx=1797&CatNo=54
1723,Khongorzul 하람,가수,54,저의 퍼포먼스는 극한의 유연성을 이용해 신체조절 능력과 아름다움을 보여주는 서커스 컨터션 퍼포먼스 입니다.,https://www.artsro.com/right/enter_view.html?GoIdx=1723&CatNo=54
814,231쇼 이석원,가수,54,매력적인 광대가 보여주는 행복한 넌버벌 공연!,https://www.artsro.com/right/enter_view.html?GoIdx=814&CatNo=54
812,날갯짓,가수,54,국내 최고의 디아볼로 공연자가 만들어가는 컨템포러리 서커스!,https://www.artsro.com/right/enter_view.html?GoIdx=812&CatNo=54
810,더해프닝쇼(My Dream),가수,54,"라스베가스가 초청한 세계적인 작품 / 저글링, 서커스, 마임등을 보여준다.",https://www.artsro.com/right/enter_view.html?GoIdx=810&CatNo=54
809,레인보우쇼,가수,54,광대의 사랑이 느껴지는 저글링 클라운(Juggling Clown) 공연!,https://www.artsro.com/right/enter_view.html?GoIdx=809&CatNo=54
807,서커스 게임즈,가수,54,재미와 감동이 있는 현대 서커스를 지향하는 팀!,https://www.artsro.com/right/enter_view.html?GoIdx=807&CatNo=54
804,외봉인생(The Road to Heaven),가수,54,"끊임없이 걷고, 오르고, 떨어지는 한 남자의 이야기, 하늘로 가는 길!",https://www.artsro.com/right/enter_view.html?GoIdx=804&CatNo=54
801,초인의 비상(동춘서커스),가수,54,추억의 동춘 서커스!,https://www.artsro.com/right/enter_view.html?GoIdx=801&CatNo=54
800,우주고래(공연창작집단 사람),가수,54,우주 속에서 홀로 허우적거리는 외로운 고래 한 마리,https://www.artsro.com/right/enter_view.html?GoIdx=800&CatNo=54
4788,매드라인마칭밴드,가수,55,매드라인 마칭밴드는 퍼레이드부터 개막식까지 분위기를 완성하는 브라스 퍼포먼스 팀입니다,https://www.artsro.com/right/enter_view.html?GoIdx=4788&CatNo=55
2621,페스타 - 이상한 나라의 엘리스,가수,55,"퍼레이드, 놀이, 전시, 체험을 즐겨요 ! 일상의 공간에 이상한 나라가 열린다.",https://www.artsro.com/right/enter_view.html?GoIdx=2621&CatNo=55
1976,라퍼커션,가수,55,라퍼커션은 브라질 타악 바투카타를 연주하는 국내 최대 규모의 블로코입니다.,https://www.artsro.com/right/enter_view.html?GoIdx=1976&CatNo=55
1766,마칭밴드 비상,가수,55,다이나믹함이 장점인 프로마칭팀,https://www.artsro.com/right/enter_view.html?GoIdx=1766&CatNo=55
1733,렛츠쇼,가수,55,세계유일의 쇼마칭 그룹 렛츠쇼,https://www.artsro.com/right/enter_view.html?GoIdx=1733&CatNo=55
1717,크라운 마칭밴드,가수,55,다양한 볼거리를 제공하는 마칭밴드,https://www.artsro.com/right/enter_view.html?GoIdx=1717&CatNo=55
380,지그재그,가수,55,"식상한 퍼레이드는 그만 지그재그의 유쾌,상쾌,통쾌한 퍼레이드쇼",https://www.artsro.com/right/enter_view.html?GoIdx=380&CatNo=55
4002,SD칵테일팀,가수,56,칵테일쇼 & 칵테일시음회 전문 공연 팀 입니다,https://www.artsro.com/right/enter_view.html?GoIdx=4002&CatNo=56
2006,리키바,가수,56,검증된 퍼포먼스 바텐더 Ricky,https://www.artsro.com/right/enter_view.html?GoIdx=2006&CatNo=56
2005,아더르,가수,56,대한민국 최고의 칵테일 쇼 팀이 떴다,https://www.artsro.com/right/enter_view.html?GoIdx=2005&CatNo=56
921,불의 정령,가수,57,불의정령 파이어 퍼포먼스,https://www.artsro.com/right/enter_view.html?GoIdx=921&CatNo=57
48,화고(좋은친구들),가수,57,대한민국 최고의 화고 퍼포먼스팀!!!,https://www.artsro.com/right/enter_view.html?GoIdx=48&CatNo=57
4816,KBS 관현악단,가수,58,1926년 경성방송국(JODK)을 모태로 시작된 KBS관현악단은 1948년 KBS 출범과 함께 정식 발족한 대한민국 대표 방송 오케스트,https://www.artsro.com/right/enter_view.html?GoIdx=4816&CatNo=58
4328,지음지기 브라스콰이어,가수,58,금관 앙상블 전문 연주 단체,https://www.artsro.com/right/enter_view.html?GoIdx=4328&CatNo=58
4317,프롬디스트링,가수,58,"장르에 유연하게 대응하며, 늘 새로운 형태의 음악 협업",https://www.artsro.com/right/enter_view.html?GoIdx=4317&CatNo=58
3417,아르츠심포니오케스트라,가수,58,스톰프뮤직 20주년 창립 기념 오케스트라,https://www.artsro.com/right/enter_view.html?GoIdx=3417&CatNo=58
3295,유니크 챔버 오케스트라,가수,58,업사이클 오케스트라,https://www.artsro.com/right/enter_view.html?GoIdx=3295&CatNo=58
2016,코리안재즈오케스트라,가수,58,최고의 재즈 오케스트라!!,https://www.artsro.com/right/enter_view.html?GoIdx=2016&CatNo=58
2012,뉴월드필하모닉오케스트라,가수,58,젊음과 열정의 오케스트라,https://www.artsro.com/right/enter_view.html?GoIdx=2012&CatNo=58
2000,프라임필하모닉오케스트라,가수,58,뉴욕타임즈로부터 찬사를 받은 뛰어난 오케스트라,https://www.artsro.com/right/enter_view.html?GoIdx=2000&CatNo=58
1714,디어 재즈 오케스트라,가수,58,국내 최초 현악 재즈 오케스트라!,https://www.artsro.com/right/enter_view.html?GoIdx=1714&CatNo=58
540,밀레니엄심포니오케스트라,가수,58,누구나 공감하고 함께 즐길 수 있는 행복한 클래식,https://www.artsro.com/right/enter_view.html?GoIdx=540&CatNo=58
460,뮤지컬팝스오케스트라,가수,58,오직 최고의 공연과 최고의 감동을 위해,https://www.artsro.com/right/enter_view.html?GoIdx=460&CatNo=58
458,W 필하모닉 오케스트라,가수,58,오케스트라의 대중화를 꿈꾸며 대중성과 음악성을 동시에 추구하는 차원 높은 연주세계,https://www.artsro.com/right/enter_view.html?GoIdx=458&CatNo=58
457,뉴서울필하모닉오케스트라,가수,58,예술의 중심에서 대중과 호흡하는 오케스트라,https://www.artsro.com/right/enter_view.html?GoIdx=457&CatNo=58
4358,하피스트 심소정,가수,59,하프를 대중 속으로!,https://www.artsro.com/right/enter_view.html?GoIdx=4358&CatNo=59
4084,조윤성,가수,59,"단단하면서도 유려한 터치, 자신감 넘치는 연주로 사랑 받는!",https://www.artsro.com/right/enter_view.html?GoIdx=4084&CatNo=59
3727,유진 박,가수,59,대한민국이 낳은 천재 바이올리니스트!,https://www.artsro.com/right/enter_view.html?GoIdx=3727&CatNo=59
3726,임윤찬,가수,59,반 클라이번 국제 피아노 콩쿠르 역대 최연소 우승자!,https://www.artsro.com/right/enter_view.html?GoIdx=3726&CatNo=59
3725,이루마,가수,59,'달성하다' 라는 이름의 뜻을 가진 피아니스트!,https://www.artsro.com/right/enter_view.html?GoIdx=3725&CatNo=59
3696,노엘라,가수,59,다양한 장르의 능력을 보유한 바이올리니스트!,https://www.artsro.com/right/enter_view.html?GoIdx=3696&CatNo=59
3416,아코디언 주연,가수,59,따뜻한 추억과 여행의 설렘을 음악으로 선물하는 아코디언 연주자,https://www.artsro.com/right/enter_view.html?GoIdx=3416&CatNo=59
3296,쓰레기 피아노 아저씨 이승규,가수,59,피아노 안에 직접 쓰레기를 넣는 연주,https://www.artsro.com/right/enter_view.html?GoIdx=3296&CatNo=59
3224,임주희,가수,59,차세대 피아니스트 임주희,https://www.artsro.com/right/enter_view.html?GoIdx=3224&CatNo=59
2566,김도윤,가수,59,첼리스트 김도윤,https://www.artsro.com/right/enter_view.html?GoIdx=2566&CatNo=59
2327,그레이스,가수,59,최선을 다하는 연주보다 모두와 함께 흥나는 한번의 공연이 아닌 행복한 기억으로 남는 연주와 퍼포먼스를 선사해 드리겠습니다.,https://www.artsro.com/right/enter_view.html?GoIdx=2327&CatNo=59
1415,주혜성,가수,59,다양한 장르를 색소폰 연주로 그려내는 색소포니스트,https://www.artsro.com/right/enter_view.html?GoIdx=1415&CatNo=59
1395,하피스트 하와,가수,59,크로스오버와 클래식을 넘나드는 하프연주,https://www.artsro.com/right/enter_view.html?GoIdx=1395&CatNo=59
748,이종은,가수,59,,https://www.artsro.com/right/enter_view.html?GoIdx=748&CatNo=59
4702,금난새 실내악,가수,60,해설 금난새와 뉴월드 필하모니 오케스트라의 만남,https://www.artsro.com/right/enter_view.html?GoIdx=4702&CatNo=60
3853,리얼플레이어즈 ( REAL PLAYERS),가수,60,진짜 놀줄 아는 놈들! 리얼 사운드로 모든 음악을 재해석하다!,https://www.artsro.com/right/enter_view.html?GoIdx=3853&CatNo=60
3815,포크앙상블,가수,60,쉽게 찍어 듣는 음악! 이라는 의미를 가지고 있는 어쿠스틱 앙상블!,https://www.artsro.com/right/enter_view.html?GoIdx=3815&CatNo=60
3637,리브리,가수,60,"가곡과 재즈의 한국적 만남, 크로스오버 재즈 앙상블!",https://www.artsro.com/right/enter_view.html?GoIdx=3637&CatNo=60
3530,루미너스 콰르텟,가수,60,관객들에게 항상 따스하고 선물 같은 음악을 선물하는 루미너스 콰르,https://www.artsro.com/right/enter_view.html?GoIdx=3530&CatNo=60
3521,어우름콰르텟,가수,60,어우름  STRING QUARTET,https://www.artsro.com/right/enter_view.html?GoIdx=3521&CatNo=60
3340,무아,가수,60,크로스오버 앙상블,https://www.artsro.com/right/enter_view.html?GoIdx=3340&CatNo=60
3196,하트스트링스,가수,60,귀에 익숙한 곡으로 다가가 관객과 소통하며  마음의 울림이 되는 연주를 하는 앙상블 팀,https://www.artsro.com/right/enter_view.html?GoIdx=3196&CatNo=60
3195,더스트링앙상블,가수,60,국내 최고의 연주자들이 함께하는 클래식 공연팀,https://www.artsro.com/right/enter_view.html?GoIdx=3195&CatNo=60
3183,노부스 콰르텟(NOVUS STRING QUARTET),가수,60,견고하고 균형잡힌 앙상블,https://www.artsro.com/right/enter_view.html?GoIdx=3183&CatNo=60
2898,르네상스,가수,60,클래식의 감동을 전하는 르네상스,https://www.artsro.com/right/enter_view.html?GoIdx=2898&CatNo=60
2581,라엘 앙상블,가수,60,미래지향적인 청중을 위해 점진적 변화를 추구하는 아티스트 라엘 앙상블!!,https://www.artsro.com/right/enter_view.html?GoIdx=2581&CatNo=60
2521,아르페지오,가수,60,아름다운 선율을 들려드리는 현악 3중주 아르페지오 입니다.,https://www.artsro.com/right/enter_view.html?GoIdx=2521&CatNo=60
2281,청춘유수,가수,60,우리의 청춘을 연주한다.청춘유수,https://www.artsro.com/right/enter_view.html?GoIdx=2281&CatNo=60
2280,혜은스트링콰르텟,가수,60,사랑으로 나누는 음악,https://www.artsro.com/right/enter_view.html?GoIdx=2280&CatNo=60
2150,유니크첼로콰르텟,가수,60,국내 최초 리싸이클 첼로 앙상블!!,https://www.artsro.com/right/enter_view.html?GoIdx=2150&CatNo=60
2115,앙상블 러본,가수,60,앙상블 ‘러본’ Luv.on입니다.,https://www.artsro.com/right/enter_view.html?GoIdx=2115&CatNo=60
2056,카라멜 클래식,가수,60,클래식의 대중화를 꿈꾸며 이름처럼 달콤하고 친근한 연주를 선보이고 있는 스트링 트리오 카라멜 클래식,https://www.artsro.com/right/enter_view.html?GoIdx=2056&CatNo=60
2026,필그림앙상블,가수,60,클래식과 팝이 접목된 신선한 음악으로 세계인들의 사랑을 받고 있는 연주팀,https://www.artsro.com/right/enter_view.html?GoIdx=2026&CatNo=60
1878,앙상블ST,가수,60,톡톡튀는 매력과 독특한 색채를 가진 무한한 가능성의 젊은 연주자 6명,https://www.artsro.com/right/enter_view.html?GoIdx=1878&CatNo=60
1701,에이스트링(Astring),가수,60,고품격 스트링 앙상블!!!,https://www.artsro.com/right/enter_view.html?GoIdx=1701&CatNo=60
1699,올 댓 클래즈,가수,60,클래식과 재즈의 경계에서 만난 클래식과 재즈의 만남!,https://www.artsro.com/right/enter_view.html?GoIdx=1699&CatNo=60
1698,주빈 트리오,가수,60,프렌치 멜로디로 로맨틱하게 샹송의 세계로 떠나보자!,https://www.artsro.com/right/enter_view.html?GoIdx=1698&CatNo=60
1697,앙상블 프로젝트,가수,60,음악에 대한 끊임없는 연구와 열정!,https://www.artsro.com/right/enter_view.html?GoIdx=1697&CatNo=60
1396,레이어스 클래식,가수,60,전 세계인의 사랑을 받고있는 클래식 크로스오버 트리오,https://www.artsro.com/right/enter_view.html?GoIdx=1396&CatNo=60
4799,이동명 테너,가수,61,대한민국을 대표하는 세계적인 드라마틱 테너,https://www.artsro.com/right/enter_view.html?GoIdx=4799&CatNo=61
4756,아우로라,가수,61,모든 장르를 아우르는 품격있는 보컬팀,https://www.artsro.com/right/enter_view.html?GoIdx=4756&CatNo=61
3863,임철호,가수,61,뉴욕 맨하튼 음대 성악과 대학원 졸업,https://www.artsro.com/right/enter_view.html?GoIdx=3863&CatNo=61
3235,김아라,가수,61,소프라노 김아라,https://www.artsro.com/right/enter_view.html?GoIdx=3235&CatNo=61
3094,바리톤 윤혁진,가수,61,계명대학교 성악과 졸업,https://www.artsro.com/right/enter_view.html?GoIdx=3094&CatNo=61
3092,바리톤 석상근,가수,61,각종 수상 경험이 있는 바리톤 석상근,https://www.artsro.com/right/enter_view.html?GoIdx=3092&CatNo=61
3090,소프라노 고미현,가수,61,한국교원대학교 교수,https://www.artsro.com/right/enter_view.html?GoIdx=3090&CatNo=61
3089,소프라노 이현주,가수,61,모차르테움 국립음대 졸업,https://www.artsro.com/right/enter_view.html?GoIdx=3089&CatNo=61
3087,소프라노 박수진,가수,61,게르첸국립사범대학교 대학원 예술학 박사,https://www.artsro.com/right/enter_view.html?GoIdx=3087&CatNo=61
3086,소프라노 현선경,가수,61,이탈리아 아테네오 아카데미 고급과정 졸업,https://www.artsro.com/right/enter_view.html?GoIdx=3086&CatNo=61
3082,소프라노 김순영,가수,61,대한민국 성악가 및 뮤지컬 배우,https://www.artsro.com/right/enter_view.html?GoIdx=3082&CatNo=61
3081,소프라노 김수연,가수,61,"빈국립음악대학교대학원 가곡, 오라토리움 석사",https://www.artsro.com/right/enter_view.html?GoIdx=3081&CatNo=61
3080,소프라노 강혜정,가수,61,소프라노 신인상 및 더 마이클 시스카 오페라 어워드 수상자,https://www.artsro.com/right/enter_view.html?GoIdx=3080&CatNo=61
2349,이은희,가수,61,오페라 가수 소프라노 이은희 입니다.,https://www.artsro.com/right/enter_view.html?GoIdx=2349&CatNo=61
2185,테너 전영진,가수,61,목소리로 희망의 메시지를 전달하고 있는 시각장애인 성악가 전영진입니다.,https://www.artsro.com/right/enter_view.html?GoIdx=2185&CatNo=61
2158,유진호,가수,61,수 많은 무대 경험에서 우러나오는 그 만의 멋진 무대,https://www.artsro.com/right/enter_view.html?GoIdx=2158&CatNo=61
2156,김성일,가수,61,바리톤 김성일입니다.,https://www.artsro.com/right/enter_view.html?GoIdx=2156&CatNo=61
2072,테너 조용갑,가수,61,하늘이 내린 영웅적 목소리의 주인공,https://www.artsro.com/right/enter_view.html?GoIdx=2072&CatNo=61
1769,박경은,가수,61,,https://www.artsro.com/right/enter_view.html?GoIdx=1769&CatNo=61
1751,정찬희,가수,61,천의 얼굴과 영혼을 울리는 목소리로 관객과 소통하는 소프라노,https://www.artsro.com/right/enter_view.html?GoIdx=1751&CatNo=61
1660,더 텐테너스,가수,61,국내 최초 10명의 테너로 구성된 10명의 테너그룹 더 텐테너스,https://www.artsro.com/right/enter_view.html?GoIdx=1660&CatNo=61
1581,류정필,가수,61,청중들의 감동을 위해서 장르를 가리지 않고 노래하는 성악가,https://www.artsro.com/right/enter_view.html?GoIdx=1581&CatNo=61
3175,경기소년소녀 합창단,가수,104,전통 클래식 어린이합창단,https://www.artsro.com/right/enter_view.html?GoIdx=3175&CatNo=104
3174,레인보우합창단 (Rainbow Choir),가수,104,우리나라 최초 다문화 어린이들로 구성된 합창단,https://www.artsro.com/right/enter_view.html?GoIdx=3174&CatNo=104
2020,세종국악관현악단,가수,62,창작음악의 선도적 오케스트라,https://www.artsro.com/right/enter_view.html?GoIdx=2020&CatNo=62
2019,다원국악관현악단,가수,62,전통예술의 계승과 발전을 위해 결성된 부산 대표 민간 국악 전문단체,https://www.artsro.com/right/enter_view.html?GoIdx=2019&CatNo=62
1821,중앙국악관현악단,가수,62,"국악의 대중화,민족화,세계화를 목표로",https://www.artsro.com/right/enter_view.html?GoIdx=1821&CatNo=62
654,서울시국악관현악단,가수,62,창작 국악관현악의 역사를 잇고 미래를 이끌다!!!,https://www.artsro.com/right/enter_view.html?GoIdx=654&CatNo=62
653,경기시나위오케스트라(구 경기도립국악단),가수,62,경기도 소리를 중심으로 한 한국 전통음악의 계승 발전에 힘쓰고 있는 악단!,https://www.artsro.com/right/enter_view.html?GoIdx=653&CatNo=62
651,KBS국악관현악단,가수,62,대한민국 최고의 국악관현역단,https://www.artsro.com/right/enter_view.html?GoIdx=651&CatNo=62
4290,소리꾼 김지후,가수,63,,https://www.artsro.com/right/enter_view.html?GoIdx=4290&CatNo=63
3932,전명신,가수,63,국악과 가요의 만남!,https://www.artsro.com/right/enter_view.html?GoIdx=3932&CatNo=63
3697,소리꾼 최윤영,가수,63,"대한민국 국악소리가, 최윤영",https://www.artsro.com/right/enter_view.html?GoIdx=3697&CatNo=63
3283,줄타기 명인 권원태,가수,63,중요무형문화재 남사당놀이 이수자 권원태 줄타기 명인,https://www.artsro.com/right/enter_view.html?GoIdx=3283&CatNo=63
2102,박혜련 가야금 병창,가수,63,국가무형문화재 제23호 가야금산조 및 병창 이수자,https://www.artsro.com/right/enter_view.html?GoIdx=2102&CatNo=63
2058,임원식,가수,63,천년의 북소리 명인,https://www.artsro.com/right/enter_view.html?GoIdx=2058&CatNo=63
423,박용호 대금 명인,가수,63,느림의 미학과 죽부竹部의 파장을 느껴보세요.!,https://www.artsro.com/right/enter_view.html?GoIdx=423&CatNo=63
422,이춘희 경기민요 명창,가수,63,중요무형문화재 제57호 경기민요 보유자,https://www.artsro.com/right/enter_view.html?GoIdx=422&CatNo=63
403,원장현 대금 명인,가수,63,대한민국 최고의 대금 명인!!,https://www.artsro.com/right/enter_view.html?GoIdx=403&CatNo=63
4840,퓨전국악 끌림,가수,64,"국악을 기반으로 POP, 가요, 클래식, OST 등 다양한 장르를 재해석하는 퓨전 국악 끌림",https://www.artsro.com/right/enter_view.html?GoIdx=4840&CatNo=64
4791,K- 크로스오버 오로라,가수,64,"전통과 클래식, 그리고 대중성을 잇는 크로스오버 공연",https://www.artsro.com/right/enter_view.html?GoIdx=4791&CatNo=64
4297,이매/Yimae,가수,64,힙합 기반 퓨전국악 장르에서 가수로 활동중인 이매입니다,https://www.artsro.com/right/enter_view.html?GoIdx=4297&CatNo=64
4287,토케토리 조선 EDM,가수,64,조선 EDM 민요와 DJ조합,https://www.artsro.com/right/enter_view.html?GoIdx=4287&CatNo=64
4279,모꼬지,가수,64,NEXT K - POP을 노래하는 국악 아티스트 밴드의 새로운 선둔주자,https://www.artsro.com/right/enter_view.html?GoIdx=4279&CatNo=64
4106,차차웅,가수,64,관객들을 몰입시키는 사이키델릭과 전통 민요가 결합된 차별화된 분위기의 색다른 공연,https://www.artsro.com/right/enter_view.html?GoIdx=4106&CatNo=64
4048,가야로맨스,가수,64,전통과 현대의 경계를 허무는 새로운 시도 가야로맨스,https://www.artsro.com/right/enter_view.html?GoIdx=4048&CatNo=64
4011,퓨전국악 이음,가수,64,4인조 여성 퓨전국악 밴드,https://www.artsro.com/right/enter_view.html?GoIdx=4011&CatNo=64
3986,한샘블(Hansemble),가수,64,"한국의 소리를 현대적이고 조화롭게 풀어내는 앙상블, 한샘블(Hansemble) 입니다.",https://www.artsro.com/right/enter_view.html?GoIdx=3986&CatNo=64
3970,바람,가수,64,"국악과 양악의 만남, 양악 금관악기로 국악을 연주하는 조선나팔 퓨전국악!",https://www.artsro.com/right/enter_view.html?GoIdx=3970&CatNo=64
3908,케이소리(K-Sori),가수,64,한국의 소리로 세계를 노래하는 국악 국가대표,https://www.artsro.com/right/enter_view.html?GoIdx=3908&CatNo=64
3835,구각노리,가수,64,한국의 원초적 감성의 ‘구각노리’ ‘국악으로 놀아보세.’,https://www.artsro.com/right/enter_view.html?GoIdx=3835&CatNo=64
3722,더 세로,가수,64,전통음악서사를 기반으로 한 국악의 확장!,https://www.artsro.com/right/enter_view.html?GoIdx=3722&CatNo=64
3721,소리꽃 가객단,가수,64,"국악 걸그룹, 국악 아이돌!",https://www.artsro.com/right/enter_view.html?GoIdx=3721&CatNo=64
3720,피리밴드 저클,가수,64,전통 관악기만으로 탄생한 한국형 관악밴드!,https://www.artsro.com/right/enter_view.html?GoIdx=3720&CatNo=64
3719,원초적 음악집단 이드,가수,64,쾌캄 충족을 목적으로 하는 국악 퍼포먼스!,https://www.artsro.com/right/enter_view.html?GoIdx=3719&CatNo=64
3718,우리소리 바라지,가수,64,전통 고유의 예술성과 더불어 동시대성을 추구하는 음악집단!,https://www.artsro.com/right/enter_view.html?GoIdx=3718&CatNo=64
3698,노름마치,가수,64,한국전통음악의 독창적인 전통음악을 추구!,https://www.artsro.com/right/enter_view.html?GoIdx=3698&CatNo=64
3669,고고,가수,64,일렉트로닉 국악 퍼포먼스 팀 GO GO!,https://www.artsro.com/right/enter_view.html?GoIdx=3669&CatNo=64
3629,달달한 시,가수,64,국내 별로 없는 해금병창 수상자 모래의 스토리텔링!,https://www.artsro.com/right/enter_view.html?GoIdx=3629&CatNo=64
3598,한국전통예술단,가수,64,국악인 2세 대표의 청년 퓨전 국악팀,https://www.artsro.com/right/enter_view.html?GoIdx=3598&CatNo=64
3547,루트머지,가수,64,"'우리 것, 우리 문화' 에 대한 관심을 환기하고자 하는 사회적 기업 루트머지 입니다.",https://www.artsro.com/right/enter_view.html?GoIdx=3547&CatNo=64
3522,프로젝트 락,가수,64,퓨전국악밴드 1세대 프로젝트 락!,https://www.artsro.com/right/enter_view.html?GoIdx=3522&CatNo=64
3478,해금켜는 은한,가수,64,들을수록 행복해지는 해금 콘서트! 해금켜는 은한,https://www.artsro.com/right/enter_view.html?GoIdx=3478&CatNo=64
3467,서아림,가수,64,가야금 소녀,https://www.artsro.com/right/enter_view.html?GoIdx=3467&CatNo=64
3396,토케토리,가수,64,"세계를 여행하는 민요 듀오, 뉴웨이브 민요 듀오 토케토리",https://www.artsro.com/right/enter_view.html?GoIdx=3396&CatNo=64
3387,국악인가요,가수,64,국악을 신나고 즐겁게 소개하는 퓨전국악밴드 ‘국악인가요’,https://www.artsro.com/right/enter_view.html?GoIdx=3387&CatNo=64
3349,아리현밴드,가수,64,아리현이 운영하는 퓨전국악 밴드,https://www.artsro.com/right/enter_view.html?GoIdx=3349&CatNo=64
3338,신박서클,가수,64,재즈와 국악을 횡단하는 슈퍼밴드의 탄생,https://www.artsro.com/right/enter_view.html?GoIdx=3338&CatNo=64
3323,칠린스(경성구락부),가수,64,MBN 방송 '조선판스타' 출신 뉴웨이브 국악밴드,https://www.artsro.com/right/enter_view.html?GoIdx=3323&CatNo=64
3243,아미,가수,64,TV조선’쇼퀸’출연.전통과 대중음악을 넘나드는 목소리의 소리꾼 아미.,https://www.artsro.com/right/enter_view.html?GoIdx=3243&CatNo=64
3226,가야금영재,가수,64,전세계 모든 사람들에게 한국의 멋을 알리는 인플루언서,https://www.artsro.com/right/enter_view.html?GoIdx=3226&CatNo=64
3136,밴드 한다두,가수,64,절제적이며 직설적인 보컬과 서정적인 피아노의 현대감성 퓨전국악밴드,https://www.artsro.com/right/enter_view.html?GoIdx=3136&CatNo=64
3131,화음,가수,64,화합을 이뤄 음악을 말하다,https://www.artsro.com/right/enter_view.html?GoIdx=3131&CatNo=64
3030,퓨전국악 걸그룹 The리음,가수,64,퓨전국악 퍼포먼스 걸그룹 The리음,https://www.artsro.com/right/enter_view.html?GoIdx=3030&CatNo=64
3029,국악밴드 우리음,가수,64,"우리음악에 팝송, 재즈 등 다양한 장르를 접목",https://www.artsro.com/right/enter_view.html?GoIdx=3029&CatNo=64
2945,IT국악 Band 카타,가수,64,예술과 과학의 융합 IT국악 밴드 카타!,https://www.artsro.com/right/enter_view.html?GoIdx=2945&CatNo=64
2905,더 미소,가수,64,국악기와 서양의 조화,https://www.artsro.com/right/enter_view.html?GoIdx=2905&CatNo=64
2722,모던금,가수,64,가야금앙상블 모던;금(琴),https://www.artsro.com/right/enter_view.html?GoIdx=2722&CatNo=64
2353,나르샤,가수,64,'나르샤'는 순 우리말로 '날아오르다'라는 뜻을 가진 말로 머무르지 않고 다양한 장르를 통해 날아오르겠다는 의미를 담고 있는  팀.,https://www.artsro.com/right/enter_view.html?GoIdx=2353&CatNo=64
2293,국악그룹 자락,가수,64,스스로 즐기면서 하는 음악,https://www.artsro.com/right/enter_view.html?GoIdx=2293&CatNo=64
2275,퓨전국악밴드 락드림,가수,64,우리의 소리가 '힙'을 만날 때,https://www.artsro.com/right/enter_view.html?GoIdx=2275&CatNo=64
2217,퓨전국악 나뷔,가수,64,나비처럼 아름다운 음악을 선사하는 '나뷔',https://www.artsro.com/right/enter_view.html?GoIdx=2217&CatNo=64
2149,가야금앙상블 수,가수,64,잔잔하면서도 여운이 깊은,https://www.artsro.com/right/enter_view.html?GoIdx=2149&CatNo=64
2148,대금 정은지,가수,64,국악을 스토리텔링으로 쉽게 풀어나가는 젊고 실력있는 국악인,https://www.artsro.com/right/enter_view.html?GoIdx=2148&CatNo=64
2147,퓨전국악 시아,가수,64,"탄탄한 기본기와 팀워크, 퓨전국악그룹 1세대",https://www.artsro.com/right/enter_view.html?GoIdx=2147&CatNo=64
2137,다온노리,가수,64,국악 이야기 한마당,https://www.artsro.com/right/enter_view.html?GoIdx=2137&CatNo=64
2129,퓨전국악 욜로밴드(YOLO밴드),가수,64,젊은 음악가들의 한국적인 에너지 YOLO Band,https://www.artsro.com/right/enter_view.html?GoIdx=2129&CatNo=64
2096,Ory 전지현,가수,64,전통음악의 멋과 깊이를 전달하는 대금 연주자,https://www.artsro.com/right/enter_view.html?GoIdx=2096&CatNo=64
2095,소풍밴드,가수,64,비주류의 재발견,https://www.artsro.com/right/enter_view.html?GoIdx=2095&CatNo=64
2078,뮤르,가수,64,Music Rest & Refresh,https://www.artsro.com/right/enter_view.html?GoIdx=2078&CatNo=64
2074,중앙가야스트라,가수,64,"악,가,무를 겸비한 최초의 가야금 연주단체",https://www.artsro.com/right/enter_view.html?GoIdx=2074&CatNo=64
2071,퓨전국악 단비,가수,64,음악을 통해 사람들 마음속에 달게 감동을 주는 단비,https://www.artsro.com/right/enter_view.html?GoIdx=2071&CatNo=64
2060,고래야,가수,64,동시대를 살아가는 모든 사람들을 끌어당기는 세계를 누비는 고래,https://www.artsro.com/right/enter_view.html?GoIdx=2060&CatNo=64
2023,S.O.S(에스오에스),가수,64,영혼의 계절 Season Of Soul,https://www.artsro.com/right/enter_view.html?GoIdx=2023&CatNo=64
1965,오드리,가수,64,오드리의 개량 가야금을 통해 가야금의 가능성을 보여주는 그룹,https://www.artsro.com/right/enter_view.html?GoIdx=1965&CatNo=64
1628,퓨전국악 해드림,가수,64,여성 4인조로  구성된 퍼포먼스와 함께하는 퓨전국악 팀 입니다!,https://www.artsro.com/right/enter_view.html?GoIdx=1628&CatNo=64
1610,국악밴드 그라나다,가수,64,국악계 최초 음악방송 출연 ! 트렌디하고 힙한 국악밴드!!,https://www.artsro.com/right/enter_view.html?GoIdx=1610&CatNo=64
1559,하나연,가수,64,음악으로 하나되는 인연,https://www.artsro.com/right/enter_view.html?GoIdx=1559&CatNo=64
1427,삐리뿌,가수,64,담백한 베이스 사운드 위에 얹는 두 피리의 선율,https://www.artsro.com/right/enter_view.html?GoIdx=1427&CatNo=64
1414,드오(De O),가수,64,"한국음악과 서양음악, 영상의 어울림을 추구하는 앙상블 팀",https://www.artsro.com/right/enter_view.html?GoIdx=1414&CatNo=64
1412,상자루,가수,64,자유롭고 새로운 한국적 집시,https://www.artsro.com/right/enter_view.html?GoIdx=1412&CatNo=64
1398,퓨전국악밴드 경지,가수,64,조화로운 소리가 매력적인 퓨전국악밴드,https://www.artsro.com/right/enter_view.html?GoIdx=1398&CatNo=64
1206,퓨전국악 아리수,가수,64,"지금, 이 시대 민요를 노래하는 퓨전민요그룹 아리수",https://www.artsro.com/right/enter_view.html?GoIdx=1206&CatNo=64
924,퓨전국악그룹 퀸,가수,64,대한민국 최고의 인기있는 퓨전국악그룹!,https://www.artsro.com/right/enter_view.html?GoIdx=924&CatNo=64
463,모던 판소리,가수,64,모던 판소리만의 결을 느낄 수 있는 세상 단 하나의 소리,https://www.artsro.com/right/enter_view.html?GoIdx=463&CatNo=64
312,퓨전국악 연,가수,64,아름다움을 연주하는 퓨전국악 연 입니다,https://www.artsro.com/right/enter_view.html?GoIdx=312&CatNo=64
3212,아트프로젝트 춤is,가수,65,2021년 창단한,https://www.artsro.com/right/enter_view.html?GoIdx=3212&CatNo=65
2946,김중자무용단,가수,65,1967년 창단된 한국 전통 무용단,https://www.artsro.com/right/enter_view.html?GoIdx=2946&CatNo=65
2415,비슬 무용단,가수,65,"화려한 듯 섬세하고, 우아한 듯 역동적인 우리 춤의 아름다움이 시작된다.",https://www.artsro.com/right/enter_view.html?GoIdx=2415&CatNo=65
2413,애사무용단,가수,65,한국무용+K-POP 결합한 공연팀!,https://www.artsro.com/right/enter_view.html?GoIdx=2413&CatNo=65
2199,려인무용단,가수,65,예술의 아름다움을 널리 승화시키고 있는 무용단,https://www.artsro.com/right/enter_view.html?GoIdx=2199&CatNo=65
2141,다온노리 무용단,가수,65,The Origin of K-Dance,https://www.artsro.com/right/enter_view.html?GoIdx=2141&CatNo=65
759,양혜정,가수,65,이시대의 진정한 춤꾼!,https://www.artsro.com/right/enter_view.html?GoIdx=759&CatNo=65
4754,연희땡쑈 (연희집단 The 광대),가수,66,이 시대 최고의 재담꾼 큐티 섹시 대머리 안대천과 대천이들이 선보이는 연희의 모든 것,https://www.artsro.com/right/enter_view.html?GoIdx=4754&CatNo=66
4043,예술마당살판,가수,66,얼씨구 좋다! 흥이 넘치는 전통공연예술단체!,https://www.artsro.com/right/enter_view.html?GoIdx=4043&CatNo=66
3981,광대생각,가수,66,신나는 창작연희극과 놀이 중심의 예술교육으로 관객들을 만나고 있는 공연 단체!,https://www.artsro.com/right/enter_view.html?GoIdx=3981&CatNo=66
3723,창작집단 깍두기,가수,66,전통과 해학을 담은 다양한 장르의 국악 마술 공연!,https://www.artsro.com/right/enter_view.html?GoIdx=3723&CatNo=66
3454,연희 퍼포먼스 '판&GOOD' (인풍류)),가수,66,"꽹과리, 징, 장구, 북 등의 악기를 치며 상모를 돌리는 공연으로 관객과 함께 호흡 하며 다양한 연희놀이와 체험을 함께 할 수 있는 공연",https://www.artsro.com/right/enter_view.html?GoIdx=3454&CatNo=66
3031,타악그룹 언락,가수,66,"청년 예술가들이 “즐거움”을 향한 여정으로 창단되었으며, 사물놀이, 사자탈춤, 줄타기 같은 전통으로 관객들과 함께 즐기는 무대를 제공한다.",https://www.artsro.com/right/enter_view.html?GoIdx=3031&CatNo=66
2897,원미산이,가수,66,원미산문화마당과 함께하는 한국 전통 문화 !!,https://www.artsro.com/right/enter_view.html?GoIdx=2897&CatNo=66
1149,예인협회 IN 천지,가수,66,젊은 전통연희 예인들의 향연,https://www.artsro.com/right/enter_view.html?GoIdx=1149&CatNo=66
857,전통액션 연희극 쌈구경가자,가수,66,"국내 최초의 공연장르, 전통액션희극!",https://www.artsro.com/right/enter_view.html?GoIdx=857&CatNo=66
757,연희집단 The 광대,가수,66,옛날 광대들의 예술과 삶의 자취를 기억하며 그 길을 이어가는 팀!,https://www.artsro.com/right/enter_view.html?GoIdx=757&CatNo=66
570,말뚝이 변검,가수,66,우리나라의 정서와 신명을 표현한 한국판 변검 공연!!!,https://www.artsro.com/right/enter_view.html?GoIdx=570&CatNo=66
3678,양재기 품바 공연 예술단,가수,67,다수의 공연 경력을 가지고 있는 최고의 품바 공연단!,https://www.artsro.com/right/enter_view.html?GoIdx=3678&CatNo=67
3677,양재기,가수,67,34년 외길 인생 보령 최고 명물 품바!,https://www.artsro.com/right/enter_view.html?GoIdx=3677&CatNo=67
1548,품바K,가수,67,골때리는 그지들의 배꼽잡는 각설이쇼,https://www.artsro.com/right/enter_view.html?GoIdx=1548&CatNo=67
2221,소리꾼 서진실,가수,68,"젊은 국악인 , 소리꾼 서진실",https://www.artsro.com/right/enter_view.html?GoIdx=2221&CatNo=68
4147,소리꾼 장서윤,가수,68,"국악계 팔방미인, 젊은 소리꾼 장서윤!",https://www.artsro.com/right/enter_view.html?GoIdx=4147&CatNo=68
4013,소리꾼 이신예,가수,68,소리꾼 이신예,https://www.artsro.com/right/enter_view.html?GoIdx=4013&CatNo=68
3400,마포로르,가수,68,판소리와 사랑에 빠진 프랑스 소리꾼,https://www.artsro.com/right/enter_view.html?GoIdx=3400&CatNo=68
3020,소리꾼 윤세연,가수,68,떠오르는 신예스타로 전통을 바탕으로 다양한 장르까지 결합하여 다재다능한 매력을 가진 에너제틱한 경기민요 소리꾼,https://www.artsro.com/right/enter_view.html?GoIdx=3020&CatNo=68
2352,소리꾼 최정아,가수,68,국가무형문화제 경기민요 이수자 최정아.,https://www.artsro.com/right/enter_view.html?GoIdx=2352&CatNo=68
2022,소리꾼 곽동현,가수,68,젊은 노래꾼,https://www.artsro.com/right/enter_view.html?GoIdx=2022&CatNo=68
2021,소리꾼 권미희,가수,68,"국악,가요,재즈를 넘나들며 감동을 전하는 크로스오버 뮤지션",https://www.artsro.com/right/enter_view.html?GoIdx=2021&CatNo=68
1658,소리꾼 이희문,가수,68,다양한 장르와 국악의 콜라보를 보여주는,https://www.artsro.com/right/enter_view.html?GoIdx=1658&CatNo=68
1208,누림전통예술단,가수,68,전국 방방곡곡을 전통공연으로 물들이다.,https://www.artsro.com/right/enter_view.html?GoIdx=1208&CatNo=68
868,경기 소리꾼 고금성,가수,68,경서도소리의 맥을 잇는 유일한 적자로 평가받는 소리꾼!,https://www.artsro.com/right/enter_view.html?GoIdx=868&CatNo=68
867,경기 소리꾼 전영랑,가수,68,구슬픈 정서를 가장 애틋하게 표현하는 이 시대 최고의 경기민요 소리꾼!,https://www.artsro.com/right/enter_view.html?GoIdx=867&CatNo=68
4233,케이리듬,가수,107,“풍성하면서도 세밀하게 완성된 공연”,https://www.artsro.com/right/enter_view.html?GoIdx=4233&CatNo=107
2461,빛의물결(The Wave Of Light),가수,107,기술X예술의 만남 / 전통X현대의 조화 [빛]과 함께하는 시간여행.,https://www.artsro.com/right/enter_view.html?GoIdx=2461&CatNo=107
2124,정신나간 작곡가와 키스하다,가수,107,8세 아들과 80세 할머니가 함께 즐기는 클래식,https://www.artsro.com/right/enter_view.html?GoIdx=2124&CatNo=107
544,ROCAS,가수,107,음악이있는 토크콘서트 밴드 로카스,https://www.artsro.com/right/enter_view.html?GoIdx=544&CatNo=107
4767,백미경,가수,108,탈북 예술인으로 최초로 우리 정통 아리랑을 불러 화제가 된 가수!,https://www.artsro.com/right/enter_view.html?GoIdx=4767&CatNo=108
3927,한수애,가수,108,"평양 만경대구역 출신 북한이탈주민, 방송인, 유튜버",https://www.artsro.com/right/enter_view.html?GoIdx=3927&CatNo=108
3246,윤설미,가수,108,윤설미와 손풍금,https://www.artsro.com/right/enter_view.html?GoIdx=3246&CatNo=108
2953,남북음악인밴드 옥화,가수,108,"단기성 이벤트가 아닌, 남북한 혼합 그룹",https://www.artsro.com/right/enter_view.html?GoIdx=2953&CatNo=108
400,통일메아리악단,가수,108,이만갑의 출연 탈북예술인들로 만들어진 다재다능한 끼와 재능을 볼 수 있는 북한 정통예술단~,https://www.artsro.com/right/enter_view.html?GoIdx=400&CatNo=108
399,평양예술단,가수,108,북한의 문화와 예술의 향기를 전하는 팀.,https://www.artsro.com/right/enter_view.html?GoIdx=399&CatNo=108
4803,개그우먼 조수연 스탠다드,가수,109,일상 공감을 유쾌하게 풀어내는 조수연의 토크형 스탠드다드 코미디 공연,https://www.artsro.com/right/enter_view.html?GoIdx=4803&CatNo=109
4798,심곡파출쇼,가수,109,무대와 객석의 경계를 허무는 현장형 웃음쇼,https://www.artsro.com/right/enter_view.html?GoIdx=4798&CatNo=109
4682,백쇼(송필근과 함께 미니 개그콘서트),가수,109,'개그콘서트' 출신 개그맨들이 이끄는 웃음보장 공연!,https://www.artsro.com/right/enter_view.html?GoIdx=4682&CatNo=109
4417,필승SONG,가수,109,뮤직 힐링 필! 승! SONG,https://www.artsro.com/right/enter_view.html?GoIdx=4417&CatNo=109
4066,말자할매,가수,109,소통은 호통이다! 말자 할매의 소통 특강!,https://www.artsro.com/right/enter_view.html?GoIdx=4066&CatNo=109
3152,청바지SHOW,가수,109,청춘은 바로 지금 SHOW 인생의 진정한 멋과 즐거움을 아는 찐 어른들의 근사한 놀이터!,https://www.artsro.com/right/enter_view.html?GoIdx=3152&CatNo=109
2648,동갑이몽,가수,109,육아토크콘서트,https://www.artsro.com/right/enter_view.html?GoIdx=2648&CatNo=109
2647,선생님 많이,가수,109,보육교사 힐링토크 콘서트,https://www.artsro.com/right/enter_view.html?GoIdx=2647&CatNo=109
1773,쇼그맨,가수,109,웃기는 사람은 많다. 하지만 우리는 Show 하면서 웃긴다!,https://www.artsro.com/right/enter_view.html?GoIdx=1773&CatNo=109
1383,투맘쇼,가수,109,세상의 모든 엄마들에게 전하는 폭풍 공감 힐링 코미디,https://www.artsro.com/right/enter_view.html?GoIdx=1383&CatNo=109
709,졸탄쇼,가수,109,연인과 가족을 위한 색다른 코미디쇼!,https://www.artsro.com/right/enter_view.html?GoIdx=709&CatNo=109
507,더 퍼니스트 쇼,가수,109,두 광대연기자와 관객이 함께 호흡하여 유쾌하게 만들어가는 코미디 작품,https://www.artsro.com/right/enter_view.html?GoIdx=507&CatNo=109
2571,화신,가수,110,중국 전통 예술 공연팀 '화신',https://www.artsro.com/right/enter_view.html?GoIdx=2571&CatNo=110
2407,하모니,가수,110,여성미의  화려함과 아름다움으로 보여주는 퍼포먼스의 구성.,https://www.artsro.com/right/enter_view.html?GoIdx=2407&CatNo=110
1839,외국인브라스밴드 윈드스트림,가수,110,외국인으로 구성된 Brass Performance Team,https://www.artsro.com/right/enter_view.html?GoIdx=1839&CatNo=110
4753,당골포차 (연희집단 The 광대),가수,111,"각박한 이 세상, 사람 사는 이야기 안주 삼아 전하는 유쾌한 위로 !",https://www.artsro.com/right/enter_view.html?GoIdx=4753&CatNo=111
4732,"꼬마야, 꼬마야",가수,111,우당탕탕 할머니들과 함께하는 신나는 놀이터 !,https://www.artsro.com/right/enter_view.html?GoIdx=4732&CatNo=111
4473,H Musical Project,가수,111,기관·기업의 이야기를 뮤지컬 공연으로 만들어드립니다!,https://www.artsro.com/right/enter_view.html?GoIdx=4473&CatNo=111
4382,마지막 셔틀,가수,111,소년들의 심각한 학교폭력 문제를 주제로 다루며 재미있고 유쾌하게 풀어가는  ‘학교폭력 예방 뮤지컬,https://www.artsro.com/right/enter_view.html?GoIdx=4382&CatNo=111
3998,털이 뭐길래,가수,111,털 때문에 고민인 소녀의 성장 드라마,https://www.artsro.com/right/enter_view.html?GoIdx=3998&CatNo=111
3873,뮤지컬 라스트피쉬,가수,111,청소년을 위한 환경뮤지컬,https://www.artsro.com/right/enter_view.html?GoIdx=3873&CatNo=111
3293,파라다이스,가수,111,업사이클 어린이 음악극,https://www.artsro.com/right/enter_view.html?GoIdx=3293&CatNo=111
3287,연극 고등어,가수,111,청소년들에게 추천해주고 싶은 연극,https://www.artsro.com/right/enter_view.html?GoIdx=3287&CatNo=111
2613,극단 꼭두광대,가수,111,전통 가족아동극,https://www.artsro.com/right/enter_view.html?GoIdx=2613&CatNo=111
2580,품바 (PUMBA),가수,111,배우 최성웅의 모노드라마,https://www.artsro.com/right/enter_view.html?GoIdx=2580&CatNo=111
2345,추억의 변사극(이수일과 심순애),가수,111,연분홍빛 신파는 계속된다~,https://www.artsro.com/right/enter_view.html?GoIdx=2345&CatNo=111
2344,추억의 변사극(아리랑),가수,111,그 옛날 조선 땅이 눈물바다!,https://www.artsro.com/right/enter_view.html?GoIdx=2344&CatNo=111
2343,추억의 변사극(검사와 여선생),가수,111,사랑과 눈물과 감동의 파노라마`` 기대하시라 개봉박두!,https://www.artsro.com/right/enter_view.html?GoIdx=2343&CatNo=111
4615,서해성 복화술사,가수,112,극단햇빛 대표 서해성,https://www.artsro.com/right/enter_view.html?GoIdx=4615&CatNo=112
4571,홍기쁨쇼,가수,112,개그콘서트 코너 금쪽유치원 기반 개그 및 교육 SHOW,https://www.artsro.com/right/enter_view.html?GoIdx=4571&CatNo=112
4505,이야기 구출 대작전,가수,112,모두와 함께 사라진 이야기들을 되찾는 멋진 모험.,https://www.artsro.com/right/enter_view.html?GoIdx=4505&CatNo=112
4480,학철과 예철 그리고 눈사람,가수,112,심술궂은 형과 늘 선한 동생의 이야기,https://www.artsro.com/right/enter_view.html?GoIdx=4480&CatNo=112
4479,보석보다 츄!,가수,112,엘리와 함께 올바른 생활습관을 배워가는 환경교육 연극,https://www.artsro.com/right/enter_view.html?GoIdx=4479&CatNo=112
4478,말썽꾸러기 피노키오,가수,112,피노키오의 성장 이야기를 통한 인성교육 연극,https://www.artsro.com/right/enter_view.html?GoIdx=4478&CatNo=112
4466,아기산타의 대모험,가수,112,아기산타와 함께 대모험을 떠나볼까요?,https://www.artsro.com/right/enter_view.html?GoIdx=4466&CatNo=112
4465,스마트폰은 내 친구,가수,112,동물 친구들이 점점 아파지면서 스마트 폰을 미워하게 되었답니다. 그들은 과연 좋은 친구가 될 수 있을까요?,https://www.artsro.com/right/enter_view.html?GoIdx=4465&CatNo=112
4464,"삐뽀야, 도와줘!",가수,112,친구들은 삐뽀와 함께 안전사고 예방법을 배워 나갑니다.,https://www.artsro.com/right/enter_view.html?GoIdx=4464&CatNo=112
4463,느림보 토끼의 요술가방,가수,112,장애를 이해하고 우정과 연대의 가치를 보여줍니다.,https://www.artsro.com/right/enter_view.html?GoIdx=4463&CatNo=112
4462,"잡아라, 안전도둑!",가수,112,삐용 경찰관은 아이들의 안전을 지켜줄 수 있을까요?,https://www.artsro.com/right/enter_view.html?GoIdx=4462&CatNo=112
4461,소풍을 떠나요,가수,112,"자기 혼자라도 소풍을 떠나고, 그곳에서 나비요정을 만나게 되는데.... 과연 코끼리에게 무슨 일이 생길까요?",https://www.artsro.com/right/enter_view.html?GoIdx=4461&CatNo=112
4460,멋진 어린이 선발대회,가수,112,꾀 많은 토끼는 뺑순이에게 친구란 어떤 것인지를 알려주기 위해 명절맞이 '멋진 어린이 선발대회'를 여는데...,https://www.artsro.com/right/enter_view.html?GoIdx=4460&CatNo=112
4459,알록달록 무지개 가족,가수,112,만두는 가족의 의미를 깨닫고 다시 친구들과 사이 좋게 지낼 수 있을까요?,https://www.artsro.com/right/enter_view.html?GoIdx=4459&CatNo=112
4458,넌 누구야?(새학기 대소동),가수,112,각자 다른 곳에서 지내던 친구들이 새로운 곳에 모여 잘 지낼 수 있을지..,https://www.artsro.com/right/enter_view.html?GoIdx=4458&CatNo=112
4456,모여라! 숲 속 탐정단,가수,112,호숫가를 더럽히는 쓰레기 괴물은 과연 누구일까요?,https://www.artsro.com/right/enter_view.html?GoIdx=4456&CatNo=112
4455,지구 용사 푸름이,가수,112,이산화탄소 대마왕을 물리치고 푸름이가 지구를 구할 수 있을까요?,https://www.artsro.com/right/enter_view.html?GoIdx=4455&CatNo=112
4448,책에서 무대로,가수,112,뮤지컬 배우와 함께 신나는 뮤지컬 놀이,https://www.artsro.com/right/enter_view.html?GoIdx=4448&CatNo=112
4447,지구 환경 특공대,가수,112,"재활용의 중요성을 자연스럽게 배우고, 올바른 분리배출 습관을 기를 수 있도록 유도",https://www.artsro.com/right/enter_view.html?GoIdx=4447&CatNo=112
4446,사이언스 스쿨,가수,112,과학 마술을 쉽고 재미있게 노래와 춤 영상으로 연출,https://www.artsro.com/right/enter_view.html?GoIdx=4446&CatNo=112
4445,공룡 탐험대,가수,112,공룡이 남긴 화석을 통해 현재와 미래 생태계를 함께 알아 볼까요?,https://www.artsro.com/right/enter_view.html?GoIdx=4445&CatNo=112
4444,가자! 우주로,가수,112,우주인 훈련소 같은 분위기를 조성하여 배우와 관객이 함께 소통하며 체험하는 공연이다.,https://www.artsro.com/right/enter_view.html?GoIdx=4444&CatNo=112
4381,어린이 환경보전 동화뮤지컬 ‘도와줘요! 거북이 특공대’,가수,112,"전통문화(장단, 전래동화, 전통의상)와 현대문화 (랩, 댄스, 현대음악)가 융합된 멋스럽고 신명나는 ‘국악 퓨전 극’",https://www.artsro.com/right/enter_view.html?GoIdx=4381&CatNo=112
4380,우리엄마,가수,112,서정적인 동화와 아름다운 선율이 함께하는 동화뮤지컬!,https://www.artsro.com/right/enter_view.html?GoIdx=4380&CatNo=112
4379,통합체험 놀이극 벌거벗은 임금님,가수,112,"절약, 절제, 정직을 주제로 한 작품.",https://www.artsro.com/right/enter_view.html?GoIdx=4379&CatNo=112
4378,테마가 있는 전래놀이 [해님 달님],가수,112,해님 달님과 관련 있는 전래놀이를 관객과 함께 해 보면서 공연,https://www.artsro.com/right/enter_view.html?GoIdx=4378&CatNo=112
4377,의적 임꺽정,가수,112,"‘의로움, 재치, 지혜, 타인을 돌봄’ 등 다양한 인성을 길러주는 어린이 맞춤형 교육극",https://www.artsro.com/right/enter_view.html?GoIdx=4377&CatNo=112
4375,전래문화 체험극 '개구쟁이 꼬마 정약용',가수,112,"‘지혜, 여유, 타인에 대한 배려, 근면 등’ 다양한 인성을 길러주 는 어린이 맞춤형 교육극",https://www.artsro.com/right/enter_view.html?GoIdx=4375&CatNo=112
4374,찰스디킨스의 크리스마스 캐럴,가수,112,선행을 베푸는 행복하고 기쁜 삶을 살 수 있도록 아이들에게 올바른 인성을 가르쳐주는 뮤지컬,https://www.artsro.com/right/enter_view.html?GoIdx=4374&CatNo=112
4373,자존감 교육극 '신데렐라의 유리구두',가수,112,올바른 가치 미덕인 인성교육을 위해 만들어진 ‘어린이 자존감 교육,https://www.artsro.com/right/enter_view.html?GoIdx=4373&CatNo=112
4372,방정환선생님이 들려주는 '토끼의 재판',가수,112,정직’과 ‘약속 실천’의 메시지를 전달해주는 인성동화극,https://www.artsro.com/right/enter_view.html?GoIdx=4372&CatNo=112
4370,루돌프의 크리스마스,가수,112,크리스마스 주제로 한 어린이를 위한 인성 뮤지컬,https://www.artsro.com/right/enter_view.html?GoIdx=4370&CatNo=112
4369,알록달록 물고기,가수,112,시각적 심미안을 길러주는 색체예술극,https://www.artsro.com/right/enter_view.html?GoIdx=4369&CatNo=112
4368,쫄보 얼롱이,가수,112,"정직, 노력을 주제로 한 어린이 뮤지컬",https://www.artsro.com/right/enter_view.html?GoIdx=4368&CatNo=112
4367,신(新)별주부전,가수,112,국악퓨전극 ‘신(新)별주부전’,https://www.artsro.com/right/enter_view.html?GoIdx=4367&CatNo=112
4366,방귀쟁이 며느리,가수,112,전기수가 들려주는 방귀쟁이 며느리,https://www.artsro.com/right/enter_view.html?GoIdx=4366&CatNo=112
4365,행복한 통나무집 이야기,가수,112,나눔의 행복을 알게 해주는 인성동화극,https://www.artsro.com/right/enter_view.html?GoIdx=4365&CatNo=112
4364,오즈의 마법사,가수,112,"용기, 지혜, 따뜻한 마음을 전하는 공연",https://www.artsro.com/right/enter_view.html?GoIdx=4364&CatNo=112
4356,눈의 여왕과 멋대로 공주,가수,112,어린이 인성교육극,https://www.artsro.com/right/enter_view.html?GoIdx=4356&CatNo=112
4354,방정환선생님이 들려주는 전래놀이 체험마당 ‘시골쥐와 서울쥐’,가수,112,‘근검절약’과 ‘자족 생활’의 메시지를 전달해주는 인성동화극,https://www.artsro.com/right/enter_view.html?GoIdx=4354&CatNo=112
4353,날아라 애벌레,가수,112,다문화 주제 어린이극,https://www.artsro.com/right/enter_view.html?GoIdx=4353&CatNo=112
4352,개굴 개굴 개굴럽,가수,112,개구리와 오리의 아름다운 사랑 이야기,https://www.artsro.com/right/enter_view.html?GoIdx=4352&CatNo=112
4291,가족뮤지컬 -미스터래빗,가수,112,말썽쟁이 토끼의 특별한 탈출기,https://www.artsro.com/right/enter_view.html?GoIdx=4291&CatNo=112
4248,인형극단 아토,가수,112,동심 선물하는 인형극단,https://www.artsro.com/right/enter_view.html?GoIdx=4248&CatNo=112
3934,돼지야 조심해 (힘을내),가수,112,유괴 예방 및 학교 폭력 예방 교육 뮤지컬!,https://www.artsro.com/right/enter_view.html?GoIdx=3934&CatNo=112
3907,어린이클럽,가수,112,"마음으로 놀아요, 온몸으로 느껴요",https://www.artsro.com/right/enter_view.html?GoIdx=3907&CatNo=112
3874,뮤지컬 크리스마스 선물이 사라졌다,가수,112,"유치원, 학교, 도서관으로 찾아가는 크리스마스 특별공연!",https://www.artsro.com/right/enter_view.html?GoIdx=3874&CatNo=112
3872,뮤지컬 우쿨렐레 잭과 콩나무,가수,112,"어린이 범죄예방, 폭력예방 교육뮤지컬",https://www.artsro.com/right/enter_view.html?GoIdx=3872&CatNo=112
3318,쉐프 난타,가수,112,대한민국 최고의 타악퍼포먼스 그룹 청명의 쉐프 난타,https://www.artsro.com/right/enter_view.html?GoIdx=3318&CatNo=112
3312,피터와 늑대,가수,112,친구들의 우정과 사랑을 그린 코믹 뮤지컬 공연,https://www.artsro.com/right/enter_view.html?GoIdx=3312&CatNo=112
3298,별주부전에 끼어든 인어공주,가수,112,지구를 위한 ESG 환경 뮤지컬,https://www.artsro.com/right/enter_view.html?GoIdx=3298&CatNo=112
3069,액션연극 설아 어디가?,가수,112,사라진 설이를 찾아 떠나는 액션 코미디극!,https://www.artsro.com/right/enter_view.html?GoIdx=3069&CatNo=112
2963,혜리와 균이,가수,112,남녀 개그 듀오,https://www.artsro.com/right/enter_view.html?GoIdx=2963&CatNo=112
2960,붐헤드,가수,112,끝내주게 재미있는 코믹 공연을 하는 붐헤드,https://www.artsro.com/right/enter_view.html?GoIdx=2960&CatNo=112
2948,광대놀음 떼이루,가수,112,떼이루와 함께하는 광대놀음,https://www.artsro.com/right/enter_view.html?GoIdx=2948&CatNo=112
2642,냠냠요정과 병균갈갈이,가수,112,식습관개선연극,https://www.artsro.com/right/enter_view.html?GoIdx=2642&CatNo=112
2306,매직컬 마술고양이,가수,112,아이들이 즐기는 어린이 뮤직컬 개성 만점 고양이들의 행복찾기 !!,https://www.artsro.com/right/enter_view.html?GoIdx=2306&CatNo=112
2298,낭만유랑극단,가수,112,섬세한 마리오네트 인형극과 아코디언 연주 그리고 코미디 공연!,https://www.artsro.com/right/enter_view.html?GoIdx=2298&CatNo=112
2097,개굴개굴 고래고래,가수,112,광주아시아전당 어린이 창제작 시리즈 선정작,https://www.artsro.com/right/enter_view.html?GoIdx=2097&CatNo=112
2094,김치요정과 병균마왕,가수,112,김치에 대한 건강 상식을 알려주는 어린이 뮤지컬,https://www.artsro.com/right/enter_view.html?GoIdx=2094&CatNo=112
2093,토토의 영양소나라 여행,가수,112,오락성과 예술성을 겸비한 어린이 뮤지컬,https://www.artsro.com/right/enter_view.html?GoIdx=2093&CatNo=112
2092,엉터리사냥꾼,가수,112,"어린이 맞춤형, 자연 환경 사랑을 위한 폭소 뮤지컬 드라마!",https://www.artsro.com/right/enter_view.html?GoIdx=2092&CatNo=112
1777,꾸러기예술단,가수,112,순수 클래식으로 어린이에게 꿈과 희망을~,https://www.artsro.com/right/enter_view.html?GoIdx=1777&CatNo=112
604,덩더꿍!청구리전,가수,112,전래문화 체험할 수 있는 장단놀이극,https://www.artsro.com/right/enter_view.html?GoIdx=604&CatNo=112
477,답게답게 성 이야기,가수,112,어린이 아동극으로 성정체성을 주제로 한 극!,https://www.artsro.com/right/enter_view.html?GoIdx=477&CatNo=112
359,3D뮤지컬 - 이상한나라의앨리스,가수,112,국내 최초 3D 라이센스 뮤지컬,https://www.artsro.com/right/enter_view.html?GoIdx=359&CatNo=112
358,위기탈출! 다람쥐 대소동,가수,112,,https://www.artsro.com/right/enter_view.html?GoIdx=358&CatNo=112
308,노리야 학교가자,가수,112,대학로에서 가장 인기있는 어린이 필수공연,https://www.artsro.com/right/enter_view.html?GoIdx=308&CatNo=112
4599,시크릿쥬쥬 싱어롱쇼,가수,133,여러분 ! 쥬쥬 그리고 친구들과 함께 노래부를 준비 되셨나요 ?,https://www.artsro.com/right/enter_view.html?GoIdx=4599&CatNo=133
3198,핑크퐁과 튼튼쌤의 댄스파티,가수,133,온 가족이 핑크퐁 인기동요에 맞춰 신나게 즐길 수 있는 대한민국 대표 키즈 공연,https://www.artsro.com/right/enter_view.html?GoIdx=3198&CatNo=133
753,도는놈 뛰는놈 나는놈 (연희집단 The 광대),가수,113,광대들의 신명나는 놀음판,https://www.artsro.com/right/enter_view.html?GoIdx=753&CatNo=113
3281,천수관음무 (Thousand-hand Bodhisattva),가수,116,'천상의 춤',https://www.artsro.com/right/enter_view.html?GoIdx=3281&CatNo=116
3189,유자 왕 (Yuja Wang),가수,116,틀을 깨부수는 컨셉,https://www.artsro.com/right/enter_view.html?GoIdx=3189&CatNo=116
3129,"패왕별희-경극 [Peking opera , 京劇]",가수,116,중국전통 연극,https://www.artsro.com/right/enter_view.html?GoIdx=3129&CatNo=116
3109,"랑랑 (Lang Lang,郎朗)",가수,116,극과 극의 해석을 보여주는 피아니스트,https://www.artsro.com/right/enter_view.html?GoIdx=3109&CatNo=116
3942,마이(MAI),가수,117,한국 노래를 사랑하는 일본인 가수!,https://www.artsro.com/right/enter_view.html?GoIdx=3942&CatNo=117
3608,A.Lyssa (엘리사),가수,117,무대를 직접 연출하며 파워풀한 곡에 맞춰 관객들을 몰입시키는 에너지 넘치는 퍼포먼서,https://www.artsro.com/right/enter_view.html?GoIdx=3608&CatNo=117
3289,유키 구라모토 (YUHKI KURAMOTO),가수,117,절도감과 균형미를 추구하는 피아니스트,https://www.artsro.com/right/enter_view.html?GoIdx=3289&CatNo=117
3110,히사이시 조 (Joe Hisaishi),가수,117,영화 음악의 거장,https://www.artsro.com/right/enter_view.html?GoIdx=3110&CatNo=117
4829,니키 페이지(Nikki Paige),가수,118,미국의 싱어송라이터이자 작곡가,https://www.artsro.com/right/enter_view.html?GoIdx=4829&CatNo=118
4802,스틸하트 (Steelheart),가수,118,1990 결성된 미국의 록밴드,https://www.artsro.com/right/enter_view.html?GoIdx=4802&CatNo=118
3635,제레미 주커 (Jeremy Scott Zucker),가수,118,미국 뉴저지 출신의 싱어송라이터,https://www.artsro.com/right/enter_view.html?GoIdx=3635&CatNo=118
3633,샘 라이더 (Sam Ryder),가수,118,영국출신 싱어송라이터,https://www.artsro.com/right/enter_view.html?GoIdx=3633&CatNo=118
3606,데니스 홍 (Dennis Hong),가수,118,한국계 미국인인 로봇공학자,https://www.artsro.com/right/enter_view.html?GoIdx=3606&CatNo=118
3604,마크 프렌스키 (Marc Prensky),가수,118,세계적인 교육혁신가이자 미래학자,https://www.artsro.com/right/enter_view.html?GoIdx=3604&CatNo=118
3288,마이클 볼튼 (Michael Bolton),가수,118,전세계가 사랑한 로맨틱 소울의 제왕,https://www.artsro.com/right/enter_view.html?GoIdx=3288&CatNo=118
3278,니요(Ne-yo),가수,118,제2의 마이클잭슨,https://www.artsro.com/right/enter_view.html?GoIdx=3278&CatNo=118
3276,존 레전드(John Legend),가수,118,R＆B 소울의 거장,https://www.artsro.com/right/enter_view.html?GoIdx=3276&CatNo=118
3271,데이빗 베누아 (David Benoit),가수,118,미국의 재즈 피아노의 거장,https://www.artsro.com/right/enter_view.html?GoIdx=3271&CatNo=118
3259,조쉬 그로반(Josh Groban),가수,118,"영혼을 울리는 따뜻한 바리톤, 크로스오버계의 슈퍼스타",https://www.artsro.com/right/enter_view.html?GoIdx=3259&CatNo=118
3211,케빈 케너(Kevin Kenner),가수,118,쇼팽의 마지막을 아름답게 장식한 피아니스트,https://www.artsro.com/right/enter_view.html?GoIdx=3211&CatNo=118
591,탱글(폴리그랏트),가수,118,형형색색의 어린이들의 꿈의 체험 놀이 체험!!,https://www.artsro.com/right/enter_view.html?GoIdx=591&CatNo=118
590,서커폴리스(서크 엘루아즈),가수,118,회색 빛 도시를 뒤흔드는 다채로운 서커스의 향연!,https://www.artsro.com/right/enter_view.html?GoIdx=590&CatNo=118
587,밀젠코 마티예비치,가수,118,'She's Gone'으로 한국인들의 사랑을 받은 세계적인 록보컬리스트!,https://www.artsro.com/right/enter_view.html?GoIdx=587&CatNo=118
586,폴포츠(Paul Potts),가수,118,기적의 사나이 폴포츠~대한민국 국민이 가장 사랑하는 성악가!,https://www.artsro.com/right/enter_view.html?GoIdx=586&CatNo=118
3634,프렌치 키위 주스(FKJ),가수,120,프랑스 출신 전자음악계 아티스트,https://www.artsro.com/right/enter_view.html?GoIdx=3634&CatNo=120
3525,한글팀,가수,120,한국 문화를 알리는 글로벌 아티스트,https://www.artsro.com/right/enter_view.html?GoIdx=3525&CatNo=120
3309,앤서니 가브리엘 (Anthony Gabriele),가수,120,영화음악의 거장,https://www.artsro.com/right/enter_view.html?GoIdx=3309&CatNo=120
3274,마르치오 보사 (Marchio Bossa),가수,120,이탈리아를 대표하는 보사노바 그룹,https://www.artsro.com/right/enter_view.html?GoIdx=3274&CatNo=120
3268,당 타이 선 (Dang Thai Son),가수,120,쇼팽 콩쿠르의 기적,https://www.artsro.com/right/enter_view.html?GoIdx=3268&CatNo=120
3266,다닐 트리포노프 (Danill Trifonov),가수,120,클래식계를 환히 빛낼 아티스트의 등장,https://www.artsro.com/right/enter_view.html?GoIdx=3266&CatNo=120
3264,제이미 컬럼(Jamie Cullum),가수,120,잉글랜드의 재즈 싱어송라이터,https://www.artsro.com/right/enter_view.html?GoIdx=3264&CatNo=120
3258,마이클 부블레 (Michael Buble),가수,120,담백한 그의 재즈,https://www.artsro.com/right/enter_view.html?GoIdx=3258&CatNo=120
3197,페트르 스파티나 (Petr Spatina),가수,120,Water Glass Harp,https://www.artsro.com/right/enter_view.html?GoIdx=3197&CatNo=120
3176,라파우 블레하츠 (Rafał Blechacz),가수,120,폴란드의 클래식 피아노 연주,https://www.artsro.com/right/enter_view.html?GoIdx=3176&CatNo=120
3160,오슬로 가스펠 합창단 (Oslo Gospel Choir),가수,120,한국인이 가장 사랑하는 노르웨이 가스펠 합창단,https://www.artsro.com/right/enter_view.html?GoIdx=3160&CatNo=120
3111,볼쇼이 아이스 발레단 (Bolshoi Ice Ballet),가수,120,얼음이 속삭이는 동화속으로,https://www.artsro.com/right/enter_view.html?GoIdx=3111&CatNo=120
3107,빈 필하모닉 관현악단 (Vienna Philharmonic),가수,120,전 세계 2대 오케스트라,https://www.artsro.com/right/enter_view.html?GoIdx=3107&CatNo=120
3100,빈 소년합창단 (Vienna Boys' Choir),가수,120,천사의 소리,https://www.artsro.com/right/enter_view.html?GoIdx=3100&CatNo=120
3099,드미트리 시쉬킨 (Dmitry Shishkin),가수,120,러시아의 피아니스트,https://www.artsro.com/right/enter_view.html?GoIdx=3099&CatNo=120
3097,엘리엇 토로도(Eliot Tordo),가수,120,언어의 장벽을 극복하고 독학으로 인재가 되다,https://www.artsro.com/right/enter_view.html?GoIdx=3097&CatNo=120
2651,서커스 엘로이즈-하늘과 바다사이,가수,120,캐나다 몬트리올 퀘벡의 유서깊은 서커스,https://www.artsro.com/right/enter_view.html?GoIdx=2651&CatNo=120
2628,푸자! (Puja!),가수,120,미래와 꿈을 나타내는 쇼,https://www.artsro.com/right/enter_view.html?GoIdx=2628&CatNo=120
