idx,name,title,cate,source
6,김창옥,김창옥휴먼컴퍼니 대표,"동기부여, 열정, 프로정신, 인생스토리, 도전, 성공, 자기관리, 삶의자세, 자기계발, 꿈, 비전, 마인드셋,소통, 커뮤니케이션, 관계, 스피치, 가족, 부부,교육, 자녀교육, 인성, 부모교육,힐링, 웃음, 행복",https://www.hooh.kr/sub/teacher/next.asp?m_idx=6
26,김준혁,"국회의원, 전)교수","인문학, 역사, 고전, 한국사",https://www.hooh.kr/sub/teacher/next.asp?m_idx=26
27,한명수,주)우아한형제들 CCO,"경영/조직, 경영, 리더십, 조직문화, 혁신, 조직활성화, 협력, 협업, 상생,소통,창의/마케팅, 상상력, 창의력, 광고, 마케팅, 콘텐츠",https://www.hooh.kr/sub/teacher/next.asp?m_idx=27
46,김진택,포스텍 IT융합공학과 교수,"AI/미래, 트렌드, 디지털기술, IT, Ai(인공지능), DX, 미래기술, 융합,창의/마케팅, 콘텐츠,사회/환경, ESG",https://www.hooh.kr/sub/teacher/next.asp?m_idx=46
58,허진모,작가,"인문학, 역사, 고전, 철학, 미술, 예술, 세계, 문화, 한국사, 문학,사회/환경, 정치",https://www.hooh.kr/sub/teacher/next.asp?m_idx=58
52,최명화,"㈜블러썸미 대표, 서강대학교 교수","동기부여, 도전,경영/조직, 경영, 리더십, 조직문화, 조직관리, 조직활성화, CEO, 협력, 협업, 상생,소통, 커뮤니케이션,창의/마케팅, 상상력, 마케팅",https://www.hooh.kr/sub/teacher/next.asp?m_idx=52
85,정우열,정신건강의학과 전문의,"건강, 스트레스, 심리, 정신,교육, 자녀교육, 육아, 부모교육",https://www.hooh.kr/sub/teacher/next.asp?m_idx=85
92,남민,여행작가,"인문학, 역사, 고전, 예술, 문화,교육, 글쓰기,힐링, 여행",https://www.hooh.kr/sub/teacher/next.asp?m_idx=92
98,박원갑,국민은행 부동산 수석전문위원,"경제, 금융, 주식, 자산관리, 재무설계, 부동산, 재테크",https://www.hooh.kr/sub/teacher/next.asp?m_idx=98
109,이수정,경기대학교 범죄심리학과 교수,"건강, 심리, 정신,교육, 여성학,사회/환경, 사회이슈",https://www.hooh.kr/sub/teacher/next.asp?m_idx=109
133,조용민,언바운드랩데브 대표,"동기부여, 자기관리, 자기계발, 비전,AI/미래, 트렌드, Ai(인공지능), DX,경영/조직, 리더십, 조직문화, 혁신, 목표관리, CEO, 변화, 창업, 스타트업,창의/마케팅, 마케팅",https://www.hooh.kr/sub/teacher/next.asp?m_idx=133
134,류시형,"여행작가, 요리사, 사진작가","동기부여, 열정, 인생스토리, 도전, 성공, 꿈, 비전,경영/조직, 창업,힐링, 여행,취업",https://www.hooh.kr/sub/teacher/next.asp?m_idx=134
83,라영환,한국사 강사,"인문학, 역사, 세계, 문화, 한국사,교육, 자녀교육",https://www.hooh.kr/sub/teacher/next.asp?m_idx=83
167,손영복,공간경영 전문가,"동기부여, 자기관리, 자기계발,경영/조직, 목표관리,소통, 커뮤니케이션,정리수납",https://www.hooh.kr/sub/teacher/next.asp?m_idx=167
106,임희성,현대자동차 전국판매왕,"동기부여, 열정, 프로정신, 인생스토리, 도전, 성공, 자기계발, 꿈,세일즈, 판매, 고객관리",https://www.hooh.kr/sub/teacher/next.asp?m_idx=106
178,임진모,음악평론가,"동기부여, 열정, 삶의자세,인문학, 예술, 문화, 음악,소통,창의/마케팅, 창의력",https://www.hooh.kr/sub/teacher/next.asp?m_idx=178
189,김주미,소울뷰티디자인 대표,"이미지메이킹, 뷰티, 스타일링",https://www.hooh.kr/sub/teacher/next.asp?m_idx=189
208,오세득,요리연구가,"동기부여, 열정, 인생스토리, 도전, 삶의자세, 비전,경영/조직, 창업,세일즈, 판매, 고객관리",https://www.hooh.kr/sub/teacher/next.asp?m_idx=208
242,정재찬,한양대학교 국어교육학과 정교수,"동기부여, 삶의자세,인문학, 문학, 시",https://www.hooh.kr/sub/teacher/next.asp?m_idx=242
238,김진석,사진작가,"인문학, 세계, 문화,소통, 커뮤니케이션,힐링, 여행",https://www.hooh.kr/sub/teacher/next.asp?m_idx=238
273,최재붕,성균관대학교 교수,"AI/미래, 트렌드, 디지털기술, IT, Ai(인공지능), DX, 미래기술, 사물인터넷, 비즈니스, 핀테크,인문학, 과학",https://www.hooh.kr/sub/teacher/next.asp?m_idx=273
312,이기용,(주)브이에스엠그룹 대표이사,"창의/마케팅, 마케팅, SNS",https://www.hooh.kr/sub/teacher/next.asp?m_idx=312
219,임홍택,작가,"동기부여, 삶의자세,경영/조직, 경영, 조직문화, 조직관리, 변화, 협력, 협업, 상생,소통, 관계",https://www.hooh.kr/sub/teacher/next.asp?m_idx=219
220,신영철,정신건강의학과 의사,"동기부여, 삶의자세,소통, 관계, 부부,건강, 스트레스, 심리, 정신,교육, 부모교육,힐링, 행복, 마음",https://www.hooh.kr/sub/teacher/next.asp?m_idx=220
309,박준영,변호사,"동기부여, 인생스토리, 삶의자세,힐링, 희망,사회/환경, 사회이슈",https://www.hooh.kr/sub/teacher/next.asp?m_idx=309
325,최형배,원더매직 대표 마술사,"동기부여, 꿈,소통,창의/마케팅, 창의력,힐링, 공연&강연,진로",https://www.hooh.kr/sub/teacher/next.asp?m_idx=325
358,임혁필,"개그맨, 샌드아트작가","동기부여, 열정, 인생스토리, 도전,인문학, 미술,창의/마케팅, 창의력,힐링, 웃음, 행복, 유머, 공연&강연",https://www.hooh.kr/sub/teacher/next.asp?m_idx=358
365,홍석천,"탤런트, 영화배우","동기부여, 열정, 인생스토리, 도전, 성공, 삶의자세, 자기계발, 꿈, 비전, 마인드셋,경영/조직, 창업, 스타트업,힐링, 행복, 자존감,취업, 진로, 직업관, 인생이모작",https://www.hooh.kr/sub/teacher/next.asp?m_idx=365
371,김현철,"방송인, 지휘자","인문학, 예술, 음악,힐링, 공연&강연",https://www.hooh.kr/sub/teacher/next.asp?m_idx=371
341,황재근,패션디자이너,"동기부여, 열정, 인생스토리, 도전,퍼스널브랜딩, 패션, 스타일링,창의/마케팅, 디자인",https://www.hooh.kr/sub/teacher/next.asp?m_idx=341
413,임영주,임영주 부모교육연구소 대표,"소통, 커뮤니케이션, 관계, 가족, 부부,자녀교육, 부모교육",https://www.hooh.kr/sub/teacher/next.asp?m_idx=413
416,최태성,"작가, 한국사 강사","동기부여, 열정, 도전, 성공, 삶의자세, 마인드셋,인문학, 역사, 한국사,경영/조직, 리더십,교육, 자녀교육, 공부법, 부모교육,취업, 진로",https://www.hooh.kr/sub/teacher/next.asp?m_idx=416
429,정동일,연세대학교 교수,"경영/조직, 경영, 리더십, 조직문화, 혁신, 조직관리, 조직활성화, 경영전략, CEO, 위기관리",https://www.hooh.kr/sub/teacher/next.asp?m_idx=429
435,김동준,이노캐털리스트,"경영/조직, 경영, 혁신, 경영전략, 변화, 위기관리, 협력, 협업, 상생,창의/마케팅, 창의력",https://www.hooh.kr/sub/teacher/next.asp?m_idx=435
447,장강명,소설가,"인문학, 문학,남북관계, 분단",https://www.hooh.kr/sub/teacher/next.asp?m_idx=447
455,강현식,누다심 마음연구소 대표,"인문학, 역사,소통, 커뮤니케이션, 관계, 가족,건강, 심리, 정신,교육, 자녀교육,힐링, 행복",https://www.hooh.kr/sub/teacher/next.asp?m_idx=455
498,이용식,개그맨,"동기부여, 열정, 인생스토리, 자기관리, 삶의자세, 마인드셋,경영/조직, 리더십,힐링, 웃음",https://www.hooh.kr/sub/teacher/next.asp?m_idx=498
521,김승주,고려대학교 정보보호대학원 교수,"AI/미래, 디지털기술, IT, 사물인터넷, 산업, 정보보안, 비즈니스, 블록체인, 핀테크, 융합,경제, 금융, 디지털자산",https://www.hooh.kr/sub/teacher/next.asp?m_idx=521
550,이동형,전 경남창조경제혁신센터 센터장,"동기부여, 도전, 성공, 삶의자세, 꿈, 비전,경영/조직, 경영, 창업, 스타트업",https://www.hooh.kr/sub/teacher/next.asp?m_idx=550
536,박성준,동국대학교 국제정보보호대학원 블록체인연구센터 센터장,"AI/미래, 디지털기술, IT, 미래기술, 산업, 정보보안, 블록체인, 핀테크, 융합,경제, 금융, 경제전망, 디지털자산",https://www.hooh.kr/sub/teacher/next.asp?m_idx=536
580,타일러 라쉬,방송인,"동기부여, 열정, 도전, 자기계발, 꿈, 마인드셋,AI/미래, 트렌드, Ai(인공지능),인문학, 문화,경영/조직, 창업, 스타트업,사회/환경, ESG,취업, 진로, 직업관",https://www.hooh.kr/sub/teacher/next.asp?m_idx=580
595,레이먼킴,요리연구가,"동기부여, 열정, 프로정신, 인생스토리, 도전, 비전,경영/조직, 리더십,세일즈,취업, 진로, 직업관",https://www.hooh.kr/sub/teacher/next.asp?m_idx=595
596,이민호,제이라이프스쿨 대표,"동기부여, 자기계발,소통, 커뮤니케이션, 관계, 스피치,교육, 자녀교육, 공부법",https://www.hooh.kr/sub/teacher/next.asp?m_idx=596
605,이성빈,프리랜서,"동기부여, 열정, 인생스토리, 도전, 성공, 삶의자세, 자기계발, 꿈,AI/미래, Ai(인공지능),경영/조직, 창업, 스타트업,교육, 자녀교육, 공부법, 인성, 글쓰기,창의/마케팅, 마케팅, 콘텐츠, SNS,힐링, 여행,취업, 진로, 직업관",https://www.hooh.kr/sub/teacher/next.asp?m_idx=605
622,양보석,충전스쿨 대표,"경제, 금융, 자산관리, 재무설계, 재테크, 투자, 노후",https://www.hooh.kr/sub/teacher/next.asp?m_idx=622
616,안광복,"교사, 작가","동기부여, 삶의자세,인문학, 철학, 문학,힐링, 마음",https://www.hooh.kr/sub/teacher/next.asp?m_idx=616
664,조영태,서울대학교 보건대학원 교수,"AI/미래, 트렌드,사회/환경, 사회이슈",https://www.hooh.kr/sub/teacher/next.asp?m_idx=664
685,이동진,영화평론가,"인문학, 문화, 영화,교육, 독서법,힐링",https://www.hooh.kr/sub/teacher/next.asp?m_idx=685
658,이향은,성신여자대학교 서비스디자인공학과 교수,"AI/미래, 트렌드, 산업, 비즈니스",https://www.hooh.kr/sub/teacher/next.asp?m_idx=658
659,권대중,서강대학교 일반대학원 부동산학 교수,"경제, 경제전망, 부동산, 투자",https://www.hooh.kr/sub/teacher/next.asp?m_idx=659
695,김원익,세계신화연구소 소장,"인문학, 고전, 세계,리더십,힐링",https://www.hooh.kr/sub/teacher/next.asp?m_idx=695
703,김난도,서울대학교 생활과학대학 소비자학과 교수,"AI/미래, 트렌드, 빅데이터, 미래기술,경영/조직, 변화,경제",https://www.hooh.kr/sub/teacher/next.asp?m_idx=703
747,최재천,이화여자대학교 석좌교수,"동기부여, 삶의자세, 자기계발,인문학, 문화,경영/조직, 리더십, 협력, 협업, 상생,사회/환경, ESG",https://www.hooh.kr/sub/teacher/next.asp?m_idx=747
760,김미경,아트스피치앤커뮤니케이션 대표,"동기부여, 열정, 프로정신, 인생스토리, 도전, 성공, 자기관리, 삶의자세, 자기계발, 꿈, 비전, 마인드셋,AI/미래, 트렌드,소통, 커뮤니케이션, 가족, 부부,교육, 자녀교육, 부모교육,힐링",https://www.hooh.kr/sub/teacher/next.asp?m_idx=760
766,김상근,연세대학교 교수,"동기부여,인문학, 역사, 고전, 세계, 문화,경영/조직, 리더십",https://www.hooh.kr/sub/teacher/next.asp?m_idx=766
768,장문정,엠제이소비자연구소 대표,"소통, 커뮤니케이션, 스피치, 프레젠테이션,창의/마케팅, 마케팅,세일즈, 협상, 설득, 판매, 고객관리",https://www.hooh.kr/sub/teacher/next.asp?m_idx=768
773,송영길,개그맨,"동기부여, 열정, 인생스토리, 도전, 삶의자세, 자기계발, 꿈,힐링, 웃음",https://www.hooh.kr/sub/teacher/next.asp?m_idx=773
792,최인철,서울대학교 심리학과 교수,"동기부여, 삶의자세, 마인드셋,소통, 관계,건강, 심리, 정신,교육, 자녀교육, 인성, 부모교육,힐링, 행복, 마음",https://www.hooh.kr/sub/teacher/next.asp?m_idx=792
805,박종훈,지식경제연구소 소장,"경제, 금융, 경제전망, 부동산, 재테크, 투자,사회/환경, 국제정세",https://www.hooh.kr/sub/teacher/next.asp?m_idx=805
820,곽정은,"기자, 작가","동기부여, 삶의자세,소통, 커뮤니케이션, 관계, 연애,힐링, 마음",https://www.hooh.kr/sub/teacher/next.asp?m_idx=820
849,이한,"성악가, 가페라가수","동기부여, 열정, 프로정신, 인생스토리, 자기관리, 삶의자세, 자기계발, 꿈, 마인드셋,소통, 가족,힐링, 희망, 공연&강연",https://www.hooh.kr/sub/teacher/next.asp?m_idx=849
839,이호섭,"작곡가, 방송연예인","역사, 예술,힐링, 행복, 공연&강연",https://www.hooh.kr/sub/teacher/next.asp?m_idx=839
871,이승재,"영화평론가, 영화칼럼니스트","인문학, 예술, 문화, 영화",https://www.hooh.kr/sub/teacher/next.asp?m_idx=871
899,류종형,사상심리연구소 소장,"동기부여,인문학,경영/조직, 리더십, 조직활성화,소통, 관계,건강, 스트레스,힐링, 웃음, 행복, 유머",https://www.hooh.kr/sub/teacher/next.asp?m_idx=899
916,홍수환,"WBA 주니어페더급 세계챔피언, 한국 권투인협회 회장","동기부여, 열정, 프로정신, 인생스토리, 도전",https://www.hooh.kr/sub/teacher/next.asp?m_idx=916
921,이근철,"이근철영어문화연구소 대표이사, 방송인","동기부여, 열정, 인생스토리, 도전, 성공, 자기관리, 삶의자세, 자기계발, 꿈,교육, 자녀교육, 공부법",https://www.hooh.kr/sub/teacher/next.asp?m_idx=921
925,팽현숙,"개그우먼, 요리연구가","동기부여, 열정, 인생스토리, 도전, 삶의자세, 꿈, 비전,소통, 커뮤니케이션, 가족, 부부,힐링, 웃음, 행복, 유머",https://www.hooh.kr/sub/teacher/next.asp?m_idx=925
929,조서환,아시아태평양마케팅포럼 회장,"동기부여, 열정, 인생스토리, 성공, 삶의자세, 자기계발, 비전,경영/조직, 목표관리, 조직활성화, 경영전략,창의/마케팅, 마케팅",https://www.hooh.kr/sub/teacher/next.asp?m_idx=929
936,김형철,KMA경영자교육위원회위원장,"동기부여, 삶의자세,인문학, 철학,경영/조직, 리더십, 혁신, 경영전략, CEO, 변화,소통",https://www.hooh.kr/sub/teacher/next.asp?m_idx=936
934,김진만,MBC 다큐멘터리 프로듀서,"동기부여, 열정, 도전, 삶의자세, 마인드셋,인문학, 문화,소통, 관계,힐링, 희망,사회/환경, 사회이슈",https://www.hooh.kr/sub/teacher/next.asp?m_idx=934
973,신세돈,숙명대학교 명예교수,"경제, 금융, 경제전망, 재테크,사회/환경, 국제정세",https://www.hooh.kr/sub/teacher/next.asp?m_idx=973
974,윤수정,유니크멘탈연구소 소장,"경영/조직, 경영, 리더십,소통, 커뮤니케이션, 관계,건강, 스트레스, 웃음, 심리, 정신,힐링, 행복, 마음",https://www.hooh.kr/sub/teacher/next.asp?m_idx=974
979,김병후,김병후정신과의원 원장,"소통, 관계, 가족, 부부,건강, 심리,교육, 부모교육,힐링, 마음",https://www.hooh.kr/sub/teacher/next.asp?m_idx=979
977,이동환,"가정의학과전문의, 직무스트레스 연구소 대표","경영/조직, 리더십,건강, 스트레스, 의학, 심리,힐링, 행복, 마음",https://www.hooh.kr/sub/teacher/next.asp?m_idx=977
1020,맹명관,마케팅 스페셜리스트,"경영/조직, 스타트업,창의/마케팅, 마케팅, SNS,세일즈, 고객관리",https://www.hooh.kr/sub/teacher/next.asp?m_idx=1020
1031,이상국,행복충전발전소 대표,"리더십,소통, 커뮤니케이션,힐링, 웃음, 행복",https://www.hooh.kr/sub/teacher/next.asp?m_idx=1031
1086,양내윤,한국열린사이버대학교 교수,"동기부여, 열정, 프로정신, 도전, 자기관리, 자기계발, 비전, 마인드셋,인문학,경영/조직, 리더십, 조직문화, 조직활성화, 변화, 협력, 협업, 상생,소통, 커뮤니케이션, 관계,건강, 스트레스,교육, 부모교육,힐링, 웃음, 행복, 유머",https://www.hooh.kr/sub/teacher/next.asp?m_idx=1086
1103,표창원,프로파일러,"동기부여, 삶의자세,인문학,건강, 심리,힐링, 행복,사회/환경",https://www.hooh.kr/sub/teacher/next.asp?m_idx=1103
1052,허태균,고려대학교 심리학과 교수,"경영/조직, 리더십, 조직문화,소통, 커뮤니케이션, 관계,건강, 심리, 정신,힐링, 행복, 마음",https://www.hooh.kr/sub/teacher/next.asp?m_idx=1052
1100,박종하,박종하 창의력 연구소 대표,"경영/조직, 리더십, 혁신, 변화, 위기관리,창의/마케팅, 상상력, 창의력",https://www.hooh.kr/sub/teacher/next.asp?m_idx=1100
1131,박웅현,TBWA KOREA 조직문화연구소장,"동기부여, 삶의자세, 자기계발, 마인드셋,인문학,교육, 독서법,창의/마케팅, 상상력, 창의력, 광고",https://www.hooh.kr/sub/teacher/next.asp?m_idx=1131
1123,서경덕,"성신여자대학교 교수, 한국홍보전문가","동기부여, 열정, 인생스토리, 도전, 비전,인문학, 역사, 문화, 한국사",https://www.hooh.kr/sub/teacher/next.asp?m_idx=1123
1161,최현우,마술사,"동기부여, 열정, 인생스토리, 도전, 성공, 꿈, 마인드셋,소통,힐링, 희망, 공연&강연",https://www.hooh.kr/sub/teacher/next.asp?m_idx=1161
1179,정재승,카이스트 바이오 및 뇌공학과 교수,"AI/미래,인문학, 과학, 뇌과학,교육, 자녀교육, 공부법, 부모교육",https://www.hooh.kr/sub/teacher/next.asp?m_idx=1179
1198,최재용,한국소셜미디어진흥원 원장,"AI/미래, 산업,창의/마케팅, 광고, 마케팅, 콘텐츠, SNS",https://www.hooh.kr/sub/teacher/next.asp?m_idx=1198
1200,유홍준,국립중앙박물관 관장,"인문학, 역사, 예술, 문화, 한국사,힐링",https://www.hooh.kr/sub/teacher/next.asp?m_idx=1200
1204,김용섭,날카로운상상력연구소 소장,"AI/미래, 트렌드, 디지털기술, IT, 비즈니스,경영/조직, 경영, 리더십, 혁신, 변화,교육, 자녀교육, 글쓰기,창의/마케팅, 창의력, 마케팅,사회/환경, ESG",https://www.hooh.kr/sub/teacher/next.asp?m_idx=1204
1241,정철진,진 투자컨설팅 대표,"경제, 금융, 주식, 재무설계, 경제전망, 재테크, 투자,사회/환경, 국제정세",https://www.hooh.kr/sub/teacher/next.asp?m_idx=1241
1245,이철환,소설가,"동기부여, 인생스토리, 삶의자세,인문학, 문학,소통,힐링, 행복, 마음",https://www.hooh.kr/sub/teacher/next.asp?m_idx=1245
1278,조승연,작가,"동기부여, 열정, 마인드셋,인문학, 역사, 철학, 문화,경영/조직, 리더십,교육, 자녀교육, 공부법, 부모교육, 글쓰기,창의/마케팅, 창의력,사회/환경, 사회이슈",https://www.hooh.kr/sub/teacher/next.asp?m_idx=1278
1315,강현민,전문 MC,"힐링, 웃음, 행복, 유머, 실습&체험",https://www.hooh.kr/sub/teacher/next.asp?m_idx=1315
1331,함익병,함익병 앤 에스더 클리닉 (원장),"동기부여, 자기관리,퍼스널브랜딩, 뷰티,건강, 의학",https://www.hooh.kr/sub/teacher/next.asp?m_idx=1331
1383,송진구,가천대학교 교수,"동기부여, 프로정신, 성공, 자기관리, 삶의자세, 비전,경영/조직, 리더십, 혁신, 조직관리, 경영전략, CEO, 위기관리,소통, 커뮤니케이션,힐링, 희망",https://www.hooh.kr/sub/teacher/next.asp?m_idx=1383
1408,박태현,팀과 리더 이야기 대표,"경영/조직, 리더십, 조직문화, 조직관리, 조직활성화, 협력, 협업, 상생,소통, 커뮤니케이션, 관계",https://www.hooh.kr/sub/teacher/next.asp?m_idx=1408
1534,심재용,(유)설득협상아카데미 대표,"소통, 커뮤니케이션, 스피치, 프레젠테이션,세일즈, 협상, 설득, 유통, 판매, 고객관리",https://www.hooh.kr/sub/teacher/next.asp?m_idx=1534
1579,박재연,리플러스 인간연구소 소장,"동기부여, 삶의자세,경영/조직, 리더십,소통, 커뮤니케이션, 관계, 가족, 부부,교육, 자녀교육, 부모교육,힐링, 마음",https://www.hooh.kr/sub/teacher/next.asp?m_idx=1579
1590,이상은,스마트바디랭귀지 대표,"소통, 커뮤니케이션, 관계,퍼스널브랜딩, 이미지메이킹, 호감,건강, 스트레스, 심리,힐링, 행복",https://www.hooh.kr/sub/teacher/next.asp?m_idx=1590
1604,이재범,유튜브 1분 과학 대표,"AI/미래, Ai(인공지능), 우주,인문학, 과학,창의/마케팅, 콘텐츠,취업, 진로, 직업관",https://www.hooh.kr/sub/teacher/next.asp?m_idx=1604
1595,김동환,대안금융경제연구소 소장,"경제, 금융, 주식, 자산관리, 경제전망, 부동산, 재테크, 투자, 노후",https://www.hooh.kr/sub/teacher/next.asp?m_idx=1595
1796,원동연,리얼라이즈 픽쳐서 대표,"동기부여, 프로정신, 인생스토리, 꿈,인문학, 영화,창의/마케팅, 콘텐츠",https://www.hooh.kr/sub/teacher/next.asp?m_idx=1796
1952,권경민,한국 비어소믈리에 협회 상임 고문,"인문학, 문화,힐링, 마음, 실습&체험,취업, 직업관, 인생이모작",https://www.hooh.kr/sub/teacher/next.asp?m_idx=1952
1968,윤형근,"변리사, 지식재산권 전문강사","경제, 세무/법률",https://www.hooh.kr/sub/teacher/next.asp?m_idx=1968
1583,이경상,KAIST 문술미래전략대학원 교수,"AI/미래, 트렌드, 디지털기술, IT, Ai(인공지능), DX, 빅데이터, 미래기술, 산업, 비즈니스,경영/조직, 리더십, 변화,교육, 자녀교육",https://www.hooh.kr/sub/teacher/next.asp?m_idx=1583
2477,이은형,국민대학교 교수,"경영/조직, 리더십, 조직문화, 조직활성화, 경영전략,소통, 커뮤니케이션, 관계",https://www.hooh.kr/sub/teacher/next.asp?m_idx=2477
2757,신경원,"한의학 박사, 신경원약선연구소 소장","건강, 스트레스, 비만, 식이요법, 의학, 노후, 한의학,힐링, 마음,인생이모작",https://www.hooh.kr/sub/teacher/next.asp?m_idx=2757
2496,이동진,"영화제작자, 작가","동기부여, 열정, 인생스토리, 도전, 성공, 꿈",https://www.hooh.kr/sub/teacher/next.asp?m_idx=2496
2939,이정욱,종이비행기 오래 날리기 국가대표,"동기부여, 열정, 프로정신, 인생스토리, 도전, 성공, 삶의자세, 자기계발, 꿈,창의력,행복, 공연&강연,진로, 직업관",https://www.hooh.kr/sub/teacher/next.asp?m_idx=2939
2953,허지영,허스타우먼 대표,"동기부여, 열정, 프로정신, 인생스토리, 도전, 성공, 자기관리, 삶의자세, 자기계발, 꿈, 비전,퍼스널브랜딩, 이미지메이킹, CS, 퍼스널컬러,교육, 글쓰기,창의/마케팅, 마케팅, 콘텐츠, SNS,취업, 면접, 이력서(자소서)",https://www.hooh.kr/sub/teacher/next.asp?m_idx=2953
2947,김태현,한국온라인마케팅협회,"경영/조직, 창업,창의/마케팅, 창의력, 광고, 마케팅, 콘텐츠, SNS,세일즈, 판매",https://www.hooh.kr/sub/teacher/next.asp?m_idx=2947
3002,최지훈,한국서비스인재양성연구소 대표,"경영/조직, 리더십, 조직문화, 조직활성화, 변화, 협력, 협업, 상생,소통, 커뮤니케이션, 관계,세일즈, 협상, 설득",https://www.hooh.kr/sub/teacher/next.asp?m_idx=3002
3052,양영훈,(사)한국여행작가협회,"동기부여, 인생스토리, 도전, 자기계발,인문학, 역사, 미술, 예술, 문화,힐링, 행복, 여행,취업, 직업관",https://www.hooh.kr/sub/teacher/next.asp?m_idx=3052
3035,박희준,연세대학교 산업공학과 교수,"AI/미래, 트렌드, DX, 산업, 비즈니스,경영/조직, 경영, 리더십, 혁신, 목표관리, 경영전략, 위기관리",https://www.hooh.kr/sub/teacher/next.asp?m_idx=3035
3130,박상기,BNE 글로벌 협상컨설팅 대표,"경영, 경영전략,세일즈, 협상, 설득",https://www.hooh.kr/sub/teacher/next.asp?m_idx=3130
3141,김성준,녹색미래연구소 소장,"창업, 스타트업,마케팅,유통, 판매",https://www.hooh.kr/sub/teacher/next.asp?m_idx=3141
3333,박준,"시인, 작가","동기부여, 삶의자세, 자기계발, 비전,인문학, 예술, 문학, 시,창의/마케팅, 상상력, 창의력",https://www.hooh.kr/sub/teacher/next.asp?m_idx=3333
3512,명승권,국제암대학원대학교 교수,"건강, 식이요법, 의학, 노후",https://www.hooh.kr/sub/teacher/next.asp?m_idx=3512
3514,박성윤,단국대학교 초빙교수,"인문학, 예술, 음악,힐링, 공연&강연,사회/환경, 정치, 사회이슈",https://www.hooh.kr/sub/teacher/next.asp?m_idx=3514
3136,이동귀,연세대학교 심리학과 교수,"소통, 커뮤니케이션, 관계,건강, 심리, 정신,힐링, 희망, 마음",https://www.hooh.kr/sub/teacher/next.asp?m_idx=3136
3613,송현수,과학 작가,"AI/미래, Ai(인공지능),인문학, 역사, 예술, 과학,교육, 글쓰기,창의/마케팅, 상상력,취업, 진로",https://www.hooh.kr/sub/teacher/next.asp?m_idx=3613
3675,박현주,H&교육컨설팅 대표,"인문학, 미술, 예술,경영/조직, 조직활성화,소통, 커뮤니케이션,퍼스널브랜딩, MBTI,건강, 스트레스, 정신,힐링, 마음",https://www.hooh.kr/sub/teacher/next.asp?m_idx=3675
3963,이미향,전문강사,"동기부여, 열정, 삶의자세, 자기계발,소통, 커뮤니케이션, 스피치,교육, 부모교육,힐링, 희망, 행복, 마음, 자존감",https://www.hooh.kr/sub/teacher/next.asp?m_idx=3963
4187,강성진(마케팅형),연세대학교 겸임교수,"동기부여,AI/미래, Ai(인공지능),경영/조직, 창업, 스타트업,소통, 프레젠테이션,교육, 글쓰기,창의/마케팅, 광고, 마케팅, 콘텐츠, SNS,세일즈, 판매",https://www.hooh.kr/sub/teacher/next.asp?m_idx=4187
6948,정세희,(주)티케그룹 대표,"경영/조직, 조직문화, 조직관리, 조직활성화, 협력, 협업, 상생,퍼스널브랜딩, 이미지메이킹, CS,세일즈, 고객관리,취업, 면접, 이력서(자소서), 직업관",https://www.hooh.kr/sub/teacher/next.asp?m_idx=6948
6950,류지연,한국중앙교육센터 대표,"동기부여, 자기계발, 마인드셋,인문학, 미술,소통, 커뮤니케이션,세일즈,힐링",https://www.hooh.kr/sub/teacher/next.asp?m_idx=6950
4126,강민구(마인드C),만화가,"동기부여, 인생스토리, 도전, 성공, 삶의자세, 자기계발, 꿈,창의/마케팅, 상상력, 창의력, 콘텐츠, 디자인,취업, 진로",https://www.hooh.kr/sub/teacher/next.asp?m_idx=4126
7236,김현주,서비스 브릿지 컨설팅 대표,"퍼스널브랜딩, CS,세일즈, 협상, 설득, 유통, 판매, 고객관리",https://www.hooh.kr/sub/teacher/next.asp?m_idx=7236
7348,고아라,GO스마일연구소 대표,"인문학, 미술,경영/조직, 리더십, 조직활성화,소통, 커뮤니케이션,교육, 부모교육,힐링, 웃음, 행복, 마음",https://www.hooh.kr/sub/teacher/next.asp?m_idx=7348
7616,양은우,작가,"동기부여, 자기관리, 삶의자세, 자기계발,인문학, 뇌과학,경영/조직, 리더십, 경영전략,소통, 커뮤니케이션,세일즈, 협상",https://www.hooh.kr/sub/teacher/next.asp?m_idx=7616
7617,김영철,"개그맨, 방송인","동기부여, 열정, 프로정신, 인생스토리, 도전, 성공, 자기관리, 삶의자세, 자기계발, 꿈, 비전, 마인드셋,교육, 자녀교육, 공부법, 독서법, 부모교육,힐링, 웃음, 행복, 유머,진로",https://www.hooh.kr/sub/teacher/next.asp?m_idx=7617
7619,존리,금융인,"경제, 금융, 주식, 자산관리, 재무설계, 경제전망, 재테크, 투자, 노후",https://www.hooh.kr/sub/teacher/next.asp?m_idx=7619
7635,조성준,파이널씨드 대표 & 서울대학교 산업공학과 교수,"AI/미래, 트렌드, 디지털기술, IT, Ai(인공지능), DX, 빅데이터, 미래기술, 산업, 비즈니스,경영/조직, 경영, 경영전략",https://www.hooh.kr/sub/teacher/next.asp?m_idx=7635
8551,김상균,경희대학교 경영대학원 교수,"AI/미래, 디지털기술, IT, Ai(인공지능), 미래기술, 산업, 비즈니스, 메타버스,경영/조직, 경영, 리더십, 조직문화,교육, 자녀교육, 공부법, 부모교육,취업, 진로",https://www.hooh.kr/sub/teacher/next.asp?m_idx=8551
10490,최두옥,베타랩 대표,"동기부여, 자기계발,경영/조직, 리더십, 조직문화, 혁신, 목표관리, 변화",https://www.hooh.kr/sub/teacher/next.asp?m_idx=10490
10496,이항심,건국대학교 대학원 상담심리 전공 부교수,"동기부여, 자기계발, 마인드셋,경영/조직, 리더십, 조직문화, 혁신,건강, 스트레스, 심리, 정신",https://www.hooh.kr/sub/teacher/next.asp?m_idx=10496
10497,이금희,방송인,"동기부여, 프로정신, 인생스토리, 삶의자세,소통, 커뮤니케이션, 관계,힐링, 행복, 마음",https://www.hooh.kr/sub/teacher/next.asp?m_idx=10497
10504,장재열,월간 마음건강 편집장,"동기부여, 열정, 인생스토리, 도전, 성공, 마인드셋,경영/조직, 경영, 조직문화, 조직관리, 조직활성화,소통, 커뮤니케이션, 관계,건강, 스트레스, 심리,힐링, 마음",https://www.hooh.kr/sub/teacher/next.asp?m_idx=10504
11285,한지우,"응용인문연구소 소장, 서울사이버대학 컴퓨터공학과 겸임교수","동기부여, 자기계발,인문학",https://www.hooh.kr/sub/teacher/next.asp?m_idx=11285
10320,윤종세,더봄교육디자인연구소 소장,"경영/조직, 리더십, 조직문화, 조직활성화,소통, 커뮤니케이션,퍼스널브랜딩, MBTI,건강, 스트레스, 심리",https://www.hooh.kr/sub/teacher/next.asp?m_idx=10320
11540,차경진,한양대학교 경영학부 교수,"AI/미래, 트렌드, Ai(인공지능), 빅데이터,경영/조직, 경영, 경영전략,창의/마케팅, 마케팅, 디자인",https://www.hooh.kr/sub/teacher/next.asp?m_idx=11540
11550,윤여순,코칭 전문가,"동기부여, 도전, 성공, 꿈, 마인드셋,경영/조직, 리더십, 조직문화, 조직관리, CEO, 변화,교육, 여성학",https://www.hooh.kr/sub/teacher/next.asp?m_idx=11550
11581,이재호,소프트베리 부대표,"트렌드, 로봇, 산업",https://www.hooh.kr/sub/teacher/next.asp?m_idx=11581
11771,강형근,HK&Company 대표,"경영/조직, 경영, 리더십, 조직문화, 혁신, 조직관리, 조직활성화, 경영전략, CEO, 위기관리, 협력, 협업, 상생,창의/마케팅, 창의력",https://www.hooh.kr/sub/teacher/next.asp?m_idx=11771
11785,신지현,"ESG 전문가, 작가","AI/미래, 트렌드,경영/조직, 경영, 혁신, 경영전략, CEO, 변화,사회/환경, ESG",https://www.hooh.kr/sub/teacher/next.asp?m_idx=11785
11615,이수미,숨 커리어코칭 연구소 대표,"경영/조직, 리더십, 조직문화, 조직활성화,소통, 커뮤니케이션, 프레젠테이션,퍼스널브랜딩, CS,교육, 인성,취업, 진로",https://www.hooh.kr/sub/teacher/next.asp?m_idx=11615
11623,홍석환,HR전략컨설팅 대표,"경영/조직, 경영, 리더십, 조직문화, 조직관리, 목표관리, 조직활성화, 경영전략,소통, 커뮤니케이션, 관계,취업",https://www.hooh.kr/sub/teacher/next.asp?m_idx=11623
12410,김경필,머니트레이닝랩 대표,"경제, 금융, 자산관리, 재무설계, 부동산, 재테크, 투자, 노후",https://www.hooh.kr/sub/teacher/next.asp?m_idx=12410
13013,이창용,"도슨트, 미술사 강사","인문학, 미술, 예술, 세계, 문화,힐링",https://www.hooh.kr/sub/teacher/next.asp?m_idx=13013
12585,이수진,서울대학교 소비트렌드분석센터 연구위원,"AI/미래, 트렌드, 산업, 비즈니스",https://www.hooh.kr/sub/teacher/next.asp?m_idx=12585
12861,염승환,LS증권 이사,"경제, 금융, 주식, 자산관리, 경제전망, 재테크, 투자",https://www.hooh.kr/sub/teacher/next.asp?m_idx=12861
13756,이선호(엑소),과학 커뮤니케이터,"동기부여, 열정, 인생스토리, 도전, 꿈, 마인드셋,AI/미래, Ai(인공지능), 융합,소통,교육, 자녀교육, 공부법, 부모교육,취업, 진로",https://www.hooh.kr/sub/teacher/next.asp?m_idx=13756
14862,한경운,위즈노트에이아이 대표,"AI/미래, 정보보안",https://www.hooh.kr/sub/teacher/next.asp?m_idx=14862
15716,이헌주,연세대학교 미래융합연구원 연구교수,"동기부여, 자기관리, 삶의자세, 마인드셋,소통, 커뮤니케이션, 관계, 가족, 부부,건강, 스트레스, 심리,교육, 부모교육,힐링, 마음",https://www.hooh.kr/sub/teacher/next.asp?m_idx=15716
14250,이상완,카이스트 신경과학-인공지능융합연구센터장,"AI/미래, IT, Ai(인공지능), 미래기술,인문학, 뇌과학,경영/조직, 리더십, 조직문화",https://www.hooh.kr/sub/teacher/next.asp?m_idx=14250
14652,김미선,아나운서,"소통, 스피치, 프레젠테이션,퍼스널브랜딩, 이미지메이킹",https://www.hooh.kr/sub/teacher/next.asp?m_idx=14652
15592,길시영,선순환경제연구소 대표,"경제, 금융, 주식, 자산관리, 재테크, 투자",https://www.hooh.kr/sub/teacher/next.asp?m_idx=15592
16122,이다랑,사단법인 더나일 이사장,"소통, 관계, 가족, 부부,교육, 자녀교육, 육아, 인성, 부모교육",https://www.hooh.kr/sub/teacher/next.asp?m_idx=16122
16239,김현정,ECS 대표,"경영/조직, 리더십, 조직문화, 혁신, 조직관리, 목표관리, 조직활성화, 위기관리,소통, 관계",https://www.hooh.kr/sub/teacher/next.asp?m_idx=16239
16627,한석준,아나운서,"동기부여, 프로정신, 자기계발,소통, 커뮤니케이션, 관계, 스피치",https://www.hooh.kr/sub/teacher/next.asp?m_idx=16627
14474,김수진,KT 부장(박사),"AI/미래, 트렌드, 디지털기술, IT, Ai(인공지능), DX, 빅데이터, 미래기술, 산업, 블록체인, 메타버스,경영/조직, 혁신, 경영전략,경제, 금융, 디지털자산,창의/마케팅, 마케팅",https://www.hooh.kr/sub/teacher/next.asp?m_idx=14474
13352,이선경,심리학자,"소통, 커뮤니케이션, 관계, 가족, 부부,퍼스널브랜딩, MBTI,건강, 스트레스, 심리,힐링, 마음",https://www.hooh.kr/sub/teacher/next.asp?m_idx=13352
16725,안정기,"디지털 콘텐츠, 마케팅 전문가","창의/마케팅, 상상력, 창의력, 마케팅, 콘텐츠, SNS",https://www.hooh.kr/sub/teacher/next.asp?m_idx=16725
16939,줄리안 퀸타르트,방송인,"동기부여, 열정, 인생스토리, 도전, 삶의자세, 꿈, 비전, 마인드셋,사회/환경, ESG,취업, 진로",https://www.hooh.kr/sub/teacher/next.asp?m_idx=16939
17508,김태연,함께하는 미래교육연구소 소장,"AI/미래, 트렌드, 디지털기술, IT, Ai(인공지능),교육, 자녀교육, 공부법, 부모교육",https://www.hooh.kr/sub/teacher/next.asp?m_idx=17508
18349,오현호,"파일럿, 작가","동기부여, 열정, 인생스토리, 도전, 성공, 삶의자세, 꿈, 마인드셋,힐링, 여행",https://www.hooh.kr/sub/teacher/next.asp?m_idx=18349
17090,김유선,SNS성장마케터,"AI/미래, 트렌드, 디지털기술, IT, 모바일웹,경영/조직, 조직활성화, 창업,소통, 커뮤니케이션, 관계, 가족, 부부, 프레젠테이션,퍼스널브랜딩, MBTI,건강, 스트레스,창의/마케팅, 마케팅, 콘텐츠, SNS, 디자인,힐링, 마음",https://www.hooh.kr/sub/teacher/next.asp?m_idx=17090
17137,전설이,요가&명상 강사,"동기부여, 자기관리,건강, 스트레스, 운동,힐링, 마음, 실습&체험",https://www.hooh.kr/sub/teacher/next.asp?m_idx=17137
17485,한다혜,서울대학교 소비트렌드분석섹터 연구위원,"AI/미래, 트렌드",https://www.hooh.kr/sub/teacher/next.asp?m_idx=17485
18087,성유미,정신건강의학과 전문의,"동기부여, 자기관리, 삶의자세, 자기계발,인문학, 시,건강, 의학, 심리, 정신,힐링, 희망, 행복, 마음,취업, 인생이모작",https://www.hooh.kr/sub/teacher/next.asp?m_idx=18087
18930,신용준,(주)에듀콤 대표이사,"경영/조직, 리더십, 조직문화, 혁신, 조직관리, 목표관리, 조직활성화, 위기관리, 협력, 협업, 상생,소통, 커뮤니케이션",https://www.hooh.kr/sub/teacher/next.asp?m_idx=18930
19455,손유정,온터교육 대표,"동기부여, 열정, 자기계발,경영/조직, 조직문화, 조직활성화, 협력, 협업, 상생,소통, 커뮤니케이션,건강, 스트레스, 웃음, 심리,힐링, 마음",https://www.hooh.kr/sub/teacher/next.asp?m_idx=19455
19777,이윤수,"한양대학교 교육공학과 교수, PAI Company 대표","AI/미래, 트렌드, IT, Ai(인공지능), 미래기술,경영/조직, 리더십, 조직문화, 조직관리, 조직활성화, 협력, 협업, 상생,취업, 진로, 직업관",https://www.hooh.kr/sub/teacher/next.asp?m_idx=19777
22022,김양현,드림연구소 대표,"경영/조직, 조직문화,소통, 커뮤니케이션, 프레젠테이션,퍼스널브랜딩, 이미지메이킹, CS, 퍼스널컬러, MBTI,건강, 스트레스,교육, 법정의무교육,힐링, 마음,취업, 직업관",https://www.hooh.kr/sub/teacher/next.asp?m_idx=22022
22223,이광민,마인드랩 공간 정신건강의학과의원 원장,"동기부여, 삶의자세,경영/조직, 경영, 리더십,소통, 관계, 가족, 부부,건강, 스트레스, 심리, 정신,부모교육,힐링, 행복, 마음",https://www.hooh.kr/sub/teacher/next.asp?m_idx=22223
18906,양성식,씽크퓨처스 대표,"AI/미래, 트렌드, 디지털기술, IT, Ai(인공지능), DX, 미래기술,경영/조직, 리더십, 경영전략",https://www.hooh.kr/sub/teacher/next.asp?m_idx=18906
18227,이승윤,개그맨,"동기부여, 열정, 프로정신, 인생스토리, 삶의자세,힐링, 희망, 웃음, 행복",https://www.hooh.kr/sub/teacher/next.asp?m_idx=18227
20580,이재우,한국웃음치료본부 본부장,"동기부여, 열정, 자기관리, 삶의자세, 자기계발,경영/조직, 경영, 조직문화, 조직활성화,소통, 가족,퍼스널브랜딩, CS,건강, 스트레스, 웃음, 노후,힐링, 웃음, 행복, 마음",https://www.hooh.kr/sub/teacher/next.asp?m_idx=20580
22863,김지은,심리학 칼럼니스트,"인문학, 문학, 영화,경영/조직, 리더십, 조직문화, 경영전략, 협력, 협업, 상생,소통, 커뮤니케이션, 관계,건강, 스트레스, 심리, 정신,교육, 글쓰기,힐링, 마음",https://www.hooh.kr/sub/teacher/next.asp?m_idx=22863
23048,최원석,프로젝트 렌트 대표,"AI/미래, 트렌드,경영/조직, 창업, 스타트업,창의/마케팅, 창의력, 광고, 마케팅, 콘텐츠, 디자인,세일즈, 판매, 고객관리",https://www.hooh.kr/sub/teacher/next.asp?m_idx=23048
24978,박시은,"SNS온라인마케팅,  AI교육전문가","AI/미래, 트렌드, Ai(인공지능), 메타버스,창의/마케팅, 마케팅, 콘텐츠, SNS",https://www.hooh.kr/sub/teacher/next.asp?m_idx=24978
25125,손갑헌,"전)KB 국민은행 본부경영진, 강사,작가","경제, 금융, 주식, 자산관리, 재무설계, 재테크, 투자, 노후, 세무/법률,취업, 인생이모작",https://www.hooh.kr/sub/teacher/next.asp?m_idx=25125
25834,김승욱,광운대학교 정보과학교육원 교수,"AI/미래, 디지털기술, Ai(인공지능), 미래기술, 융합,창의/마케팅, 창의력, 광고, 콘텐츠, SNS, 디자인",https://www.hooh.kr/sub/teacher/next.asp?m_idx=25834
25998,이현구,"강남대학교 산학협력단 교수, 챗GPT활용의 정석 저자","AI/미래, 트렌드, Ai(인공지능), DX, 비즈니스,경영/조직, 경영, 경영전략, 창업,교육, 글쓰기,창의/마케팅, 마케팅,사회/환경, ESG",https://www.hooh.kr/sub/teacher/next.asp?m_idx=25998
18007,양세진,소셜이노베이션그룹 대표,"동기부여, 자기관리, 비전,인문학, 철학,경영/조직, 리더십, 조직문화, 조직관리, 조직활성화,소통, 커뮤니케이션, 관계",https://www.hooh.kr/sub/teacher/next.asp?m_idx=18007
23029,신경원,통하는클라스 대표,"소통, 커뮤니케이션, 관계, 가족, 부부, 연애",https://www.hooh.kr/sub/teacher/next.asp?m_idx=23029
26927,유채린,코어에이아이연구소 대표,"AI/미래, Ai(인공지능), 융합,인문학,경제, 금융,창의/마케팅, 콘텐츠, 디자인,사회/환경, ESG",https://www.hooh.kr/sub/teacher/next.asp?m_idx=26927
27219,조은설,"MC, 아나운서","경영/조직, 조직문화, 조직활성화,힐링, 웃음, 실습&체험",https://www.hooh.kr/sub/teacher/next.asp?m_idx=27219
28108,박선경,"과학 커뮤니케이터, 천문학자, 작가","AI/미래, 우주,인문학, 영화, 과학,소통, 커뮤니케이션,창의/마케팅, SNS,취업, 진로, 직업관",https://www.hooh.kr/sub/teacher/next.asp?m_idx=28108
27673,박시화,"AI인사이트 아카데미 대표, 한국AI산업진흥원 협회장","AI/미래, Ai(인공지능), 빅데이터,창의/마케팅, 광고, 마케팅, 디자인",https://www.hooh.kr/sub/teacher/next.asp?m_idx=27673
30048,손동진,"숙명여대 특임교수, (주)덱스터크레마 대표이사","AI/미래, Ai(인공지능), DX,창의/마케팅, 창의력, 광고, 마케팅, 콘텐츠, SNS",https://www.hooh.kr/sub/teacher/next.asp?m_idx=30048
30771,이승필,사용성연구소 대표,"AI/미래, 디지털기술, Ai(인공지능), DX,힐링, 실습&체험",https://www.hooh.kr/sub/teacher/next.asp?m_idx=30771
31581,서병철,서병철 재미있는 은퇴연구소 대표,"동기부여, 인생스토리, 자기관리, 삶의자세, 자기계발,경제, 노후,소통, 커뮤니케이션, 관계, 가족, 부부,힐링, 행복, 여행,취업, 직업관, 인생이모작",https://www.hooh.kr/sub/teacher/next.asp?m_idx=31581
35750,김경순,"한약사, 유튜버","건강, 비만, 식이요법, 노후, 정신, 한의학",https://www.hooh.kr/sub/teacher/next.asp?m_idx=35750
27615,심선아,한국 식영양연구소 소장,"건강, 비만, 식이요법, 의학",https://www.hooh.kr/sub/teacher/next.asp?m_idx=27615
25822,박희찬,PD,"AI/미래, Ai(인공지능),창의/마케팅, 창의력, 콘텐츠, SNS",https://www.hooh.kr/sub/teacher/next.asp?m_idx=25822
29963,박진선,대한운동강사협회 부협회장,"동기부여, 자기관리,건강, 스트레스, 비만, 노후, 운동,힐링, 행복",https://www.hooh.kr/sub/teacher/next.asp?m_idx=29963
26663,권정훈,나무야컴퍼니 대표,"경영/조직, 창업,창의/마케팅, 마케팅,세일즈, 판매, 고객관리",https://www.hooh.kr/sub/teacher/next.asp?m_idx=26663
441,이민영,T&D Partners Communication 전략 연구소 소장,"경영/조직, 리더십, 조직문화, 조직관리, 목표관리, 조직활성화, 협력, 협업, 상생,소통, 커뮤니케이션,취업, 면접",https://www.hooh.kr/sub/teacher/next.asp?m_idx=441
7217,권오연,전문강사,"동기부여, 자기관리, 자기계발,경영/조직, 리더십, 조직문화, 조직활성화, 협력, 협업, 상생,소통, 커뮤니케이션,퍼스널브랜딩, 이미지메이킹, CS, 퍼스널컬러, MBTI,건강, 스트레스, 심리,교육, 인성, 법정의무교육,힐링, 마음,취업, 진로, 직업관",https://www.hooh.kr/sub/teacher/next.asp?m_idx=7217
267,김광석,한국경제산업연구원 경제연구실장,"AI/미래, 트렌드, 디지털기술, IT, Ai(인공지능), 미래기술, 산업, 비즈니스, 블록체인, 핀테크,경영/조직, 위기관리,경제, 금융, 경제전망, 부동산, 재테크, 투자,사회/환경, 국제정세",https://www.hooh.kr/sub/teacher/next.asp?m_idx=267
1374,신병주,건국대학교 교수,"인문학, 역사, 고전, 한국사",https://www.hooh.kr/sub/teacher/next.asp?m_idx=1374
740,이홍렬,방송인,"소통, 관계, 가족,힐링, 웃음, 행복, 유머, 마음, 나눔, 봉사",https://www.hooh.kr/sub/teacher/next.asp?m_idx=740
1023,윤대현,서울대학교병원 정신건강의학과 교수,"건강, 스트레스, 심리, 정신,교육, 자녀교육, 부모교육,힐링, 행복, 마음",https://www.hooh.kr/sub/teacher/next.asp?m_idx=1023
956,김경일,"인지심리학자, 아주대학교 교수","동기부여, 열정, 삶의자세, 마인드셋,인문학,소통, 커뮤니케이션, 관계, 가족, 부부,건강, 스트레스, 심리, 정신,교육, 자녀교육, 부모교육,힐링, 행복, 마음, 자존감",https://www.hooh.kr/sub/teacher/next.asp?m_idx=956
876,이호선,숭실사이버대학교 교수,"동기부여, 열정, 자기관리, 삶의자세, 마인드셋,소통, 커뮤니케이션, 관계, 가족, 부부,건강, 스트레스, 노후, 심리, 정신,교육, 자녀교육, 부모교육,힐링, 행복, 마음",https://www.hooh.kr/sub/teacher/next.asp?m_idx=876
1170,이준영,상명대학교 교수,"AI/미래, 트렌드, 산업, 비즈니스",https://www.hooh.kr/sub/teacher/next.asp?m_idx=1170
311,황준원,미래채널 MyF 대표,"동기부여, 자기계발, 비전,AI/미래, 트렌드, IT, Ai(인공지능), 미래기술",https://www.hooh.kr/sub/teacher/next.asp?m_idx=311
7891,배정인,심리공방,"인문학, 미술,소통, 커뮤니케이션, 관계,퍼스널브랜딩, MBTI,건강, 스트레스, 심리,힐링, 희망, 마음",https://www.hooh.kr/sub/teacher/next.asp?m_idx=7891
11495,이소영,마이크로소프트 이사,"경영/조직, 경영, 리더십, 조직문화, 조직관리, 조직활성화, 변화, 협력, 협업, 상생,소통, 커뮤니케이션, 관계,교육, 자녀교육,취업, 진로, 직업관",https://www.hooh.kr/sub/teacher/next.asp?m_idx=11495
13167,닥터베르(이대양),"만화가, 작가","동기부여, 열정, 인생스토리, 도전, 삶의자세, 마인드셋,교육, 육아",https://www.hooh.kr/sub/teacher/next.asp?m_idx=13167
20627,김진이,"커뮤니케이션컨설턴트, 아나운서","동기부여, 마인드셋,경영/조직, 리더십, 조직문화, 조직관리, 조직활성화, 협력, 협업, 상생,소통, 커뮤니케이션, 관계, 스피치, 프레젠테이션,건강, 스트레스,교육, 글쓰기,취업, 면접, 이력서(자소서), 진로",https://www.hooh.kr/sub/teacher/next.asp?m_idx=20627
12665,박제동,한국 조직문화 연구소 소장,"경영/조직, 리더십, 조직문화, 조직활성화, 협력, 협업, 상생,소통, 커뮤니케이션, 관계,힐링, 웃음, 유머",https://www.hooh.kr/sub/teacher/next.asp?m_idx=12665
174,오동진,영화평론가,"인문학, 문화, 문학, 영화",https://www.hooh.kr/sub/teacher/next.asp?m_idx=174
750,박용후,피와이에이치 대표,"동기부여, 자기계발,AI/미래, 트렌드,경영/조직, 혁신, 조직활성화,창의/마케팅, 상상력, 창의력, 마케팅",https://www.hooh.kr/sub/teacher/next.asp?m_idx=750
1154,하상욱,시인,"동기부여, 열정, 도전, 성공, 꿈, 마인드셋,인문학, 시,소통,창의/마케팅, 상상력, 창의력, 콘텐츠,힐링,취업, 진로, 직업관",https://www.hooh.kr/sub/teacher/next.asp?m_idx=1154
1065,정하린,정하린 CS교육연구소 소장,"경영/조직, 리더십, 조직문화, 조직활성화, 스타트업,소통, 커뮤니케이션, 스피치, 프레젠테이션,퍼스널브랜딩, 이미지메이킹, CS, 퍼스널컬러, MBTI,건강, 스트레스,힐링, 마음, 실습&체험",https://www.hooh.kr/sub/teacher/next.asp?m_idx=1065
1864,복성현(제이콥),(주)D3 Company 대표,"동기부여, 열정, 도전, 자기계발, 꿈, 비전, 마인드셋,취업, 면접, 이력서(자소서), 진로, 직업관, 인생이모작",https://www.hooh.kr/sub/teacher/next.asp?m_idx=1864
807,전미영,소비트렌드분석센터 연구위원,"AI/미래, 트렌드, 비즈니스",https://www.hooh.kr/sub/teacher/next.asp?m_idx=807
37,고명환,"개그맨, 영화배우","동기부여, 열정, 인생스토리, 도전, 성공, 삶의자세, 자기계발, 비전, 마인드셋,인문학, 고전,경영/조직, 경영, 창업,교육, 자녀교육, 독서법, 부모교육,세일즈, 판매, 고객관리,힐링, 행복, 워라벨,취업, 진로, 직업관",https://www.hooh.kr/sub/teacher/next.asp?m_idx=37
39,박정호,명지대학교 특임교수,"AI/미래, 트렌드, 산업,경영/조직, 경영,경제, 금융, 경제전망, 부동산",https://www.hooh.kr/sub/teacher/next.asp?m_idx=39
417,권수영,연세대학교 교수,"동기부여, 삶의자세,경영/조직, 리더십, 조직문화, 조직관리,소통, 커뮤니케이션, 관계,건강, 스트레스, 심리, 정신,교육, 자녀교육, 부모교육,힐링, 마음",https://www.hooh.kr/sub/teacher/next.asp?m_idx=417
383,강원국,"교육인, 우석대학교 객원교수","동기부여, 인생스토리, 자기계발,인문학, 문학,교육, 글쓰기,힐링, 행복, 마음",https://www.hooh.kr/sub/teacher/next.asp?m_idx=383
425,김풍,만화가,"동기부여, 열정, 도전, 자기계발, 꿈, 마인드셋,창의/마케팅, 창의력, 콘텐츠,힐링, 실습&체험",https://www.hooh.kr/sub/teacher/next.asp?m_idx=425
492,윤홍균,윤홍균 정신건강의학과의원 원장,"경영/조직, 리더십,소통, 커뮤니케이션, 가족, 부부,건강, 스트레스, 심리, 정신,힐링, 마음, 자존감",https://www.hooh.kr/sub/teacher/next.asp?m_idx=492
185,오대교,"컨설턴트, 수능전문강사","교육, 자녀교육, 공부법, 입시, 부모교육",https://www.hooh.kr/sub/teacher/next.asp?m_idx=185
145,문경수,과학탐험가,"동기부여, 열정, 인생스토리, 도전, 자기계발, 꿈, 비전, 마인드셋,인문학, 과학,창의/마케팅, 상상력, 창의력,취업, 진로",https://www.hooh.kr/sub/teacher/next.asp?m_idx=145
2238,안유화,중국증권행정연구원 원장,"AI/미래, 블록체인,경제, 금융, 경제전망, 투자, 디지털자산,사회/환경, 정치, 국제정세",https://www.hooh.kr/sub/teacher/next.asp?m_idx=2238
1236,김정운,여러가지문제연구소 소장,"동기부여, 삶의자세,인문학,소통, 커뮤니케이션, 관계,건강, 심리,힐링, 희망, 웃음, 행복, 마음",https://www.hooh.kr/sub/teacher/next.asp?m_idx=1236
1313,송길영,마인드 마이너,"동기부여, 삶의자세,AI/미래, 트렌드, 빅데이터,경영/조직, 조직관리, 변화, 위기관리,교육,창의/마케팅",https://www.hooh.kr/sub/teacher/next.asp?m_idx=1313
1452,류재현,"상상공장 대표, 축제기획가","동기부여, 열정, 도전,창의/마케팅, 상상력, 창의력, 광고, 마케팅, 콘텐츠,취업, 진로",https://www.hooh.kr/sub/teacher/next.asp?m_idx=1452
1257,임운석,브엘세바 대표,"인문학, 역사, 문화, 한국사, 문학, 시, 영화,힐링, 마음, 여행",https://www.hooh.kr/sub/teacher/next.asp?m_idx=1257
1623,문성후,"외국변호사, 경영컨설턴트","경영/조직, 리더십, 조직문화, 조직관리, 조직활성화, CEO, 변화, 협력, 협업, 상생,소통, 커뮤니케이션, 관계,세일즈, 협상,사회/환경, ESG",https://www.hooh.kr/sub/teacher/next.asp?m_idx=1623
1066,장인성,스테이폴리오 CEO,"동기부여, 열정, 도전,AI/미래, 트렌드,경영/조직, 협력, 협업, 상생, 창업, 스타트업,창의/마케팅, 창의력, 마케팅",https://www.hooh.kr/sub/teacher/next.asp?m_idx=1066
1063,류랑도,(주)한국성과코칭협회 대표컨설턴트,"경영/조직, 경영, 리더십, 조직문화, 조직관리, 목표관리, 조직활성화, 위기관리, 협력, 협업, 상생,소통, 커뮤니케이션",https://www.hooh.kr/sub/teacher/next.asp?m_idx=1063
1061,제갈현열,"작가, 관점 기획자","동기부여, 열정, 도전, 성공, 자기계발, 꿈, 비전, 마인드셋,교육, 글쓰기,창의/마케팅, 콘텐츠,취업, 진로, 직업관",https://www.hooh.kr/sub/teacher/next.asp?m_idx=1061
1253,김지현,SK경영경제연구소 부사장,"자기관리,AI/미래, 트렌드, 디지털기술, IT, Ai(인공지능), DX, 산업, 비즈니스,경영/조직, 경영, 리더십, 혁신, CEO, 변화, 협력, 협업, 상생",https://www.hooh.kr/sub/teacher/next.asp?m_idx=1253
428,이종범,만화가,"동기부여, 열정, 인생스토리, 도전, 자기계발, 꿈, 비전,인문학, 예술, 문화,창의/마케팅, 상상력, 창의력, 콘텐츠,취업, 진로, 직업관",https://www.hooh.kr/sub/teacher/next.asp?m_idx=428
1178,전금주,사상심리연구소 대표,"경영/조직, 리더십, 조직활성화,소통, 커뮤니케이션, 관계,건강, 스트레스,힐링, 행복, 마음",https://www.hooh.kr/sub/teacher/next.asp?m_idx=1178
7753,전홍진,"삼성서울병원 교수, 성균관대학교 교수","건강, 스트레스, 노후, 심리, 정신,힐링, 마음",https://www.hooh.kr/sub/teacher/next.asp?m_idx=7753
1205,오종철,"개그맨, (주)안목고수 대표이사","동기부여, 열정, 도전, 꿈,소통, 커뮤니케이션, 관계, 가족, 부부,교육, 자녀교육,힐링, 웃음",https://www.hooh.kr/sub/teacher/next.asp?m_idx=1205
1144,정은이,동아방송예술대학교 교수,"경영/조직, 리더십, 조직활성화, 협력, 협업, 상생,소통, 커뮤니케이션, 관계, 스피치, 프레젠테이션,세일즈, 협상",https://www.hooh.kr/sub/teacher/next.asp?m_idx=1144
2446,박찬우,한성대학교 교수,"자기관리,인문학,건강, 비만, 식이요법, 의학, 노후,힐링",https://www.hooh.kr/sub/teacher/next.asp?m_idx=2446
1164,정여울,작가,"인문학, 문학,교육, 공부법, 독서법,힐링, 여행",https://www.hooh.kr/sub/teacher/next.asp?m_idx=1164
993,김지윤,좋은연애연구소 소장,"동기부여, 삶의자세,소통, 커뮤니케이션, 관계, 가족, 부부, 연애,힐링, 마음, 자존감",https://www.hooh.kr/sub/teacher/next.asp?m_idx=993
10344,한창수,고려대학교 교수,"건강, 스트레스, 심리, 정신,힐링, 마음",https://www.hooh.kr/sub/teacher/next.asp?m_idx=10344
13365,정유미,SSC교육컨설팅 대표,"경영/조직, 리더십, 조직문화, 조직관리, 조직활성화, 변화,소통, 커뮤니케이션, 관계, 스피치, 프레젠테이션,퍼스널브랜딩, CS,건강, 스트레스,교육, 법정의무교육,취업, 이력서(자소서), 진로",https://www.hooh.kr/sub/teacher/next.asp?m_idx=13365
3593,정예지,뉴밑(New;Meet) 대표,"동기부여, 자기관리, 삶의자세, 자기계발, 마인드셋,경영/조직, 리더십, 조직문화, 조직관리, 목표관리, 조직활성화, 협력, 협업, 상생, 창업,소통, 커뮤니케이션, 스피치,퍼스널브랜딩, CS, MBTI,건강, 스트레스,교육, 글쓰기, 법정의무교육,힐링,취업, 면접, 진로",https://www.hooh.kr/sub/teacher/next.asp?m_idx=3593
1428,허지이,리케이온컨설팅 대표,"동기부여, 자기관리, 삶의자세, 자기계발,경영/조직, 리더십, 조직문화, 조직관리, 조직활성화, 협력, 협업, 상생,소통, 커뮤니케이션,퍼스널브랜딩,건강, 스트레스,세일즈",https://www.hooh.kr/sub/teacher/next.asp?m_idx=1428
483,박문성,스포츠해설가,"동기부여, 열정, 프로정신, 도전, 삶의자세, 꿈, 비전, 마인드셋,경영/조직, 리더십, 조직문화, CEO, 변화, 위기관리",https://www.hooh.kr/sub/teacher/next.asp?m_idx=483
7515,김상윤,한국 AI리터러시 아카데미 원장,"AI/미래, 트렌드, 디지털기술, IT, Ai(인공지능), DX, 빅데이터, 미래기술, 로봇, 산업, 비즈니스, 메타버스",https://www.hooh.kr/sub/teacher/next.asp?m_idx=7515
7595,주언규,온라인콘텐츠창작자,"동기부여, 열정, 도전, 성공, 자기관리, 삶의자세, 비전, 마인드셋,경영/조직, 목표관리,경제, 재테크",https://www.hooh.kr/sub/teacher/next.asp?m_idx=7595
6932,정길홍,한국수납정리개발원장,"동기부여, 삶의자세, 자기계발,경영/조직, 리더십,소통, 커뮤니케이션,퍼스널브랜딩, CS, 정리수납,건강, 스트레스,교육, 부모교육",https://www.hooh.kr/sub/teacher/next.asp?m_idx=6932
13210,정영학,씨엘성과연구소 소장,"동기부여, 비전,경영/조직, 경영, 리더십, 조직문화, 혁신, 조직관리, 조직활성화, 경영전략",https://www.hooh.kr/sub/teacher/next.asp?m_idx=13210
11691,김영욱,Hello AI 대표,"AI/미래, 트렌드, IT, Ai(인공지능), 빅데이터, 미래기술, 산업, 비즈니스, 메타버스",https://www.hooh.kr/sub/teacher/next.asp?m_idx=11691
16711,서은경,서울 립샘한의원 대표원장,"건강, 비만, 식이요법, 의학, 노후, 한의학",https://www.hooh.kr/sub/teacher/next.asp?m_idx=16711
18799,송지훈,전문MC,"힐링, 웃음, 행복, 유머",https://www.hooh.kr/sub/teacher/next.asp?m_idx=18799
17193,엄서영,오행인테리어 대표,"동기부여, 삶의자세,퍼스널브랜딩, 정리수납,창의/마케팅, 디자인,취업, 직업관",https://www.hooh.kr/sub/teacher/next.asp?m_idx=17193
26064,윤지영,"전)초등학교 교사, 작가","소통, 가족,교육, 자녀교육, 공부법, 육아, 인성, 부모교육,힐링, 마음",https://www.hooh.kr/sub/teacher/next.asp?m_idx=26064
26697,김성종,(주)스트레칭조이 대표,"건강, 스트레스, 운동,힐링, 행복, 실습&체험",https://www.hooh.kr/sub/teacher/next.asp?m_idx=26697
438,김승진,모험 전문가,"동기부여, 열정, 프로정신, 인생스토리, 도전, 자기관리, 삶의자세, 자기계발, 꿈, 마인드셋,힐링, 희망, 여행",https://www.hooh.kr/sub/teacher/next.asp?m_idx=438
581,오명호,열린협상연구소 소장,"경영전략,소통, 프레젠테이션,세일즈, 협상, 설득",https://www.hooh.kr/sub/teacher/next.asp?m_idx=581
467,조준호,"유도코치, 전 유도선수","동기부여, 열정, 프로정신, 인생스토리, 도전, 성공, 삶의자세, 꿈, 마인드셋",https://www.hooh.kr/sub/teacher/next.asp?m_idx=467
799,박태준,만화작가,"동기부여, 열정, 인생스토리, 도전, 성공, 꿈, 마인드셋,힐링,취업, 진로",https://www.hooh.kr/sub/teacher/next.asp?m_idx=799
785,홍춘욱,프리즘투자자문 대표,"경제, 금융, 주식, 자산관리, 경제전망, 부동산, 재테크, 투자,사회/환경, 국제정세",https://www.hooh.kr/sub/teacher/next.asp?m_idx=785
753,하지현,건국대학교병원 정신건강의학과 의사,"건강, 스트레스, 심리, 정신,힐링, 마음",https://www.hooh.kr/sub/teacher/next.asp?m_idx=753
723,김남순,미래희망가정경제연구소 소장,"경제, 금융, 자산관리, 재무설계, 재테크, 투자, 노후",https://www.hooh.kr/sub/teacher/next.asp?m_idx=723
649,조정호,"교육인, 팝페라가수","동기부여, 인생스토리, 도전, 삶의자세,인문학, 예술, 음악,힐링, 희망, 공연&강연",https://www.hooh.kr/sub/teacher/next.asp?m_idx=649
120,김성기,한국영업세일즈코칭협회 대표,"동기부여, 프로정신, 인생스토리, 성공, 삶의자세, 꿈, 비전,세일즈, 판매, 고객관리",https://www.hooh.kr/sub/teacher/next.asp?m_idx=120
103,이승윤,건국대학교 경영대학 교수,"AI/미래, 빅데이터,경영/조직, 경영, 경영전략,창의/마케팅, 마케팅, SNS",https://www.hooh.kr/sub/teacher/next.asp?m_idx=103
59,서대웅,브랜드엑셀러레이터,"경영/조직, 리더십, 경영전략, 스타트업,창의/마케팅, 마케팅, 콘텐츠",https://www.hooh.kr/sub/teacher/next.asp?m_idx=59
332,신동일,판매왕,"동기부여, 열정, 프로정신, 인생스토리, 도전,세일즈, 설득, 판매, 고객관리",https://www.hooh.kr/sub/teacher/next.asp?m_idx=332
391,서기원,씨엘 경영연구원 대표,"동기부여, 자기계발,경영/조직, 리더십, 조직문화, 협력, 협업, 상생,소통, 커뮤니케이션,힐링",https://www.hooh.kr/sub/teacher/next.asp?m_idx=391
223,이정수,방송연예인,"동기부여, 열정, 인생스토리, 삶의자세,소통, 관계, 가족, 부부, 연애,교육, 육아, 부모교육,힐링, 웃음, 행복, 유머",https://www.hooh.kr/sub/teacher/next.asp?m_idx=223
204,이원일,요리연구가,"동기부여, 열정, 도전, 삶의자세, 꿈, 마인드셋",https://www.hooh.kr/sub/teacher/next.asp?m_idx=204
1629,김윤나,말마음연구소 소장,"경영/조직, 리더십, 조직문화, 조직활성화,소통, 커뮤니케이션, 관계, 가족, 부부,심리,교육, 자녀교육, 부모교육",https://www.hooh.kr/sub/teacher/next.asp?m_idx=1629
1298,오은영,마술사,"동기부여, 프로정신, 꿈,인문학, 미술, 예술,힐링, 공연&강연",https://www.hooh.kr/sub/teacher/next.asp?m_idx=1298
3071,최영길,서울디지털마케팅스쿨 책임교수,"동기부여, 자기계발,경영/조직, 창업,소통, 커뮤니케이션, 프레젠테이션,퍼스널브랜딩,교육, 자녀교육, 부모교육, 글쓰기,창의/마케팅, 광고, 마케팅,취업, 면접, 이력서(자소서), 직업관, 인생이모작",https://www.hooh.kr/sub/teacher/next.asp?m_idx=3071
2970,박유선,이미지라이징 연구소 대표,"인문학, 예술,퍼스널브랜딩, 이미지메이킹, 패션, 퍼스널컬러, 호감, 스타일링,힐링, 마음,취업, 진로",https://www.hooh.kr/sub/teacher/next.asp?m_idx=2970
858,윤영미,전)SBS아나운서,"동기부여, 열정, 인생스토리, 도전, 자기관리, 삶의자세, 꿈,경영/조직, 리더십,소통, 스피치,세일즈, 설득",https://www.hooh.kr/sub/teacher/next.asp?m_idx=858
860,유인경,전)신문기자,"동기부여, 인생스토리, 삶의자세, 마인드셋,소통, 커뮤니케이션, 관계, 가족,힐링, 행복, 마음",https://www.hooh.kr/sub/teacher/next.asp?m_idx=860
891,서거원,"대한양궁협회 전문이사, 국가대표 양궁팀 감독","동기부여, 열정, 프로정신, 도전, 성공, 비전, 마인드셋,경영/조직, 리더십",https://www.hooh.kr/sub/teacher/next.asp?m_idx=891
1226,오영실,"탤런트, 아나운서","동기부여, 인생스토리, 자기관리, 삶의자세, 자기계발, 마인드셋,소통, 커뮤니케이션, 가족, 부부,힐링, 행복",https://www.hooh.kr/sub/teacher/next.asp?m_idx=1226
1233,김성훈,스마트미디어연구소  소장,"AI/미래, 디지털기술, 정보보안,창의/마케팅, 마케팅, SNS",https://www.hooh.kr/sub/teacher/next.asp?m_idx=1233
1028,이시형,"의사, 세로토닌 문화원장","동기부여, 자기계발,인문학, 뇌과학,건강, 식이요법, 의학, 노후,교육, 자녀교육, 공부법,힐링, 행복",https://www.hooh.kr/sub/teacher/next.asp?m_idx=1028
1049,홍순아,홍순아의 휴먼아카데미 대표,"퍼스널브랜딩, 이미지메이킹, 패션, 호감, 스타일링",https://www.hooh.kr/sub/teacher/next.asp?m_idx=1049
1054,박성준,역술가,"동기부여, 자기관리, 삶의자세,인문학,소통, 관계,힐링, 마음",https://www.hooh.kr/sub/teacher/next.asp?m_idx=1054
26621,이혜원,"소비트렌드 분석센터 연구위원, 트렌드코리아 공동저자","AI/미래, 트렌드,경영/조직, 경영, 경영전략,창의/마케팅, 마케팅, 콘텐츠",https://www.hooh.kr/sub/teacher/next.asp?m_idx=26621
29427,권태혁,"핏라이프 헬스케어 대표, 부천대학교 재활스포츠과 겸임교수","동기부여, 자기관리,건강, 스트레스, 운동,힐링, 실습&체험",https://www.hooh.kr/sub/teacher/next.asp?m_idx=29427
29070,조소영,기아자동차 작전 지점장,"경영/조직, 리더십, 조직문화, 협력, 협업, 상생,소통, 커뮤니케이션",https://www.hooh.kr/sub/teacher/next.asp?m_idx=29070
448,이정석,재테크 컨설턴트,"경제, 금융, 주식, 자산관리, 재무설계, 부동산, 재테크, 투자, 노후",https://www.hooh.kr/sub/teacher/next.asp?m_idx=448
989,오상진,청주대학교 경상대학 경영학과 교수,"동기부여, 자기계발,AI/미래, 트렌드, 디지털기술, IT, Ai(인공지능),경영/조직, 경영, 리더십, 혁신, 목표관리, 경영전략, 변화,창의/마케팅, 창의력",https://www.hooh.kr/sub/teacher/next.asp?m_idx=989
1381,이혜정,요리연구가,"동기부여, 열정, 프로정신, 인생스토리, 도전, 성공, 삶의자세,소통, 관계,건강, 식이요법",https://www.hooh.kr/sub/teacher/next.asp?m_idx=1381
27563,김민지,바디힐즈 대표,"건강, 운동,힐링, 실습&체험",https://www.hooh.kr/sub/teacher/next.asp?m_idx=27563
13281,유남규,"Felicita Orchestrta 음악감독 겸 지휘자,  ARGO 인문사회연구소 연구위원.","인문학, 음악, 과학,경영/조직, 리더십, 혁신,힐링, 마음, 공연&강연,취업, 직업관",https://www.hooh.kr/sub/teacher/next.asp?m_idx=13281
2626,전영수,"교수, 칼럼니스트","AI/미래, 트렌드, 비즈니스,경영/조직, 경영, 경영전략,경제, 경제전망, 노후",https://www.hooh.kr/sub/teacher/next.asp?m_idx=2626
2978,김성훈,카이스트 경영공학부 교수,"AI/미래, 트렌드, IT, 미래기술, 산업, 비즈니스,경영/조직, 리더십, 혁신, 경영전략,사회/환경, ESG, 사회이슈",https://www.hooh.kr/sub/teacher/next.asp?m_idx=2978
1838,최영성,한국전통문화대학교 교수,"인문학, 역사, 고전, 철학, 문화, 한국사",https://www.hooh.kr/sub/teacher/next.asp?m_idx=1838
935,정지훈,대구경북과학기술원 교수,"AI/미래, 트렌드, 디지털기술, IT, Ai(인공지능), DX, 미래기술, 모바일웹, 사물통신, 로봇, 산업, 블록체인, 융합,경영/조직, 경영전략",https://www.hooh.kr/sub/teacher/next.asp?m_idx=935
907,김민우,한성자동차 강남전시장 부장,"동기부여, 프로정신, 인생스토리, 도전, 성공, 자기관리, 꿈, 마인드셋,세일즈, 판매, 고객관리",https://www.hooh.kr/sub/teacher/next.asp?m_idx=907
927,최일구,MBN 앵커,"동기부여, 열정, 프로정신, 인생스토리, 도전, 성공, 삶의자세, 자기계발, 비전,힐링, 희망",https://www.hooh.kr/sub/teacher/next.asp?m_idx=927
878,김미화,개그우먼,"동기부여, 열정, 인생스토리, 도전, 성공, 자기계발, 꿈,힐링, 희망, 웃음, 행복, 유머, 마음, 나눔",https://www.hooh.kr/sub/teacher/next.asp?m_idx=878
1122,한은식,리더십경영 연구소 대표,"동기부여, 열정, 도전, 자기계발, 꿈, 비전,경영/조직, 리더십, 혁신, CEO, 변화, 위기관리",https://www.hooh.kr/sub/teacher/next.asp?m_idx=1122
1215,엄용수,개그맨,"동기부여, 삶의자세,힐링, 웃음, 행복, 유머",https://www.hooh.kr/sub/teacher/next.asp?m_idx=1215
31,조원용,"창의체험 대표, 건축","인문학, 예술, 문화",https://www.hooh.kr/sub/teacher/next.asp?m_idx=31
16470,조중혁,인공지능 전문가,"AI/미래, 트렌드, 디지털기술, IT, Ai(인공지능), 빅데이터, 미래기술, 비즈니스, 블록체인, 핀테크, 융합,취업, 직업관",https://www.hooh.kr/sub/teacher/next.asp?m_idx=16470
12412,김원효,개그맨,"동기부여, 열정, 인생스토리, 도전, 삶의자세, 꿈, 비전, 마인드셋,힐링, 웃음, 유머",https://www.hooh.kr/sub/teacher/next.asp?m_idx=12412
26177,정아연,디지털융합교육원 사무국장,"AI/미래, IT, Ai(인공지능), 빅데이터, 미래기술, 모바일웹, 블록체인,경제, 디지털자산,교육, 글쓰기,창의/마케팅, 마케팅, 콘텐츠, SNS, 디자인",https://www.hooh.kr/sub/teacher/next.asp?m_idx=26177
23663,왕수용,왕수디 힐링 컴퍼니 대표,"동기부여, 삶의자세,소통, 커뮤니케이션, 관계,힐링, 마음, 자존감",https://www.hooh.kr/sub/teacher/next.asp?m_idx=23663
17520,김영광,내일랩스 대표,"동기부여, 열정, 프로정신, 도전,AI/미래, Ai(인공지능), 미래기술, 비즈니스,경영/조직, 리더십, 조직문화, 목표관리, 경영전략, 창업, 스타트업,소통, 커뮤니케이션,취업, 면접, 이력서(자소서), 진로, 직업관",https://www.hooh.kr/sub/teacher/next.asp?m_idx=17520
13325,김슬기,"컨설턴트, 강사","경영/조직, 리더십, 조직문화, 조직관리, 조직활성화,소통, 커뮤니케이션, 프레젠테이션,퍼스널브랜딩, MBTI,교육, 글쓰기,창의/마케팅, 창의력, 콘텐츠, SNS",https://www.hooh.kr/sub/teacher/next.asp?m_idx=13325
180,문요한,정신건강의학과 의사,"동기부여, 자기관리, 삶의자세, 마인드셋,소통, 커뮤니케이션, 관계, 가족,건강, 스트레스, 심리, 정신,힐링, 마음",https://www.hooh.kr/sub/teacher/next.asp?m_idx=180
196,박소연,시간과 생각 대표,"동기부여, 자기계발,경영/조직, 리더십, 조직문화, 조직관리, 조직활성화, 협력, 협업, 상생,소통, 커뮤니케이션,교육, 글쓰기",https://www.hooh.kr/sub/teacher/next.asp?m_idx=196
344,박범진,구루컴퍼니 CBDO,"AI/미래, 트렌드, 디지털기술, IT, 미래기술, 로봇, 산업, 융합",https://www.hooh.kr/sub/teacher/next.asp?m_idx=344
942,유영만,한양대학교 교수,"동기부여, 자기관리, 삶의자세, 자기계발, 마인드셋,인문학,경영/조직, 리더십,소통,교육, 자녀교육, 공부법, 부모교육",https://www.hooh.kr/sub/teacher/next.asp?m_idx=942
1009,임용수,캐스터,"동기부여, 열정, 프로정신, 인생스토리, 도전, 성공, 삶의자세,경영/조직, 리더십,소통,힐링, 자존감",https://www.hooh.kr/sub/teacher/next.asp?m_idx=1009
1435,조정호,한국웃음치료연구소 대표,"자기계발,인문학, 역사, 고전, 한국사,경영/조직, 리더십, 혁신, 목표관리,소통, 커뮤니케이션,힐링, 웃음, 행복, 유머",https://www.hooh.kr/sub/teacher/next.asp?m_idx=1435
976,곽수종,리엔경제연구소 대표,"AI/미래, 산업,경영/조직, 경영, 경영전략,경제, 금융, 경제전망,사회/환경, 정치",https://www.hooh.kr/sub/teacher/next.asp?m_idx=976
903,김오곤,한의사,"건강, 비만, 식이요법, 의학, 한의학,힐링, 행복",https://www.hooh.kr/sub/teacher/next.asp?m_idx=903
709,권영찬,"개그맨, 권영찬닷컴 대표","동기부여, 열정, 인생스토리, 도전, 삶의자세, 꿈,경영/조직, 창업,소통, 관계, 부부,건강, 심리,힐링, 행복, 유머, 마음,취업, 진로, 직업관",https://www.hooh.kr/sub/teacher/next.asp?m_idx=709
701,송승용,희망재무설계 대표,"경제, 금융, 자산관리, 재무설계, 재테크, 투자",https://www.hooh.kr/sub/teacher/next.asp?m_idx=701
10542,구기모,(주)월드유 이사,"AI/미래, 트렌드, 디지털기술, Ai(인공지능), 빅데이터, 미래기술, 사물인터넷, 산업,경영/조직, 리더십, 협력, 협업, 상생, 창업,경제, 재테크,창의/마케팅, 광고, 마케팅, 콘텐츠, SNS",https://www.hooh.kr/sub/teacher/next.asp?m_idx=10542
1446,고아라,비즈온에듀 대표,"AI/미래, Ai(인공지능),경영/조직, 창업,퍼스널브랜딩, 패션,창의/마케팅, 창의력, 광고, 마케팅, 콘텐츠, SNS",https://www.hooh.kr/sub/teacher/next.asp?m_idx=1446
1251,박상희,샤론정신건강연구소 소장,"동기부여, 삶의자세,소통, 관계,건강, 심리, 정신,힐링, 희망, 마음",https://www.hooh.kr/sub/teacher/next.asp?m_idx=1251
548,차희연,HRD VITA 대표,"경영/조직, 리더십, 조직관리, 조직활성화,소통, 커뮤니케이션, 관계, 가족, 부부, 연애",https://www.hooh.kr/sub/teacher/next.asp?m_idx=548
7431,이서연,한국자기경영연구소 대표,"동기부여, 자기관리, 삶의자세, 자기계발,경영/조직, 리더십, 조직문화, 변화,소통, 커뮤니케이션, 스피치,취업, 인생이모작",https://www.hooh.kr/sub/teacher/next.asp?m_idx=7431
7454,최연희,최강브릿지 대표,"인문학,경영/조직, 리더십, 조직문화, 조직관리, 조직활성화,소통, 커뮤니케이션, 관계,퍼스널브랜딩, CS, MBTI,건강, 스트레스,힐링, 실습&체험",https://www.hooh.kr/sub/teacher/next.asp?m_idx=7454
7470,조수빈,아나운서,"동기부여, 열정, 프로정신, 인생스토리, 도전, 성공, 꿈, 마인드셋,소통, 스피치,힐링, 희망, 나눔,취업, 진로",https://www.hooh.kr/sub/teacher/next.asp?m_idx=7470
7225,박지아,한국감성소통연구소 대표,"경영/조직, 목표관리, 조직활성화,소통, 커뮤니케이션, 스피치,퍼스널브랜딩, CS,건강, 스트레스,교육, 부모교육,세일즈, 고객관리,취업, 이력서(자소서)",https://www.hooh.kr/sub/teacher/next.asp?m_idx=7225
7234,손민원,"전문강사(성폭력예방,인권)","교육, 공부법, 성교육, 부모교육,취업, 진로",https://www.hooh.kr/sub/teacher/next.asp?m_idx=7234
7374,윤택,개그맨,"동기부여, 열정, 인생스토리, 도전, 성공, 자기관리, 삶의자세, 꿈,힐링, 웃음, 행복, 유머",https://www.hooh.kr/sub/teacher/next.asp?m_idx=7374
7379,윤영난,ES인재개발교육원 대표,"동기부여, 자기계발,경영/조직, 리더십, 조직문화, 조직활성화,소통, 커뮤니케이션, 관계, 스피치,퍼스널브랜딩, 이미지메이킹, CS, 호감,스트레스,교육, 성교육, 인성",https://www.hooh.kr/sub/teacher/next.asp?m_idx=7379
7400,전화성,씨엔티테크 대표,"도전, 성공,트렌드, 디지털기술, IT, 비즈니스,경영, 창업, 스타트업,진로",https://www.hooh.kr/sub/teacher/next.asp?m_idx=7400
7430,조규림,주식회사 굿라이프엔터테인먼트 대표,"동기부여, 자기관리, 자기계발,경영/조직, 창업,퍼스널브랜딩,창의/마케팅, SNS,취업, 면접",https://www.hooh.kr/sub/teacher/next.asp?m_idx=7430
6935,이수경,다중지능하브루타교육회 대표이사,"동기부여, 삶의자세,AI/미래, Ai(인공지능),경영/조직, 리더십, 조직문화, 조직활성화, 협력, 협업, 상생,소통, 커뮤니케이션, 관계, 가족, 프레젠테이션,교육, 자녀교육, 부모교육,창의/마케팅, 창의력",https://www.hooh.kr/sub/teacher/next.asp?m_idx=6935
6937,조수미,인문앤스토리 연구소 소장,"인문학,소통, 커뮤니케이션,퍼스널브랜딩, 이미지메이킹,건강, 노후,교육, 자녀교육, 인성, 부모교육,힐링, 행복",https://www.hooh.kr/sub/teacher/next.asp?m_idx=6937
4159,김하얀,교육하는날 대표,"경영/조직, 리더십, 조직문화, 조직활성화,소통,퍼스널브랜딩, CS,교육, 법정의무교육",https://www.hooh.kr/sub/teacher/next.asp?m_idx=4159
7239,남지연,글로벌 싱글벙글 웃음연구소 소장,"동기부여, 비전,소통, 커뮤니케이션,건강, 스트레스, 웃음, 노후, 심리, 운동,교육, 인성,힐링, 웃음, 행복",https://www.hooh.kr/sub/teacher/next.asp?m_idx=7239
7243,김채현,"MC, 스피치 강사","소통, 스피치, 프레젠테이션",https://www.hooh.kr/sub/teacher/next.asp?m_idx=7243
7249,손예진,에듀이너스 교육컨설팅 대표,"경영/조직, 조직문화, 조직활성화, 협력, 협업, 상생,소통, 커뮤니케이션,퍼스널브랜딩, CS,건강, 스트레스,교육, 법정의무교육,세일즈, 고객관리",https://www.hooh.kr/sub/teacher/next.asp?m_idx=7249
7604,박장호,취업의신 대표,"동기부여,취업, 면접, 이력서(자소서), 진로, 직업관",https://www.hooh.kr/sub/teacher/next.asp?m_idx=7604
7530,정갑영,"한국생산성본부 고문, 연세대 명예특임교수(17대 총장)","경제, 경제전망",https://www.hooh.kr/sub/teacher/next.asp?m_idx=7530
7577,안선우,아바라 컴퍼니 대표,"동기부여, 열정, 자기계발,경제, 자산관리, 재무설계, 재테크,퍼스널브랜딩,창의/마케팅, 창의력, 마케팅, 콘텐츠,취업, 인생이모작",https://www.hooh.kr/sub/teacher/next.asp?m_idx=7577
7762,유은희,유은희아동발달심리치료센터,"건강, 심리,교육, 자녀교육, 육아, 인성, 부모교육",https://www.hooh.kr/sub/teacher/next.asp?m_idx=7762
7787,이가연,한국문화연수원 교수.공주국립대학교 평생교육원 힐링명상교수,"건강, 스트레스, 심리, 정신,힐링, 행복, 마음",https://www.hooh.kr/sub/teacher/next.asp?m_idx=7787
7829,한근태,"한스컨설팅 대표, 전 대학교수","동기부여, 열정, 도전, 성공, 삶의자세, 자기계발,경영/조직, 경영, 리더십, 조직문화, 조직관리, 조직활성화, CEO, 협력, 협업, 상생,소통, 관계",https://www.hooh.kr/sub/teacher/next.asp?m_idx=7829
7863,박선영,국제대학교 뷰티코디네이션학부 교수,"동기부여, 자기계발,경영/조직, 리더십, CEO,퍼스널브랜딩, 이미지메이킹, 뷰티, 패션, 퍼스널컬러, 호감, 스타일링,힐링, 행복, 자존감, 실습&체험,취업, 진로, 직업관",https://www.hooh.kr/sub/teacher/next.asp?m_idx=7863
7695,콘스탄트김,투윈에셋컨설팅,"경제, 금융, 자산관리, 재무설계, 노후, 세무/법률",https://www.hooh.kr/sub/teacher/next.asp?m_idx=7695
7738,김경화,이룸 컨설팅 대표,"동기부여, 자기계발,소통, 커뮤니케이션, 관계, 스피치, 프레젠테이션,퍼스널브랜딩, 이미지메이킹, CS, 퍼스널컬러, 스타일링,취업, 면접, 이력서(자소서), 진로, 인생이모작",https://www.hooh.kr/sub/teacher/next.asp?m_idx=7738
7750,이화자,이화자부모교육연구소장,"인문학, 고전,교육, 자녀교육, 독서법, 인성, 부모교육",https://www.hooh.kr/sub/teacher/next.asp?m_idx=7750
7752,신예희,작가,"동기부여, 열정, 인생스토리, 도전, 삶의자세, 자기계발, 꿈, 비전,힐링, 워라벨, 여행",https://www.hooh.kr/sub/teacher/next.asp?m_idx=7752
6957,조준희,유엔세계식량계획 한국사무소 근무,"동기부여, 자기계발,교육, 공부법, 입시, 글쓰기",https://www.hooh.kr/sub/teacher/next.asp?m_idx=6957
6958,최성준,"리미트리스짐 대표, 보디빌더","동기부여, 열정, 인생스토리, 도전, 성공, 자기관리, 자기계발, 마인드셋,건강, 스트레스, 비만, 식이요법,힐링, 행복, 자존감",https://www.hooh.kr/sub/teacher/next.asp?m_idx=6958
6959,오현주,진로진학 상담사,"교육, 자녀교육, 공부법, 부모교육,창의/마케팅, 마케팅, 콘텐츠, SNS,취업, 진로",https://www.hooh.kr/sub/teacher/next.asp?m_idx=6959
6970,정비연,한국저작권위원회 강사,마케팅,https://www.hooh.kr/sub/teacher/next.asp?m_idx=6970
6975,남궁서영,전문강사,"소통, 커뮤니케이션, 스피치,퍼스널브랜딩, 이미지메이킹, CS,건강, 스트레스,세일즈, 고객관리,취업, 면접, 진로",https://www.hooh.kr/sub/teacher/next.asp?m_idx=6975
6982,김혜령,국제컬러코칭교육센터대표,"소통, 커뮤니케이션, 관계,퍼스널브랜딩, 이미지메이킹, 퍼스널컬러, 호감,건강, 심리,힐링, 실습&체험",https://www.hooh.kr/sub/teacher/next.asp?m_idx=6982
6983,사수정,한국리더스인성교육원 원장,"동기부여, 삶의자세,건강, 스트레스, 노후, 심리, 운동,교육, 성교육,힐링, 희망, 행복",https://www.hooh.kr/sub/teacher/next.asp?m_idx=6983
6988,오옥란,다가치인재교육컨설팅 대표,"경영/조직, 리더십, 조직문화,퍼스널브랜딩, CS,건강, 스트레스, 웃음, 노후,힐링, 희망, 웃음, 행복, 마음, 자존감",https://www.hooh.kr/sub/teacher/next.asp?m_idx=6988
7004,이미정,천년웃음연구소 소장,"인문학, 문화,경제, 세무/법률,건강, 스트레스, 심리, 정신,창의/마케팅, 광고, SNS,힐링, 웃음, 행복, 유머",https://www.hooh.kr/sub/teacher/next.asp?m_idx=7004
7025,김선우,"더스페셜스피치아카데미 대표, 화가","소통, 커뮤니케이션, 스피치, 프레젠테이션,취업, 면접",https://www.hooh.kr/sub/teacher/next.asp?m_idx=7025
7033,성지영,아나운서,"소통, 커뮤니케이션, 스피치, 프레젠테이션,취업, 면접, 진로",https://www.hooh.kr/sub/teacher/next.asp?m_idx=7033
7034,안정현,마음달심리상담 소장,"삶의자세,소통, 관계, 가족, 부부,건강, 스트레스, 심리,힐링, 희망, 행복, 마음",https://www.hooh.kr/sub/teacher/next.asp?m_idx=7034
7053,김효진,주식회사 온텍컬러 대표,"퍼스널브랜딩, 이미지메이킹, 뷰티, 퍼스널컬러, 호감",https://www.hooh.kr/sub/teacher/next.asp?m_idx=7053
7070,류광현,"작가, 여행가","동기부여, 열정, 도전, 삶의자세, 자기계발,힐링, 여행,취업, 진로",https://www.hooh.kr/sub/teacher/next.asp?m_idx=7070
7124,구경선(구작가),그림작가,"동기부여, 열정, 인생스토리, 도전, 자기관리, 삶의자세, 자기계발, 꿈, 비전,힐링, 희망, 행복",https://www.hooh.kr/sub/teacher/next.asp?m_idx=7124
7150,박소연,뮤지컬 배우,"동기부여, 인생스토리, 도전, 삶의자세, 자기계발, 꿈, 마인드셋,인문학, 예술, 음악,취업, 직업관",https://www.hooh.kr/sub/teacher/next.asp?m_idx=7150
7174,임완수,한국 비영리 사단법인 커뮤니티매핑센터 대표이사,"마음, 나눔",https://www.hooh.kr/sub/teacher/next.asp?m_idx=7174
4226,홍성국,교통안전교육연구소장,,https://www.hooh.kr/sub/teacher/next.asp?m_idx=4226
4266,윤영돈,윤코치연구소 소장,"소통, 프레젠테이션,교육, 글쓰기,취업, 면접, 이력서(자소서)",https://www.hooh.kr/sub/teacher/next.asp?m_idx=4266
6411,한소원,서울대학교 심리학과 교수,"인문학, 뇌과학,건강, 의학, 노후, 심리, 정신",https://www.hooh.kr/sub/teacher/next.asp?m_idx=6411
6429,박그루,프리랜서 동화작가,"동기부여, 자기계발,인문학, 문학,소통, 관계,교육, 독서법, 글쓰기,창의/마케팅, 창의력",https://www.hooh.kr/sub/teacher/next.asp?m_idx=6429
6438,김은정(노마드클로이),"언노마드스쿨 대표,온라인마케터","창업,마케팅, 콘텐츠, SNS",https://www.hooh.kr/sub/teacher/next.asp?m_idx=6438
6629,문지원,위스마일이미지연구소 / 한국의전교육원,"동기부여, 자기관리, 자기계발, 꿈,경영/조직, 조직활성화,소통, 커뮤니케이션, 관계, 스피치,퍼스널브랜딩, 이미지메이킹, CS, 퍼스널컬러,취업, 면접, 직업관",https://www.hooh.kr/sub/teacher/next.asp?m_idx=6629
6630,오혜연,카이스트 공과대학 전산학부 부교수,"AI/미래, 디지털기술, Ai(인공지능), DX",https://www.hooh.kr/sub/teacher/next.asp?m_idx=6630
6703,원상숙,이미지메이킹 연구소 소장,"퍼스널브랜딩, 이미지메이킹, 퍼스널컬러, 스타일링,교육, 자녀교육, 공부법,창의/마케팅, 창의력",https://www.hooh.kr/sub/teacher/next.asp?m_idx=6703
6893,김봄이,비서,"동기부여, 마인드셋,경영/조직, 리더십,소통, 커뮤니케이션,퍼스널브랜딩, 이미지메이킹, CS, 퍼스널컬러, 스타일링,건강, 스트레스,취업, 면접",https://www.hooh.kr/sub/teacher/next.asp?m_idx=6893
6894,오경순,한국스마트교육원장,"창의/마케팅, 광고, 마케팅, 콘텐츠, SNS",https://www.hooh.kr/sub/teacher/next.asp?m_idx=6894
6906,김여정,나르가즘랩 대표,"동기부여, 열정, 프로정신, 자기관리, 자기계발,창업,퍼스널브랜딩, 이미지메이킹,창의/마케팅, 마케팅,취업",https://www.hooh.kr/sub/teacher/next.asp?m_idx=6906
6913,안선진,전문강사,"교육, 자녀교육, 여성학, 성교육, 부모교육",https://www.hooh.kr/sub/teacher/next.asp?m_idx=6913
3964,김성신,한국사법교육원 교수,"소통, 관계, 스피치, 가족,교육, 자녀교육, 공부법, 인성, 부모교육,창의/마케팅, 창의력,힐링, 자존감",https://www.hooh.kr/sub/teacher/next.asp?m_idx=3964
3965,이계춘,파란새강사단 단장,"동기부여, 열정, 인생스토리, 자기관리, 삶의자세,경영/조직, 리더십, 조직문화,소통, 커뮤니케이션, 관계, 가족,건강, 스트레스, 노후,힐링, 웃음, 행복, 유머",https://www.hooh.kr/sub/teacher/next.asp?m_idx=3965
3966,강명화,한국열린사이버대학교 교수,"동기부여, 자기관리, 삶의자세,건강, 스트레스, 비만, 의학,힐링, 행복, 마음, 실습&체험",https://www.hooh.kr/sub/teacher/next.asp?m_idx=3966
3967,최은례,현대명리학연구소 소장,"동기부여, 자기관리, 삶의자세,소통, 커뮤니케이션, 관계,건강,힐링",https://www.hooh.kr/sub/teacher/next.asp?m_idx=3967
3974,김혜경,플러스원 컨설팅 대표,"경영/조직, 조직문화, 조직관리, 조직활성화,소통, 커뮤니케이션, 관계,퍼스널브랜딩, CS, 퍼스널컬러, MBTI,건강, 스트레스,세일즈, 고객관리,힐링, 마음",https://www.hooh.kr/sub/teacher/next.asp?m_idx=3974
3979,최장순,엘레멘트컴퍼니 대표,"경영/조직, 창업, 스타트업,창의/마케팅, 창의력, 광고, 마케팅",https://www.hooh.kr/sub/teacher/next.asp?m_idx=3979
3989,서은훤,행복플러스연구소 소장,"동기부여, 삶의자세, 자기계발, 꿈, 마인드셋,인문학,경영/조직, 리더십, 조직활성화,소통, 커뮤니케이션, 관계, 스피치,힐링, 행복, 자존감",https://www.hooh.kr/sub/teacher/next.asp?m_idx=3989
3995,이규정,그림책 하브루타 부모교육연구소 소장,"소통, 커뮤니케이션, 관계, 가족,교육, 자녀교육, 공부법, 육아, 독서법, 인성, 부모교육,힐링, 마음, 자존감",https://www.hooh.kr/sub/teacher/next.asp?m_idx=3995
4033,김진일,고려대학교 경제학과 교수,"경제, 금융, 경제전망,사회/환경, 국제정세",https://www.hooh.kr/sub/teacher/next.asp?m_idx=4033
4066,정란수,대안관광컨설팅 프로젝트수 대표,"AI/미래, 트렌드,창의/마케팅, 마케팅,힐링, 여행",https://www.hooh.kr/sub/teacher/next.asp?m_idx=4066
4099,정태희,리박스컨설팅 대표이사,"경영/조직, 리더십, 조직문화, 혁신, 조직관리, 목표관리, 조직활성화, 협력, 협업, 상생, 스타트업",https://www.hooh.kr/sub/teacher/next.asp?m_idx=4099
3137,함서정,명상 강사,"건강, 스트레스, 심리, 정신,힐링, 행복, 마음, 실습&체험",https://www.hooh.kr/sub/teacher/next.asp?m_idx=3137
3139,김준원,한국글로벌셀러진흥원 회장,"동기부여, 자기관리, 삶의자세, 자기계발,경영/조직, 경영, 리더십, 조직문화, 조직관리, 목표관리, 조직활성화, 경영전략, CEO, 변화, 창업,소통, 프레젠테이션,교육, 글쓰기,창의/마케팅, 광고, 마케팅, SNS,세일즈, 고객관리",https://www.hooh.kr/sub/teacher/next.asp?m_idx=3139
3646,박시현,골퍼,"동기부여, 열정, 프로정신, 자기관리, 자기계발,건강, 운동,힐링, 실습&체험",https://www.hooh.kr/sub/teacher/next.asp?m_idx=3646
3647,김혜윤,"골퍼, 골프 해설위원","동기부여, 열정, 프로정신, 자기관리, 자기계발,건강, 운동,힐링, 실습&체험",https://www.hooh.kr/sub/teacher/next.asp?m_idx=3647
3667,송덕산,미토컴퍼니 대표,"경영/조직, 리더십, 혁신, 경영전략,창의/마케팅, 상상력, 창의력, 광고, 마케팅, 콘텐츠, SNS,세일즈, 설득, 고객관리",https://www.hooh.kr/sub/teacher/next.asp?m_idx=3667
3669,정동명,한국부동산전문교육원 대표,"경제, 금융, 자산관리, 재무설계, 경제전망, 부동산, 재테크, 투자, 경매, 노후",https://www.hooh.kr/sub/teacher/next.asp?m_idx=3669
3515,마강래,중앙대학교 교수,"경제, 부동산,사회/환경, 사회이슈",https://www.hooh.kr/sub/teacher/next.asp?m_idx=3515
3519,최석훈,매직타임엔터테인먼트 대표,"동기부여, 인생스토리, 도전, 성공,창업,교육, 부모교육,창의/마케팅, 상상력,힐링, 공연&강연,취업, 진로",https://www.hooh.kr/sub/teacher/next.asp?m_idx=3519
3520,김성호,심신통합치유학박사,"건강, 스트레스, 의학, 노후, 심리, 정신,힐링, 희망, 종교, 행복, 마음",https://www.hooh.kr/sub/teacher/next.asp?m_idx=3520
3555,강범구,주식회사 인리치 대표,"동기부여, 자기관리,인문학, 뇌과학,소통, 스피치,건강, 정신,힐링",https://www.hooh.kr/sub/teacher/next.asp?m_idx=3555
3558,이정철,동기부여 강사,"동기부여, 열정, 프로정신, 인생스토리, 도전, 성공, 자기관리, 삶의자세, 자기계발, 꿈, 비전,소통, 관계,힐링, 희망, 행복",https://www.hooh.kr/sub/teacher/next.asp?m_idx=3558
3559,고강유,세무사,"경제, 세무/법률",https://www.hooh.kr/sub/teacher/next.asp?m_idx=3559
3560,오기수,조세사학자,"인문학, 역사, 한국사",https://www.hooh.kr/sub/teacher/next.asp?m_idx=3560
3580,정진석,전문강사,"경영/조직, 경영, 리더십, 조직문화, 조직관리, 목표관리, 조직활성화, 협력, 협업, 상생,소통, 프레젠테이션",https://www.hooh.kr/sub/teacher/next.asp?m_idx=3580
3581,박규남,토지투자 전문가,"경제, 금융, 자산관리, 재무설계, 부동산, 재테크, 투자",https://www.hooh.kr/sub/teacher/next.asp?m_idx=3581
3582,김창진,ETS 아카데미 학회장,"건강, 운동",https://www.hooh.kr/sub/teacher/next.asp?m_idx=3582
3707,장경희,제니케이 대표,"동기부여, 자기관리, 자기계발,인문학, 철학, 문화,퍼스널브랜딩, 이미지메이킹, 뷰티, 패션, 호감, 스타일링,창의/마케팅, 디자인,힐링, 자존감,취업, 진로, 직업관",https://www.hooh.kr/sub/teacher/next.asp?m_idx=3707
3799,류선수,에스에스 스토리 SS Story 대표,"동기부여,경영/조직, 리더십, 조직활성화,소통, 커뮤니케이션, 관계,퍼스널브랜딩, 이미지메이킹, CS, 퍼스널컬러, 호감,세일즈, 고객관리,힐링, 자존감, 실습&체험",https://www.hooh.kr/sub/teacher/next.asp?m_idx=3799
3856,장웅상,"작가, 칼럼니스트","인문학, 고전, 문학, 영화,경영/조직, 리더십,소통, 커뮤니케이션,교육, 공부법, 독서법, 글쓰기,취업, 인생이모작",https://www.hooh.kr/sub/teacher/next.asp?m_idx=3856
3858,김용현,사실뉴스 대표 & 발행인,"동기부여, 성공,경영/조직, 혁신, 경영전략, 창업,창의/마케팅, 창의력, 광고, 마케팅, 콘텐츠,세일즈, 유통, 판매",https://www.hooh.kr/sub/teacher/next.asp?m_idx=3858
3892,박현준,글로밸류 대표,"동기부여, 도전, 성공, 꿈,AI/미래, 트렌드, 디지털기술, 산업, 비즈니스,경영/조직, 혁신, 창업, 스타트업,MBTI,창의/마케팅, 마케팅, 콘텐츠, SNS,세일즈, 협상, 유통, 판매,취업, 진로, 직업관, 인생이모작",https://www.hooh.kr/sub/teacher/next.asp?m_idx=3892
3893,김주원,한국교육학교 대표,"AI/미래, IT,경영/조직, 조직문화, 조직활성화, 창업,경제, 금융,소통, 커뮤니케이션, 스피치, 프레젠테이션,퍼스널브랜딩, MBTI,교육, 입시, 독서법, 인성, 글쓰기,창의/마케팅, SNS,힐링, 웃음,취업, 면접, 이력서(자소서), 진로, 인생이모작",https://www.hooh.kr/sub/teacher/next.asp?m_idx=3893
3902,김윤경,어바웃매너 대표,"인문학, 문화,소통, 커뮤니케이션, 관계,퍼스널브랜딩, 이미지메이킹, 호감,힐링, 웃음, 행복, 실습&체험",https://www.hooh.kr/sub/teacher/next.asp?m_idx=3902
3903,정현두,"작가, 오마이스쿨 강사","경제, 주식, 자산관리, 재테크, 투자, 노후",https://www.hooh.kr/sub/teacher/next.asp?m_idx=3903
3928,함병우,리더십 퍼실리테이터 대표,"경영/조직, 리더십, 조직관리, 목표관리, 조직활성화, CEO,소통, 커뮤니케이션",https://www.hooh.kr/sub/teacher/next.asp?m_idx=3928
3935,강일수,두디스 코칭 대표,"동기부여, 도전, 성공,경영/조직, 리더십, 혁신, 조직관리, 경영전략, CEO,창의/마케팅, 마케팅, 콘텐츠,세일즈, 협상, 고객관리",https://www.hooh.kr/sub/teacher/next.asp?m_idx=3935
3940,정기룡,미래현장전략연구소 소장,"동기부여, 열정, 도전, 자기관리, 삶의자세, 꿈,경제, 재무설계, 노후,소통, 관계, 가족,힐링, 행복, 워라벨, 자존감,취업, 직업관, 인생이모작",https://www.hooh.kr/sub/teacher/next.asp?m_idx=3940
3942,최윤섭,디지털헬스케어파트너스 대표파트너,"AI/미래, 디지털기술, Ai(인공지능), 미래기술, 비즈니스,건강, 의학",https://www.hooh.kr/sub/teacher/next.asp?m_idx=3942
3943,이진아,휴 & 엠 PIB  컨설팅  대표,"자기관리, 자기계발,경영/조직, 리더십,소통, 커뮤니케이션, 관계, 스피치,퍼스널브랜딩, 이미지메이킹, CS, 퍼스널컬러, MBTI,건강, 스트레스,힐링, 마음",https://www.hooh.kr/sub/teacher/next.asp?m_idx=3943
3947,김상태,김상태코칭연구소 대표,"동기부여, 자기관리, 삶의자세, 자기계발, 꿈, 비전, 마인드셋,인문학, 시,소통, 커뮤니케이션, 스피치, 프레젠테이션,퍼스널브랜딩, 호감,교육, 자녀교육, 공부법, 입시, 독서법, 인성, 부모교육, 글쓰기,취업, 면접, 이력서(자소서), 진로, 직업관",https://www.hooh.kr/sub/teacher/next.asp?m_idx=3947
3948,한정진,프레임워크 연구소 대표,"경영/조직, 조직문화, 목표관리,소통, 커뮤니케이션, 관계,퍼스널브랜딩, MBTI,건강, 스트레스,창의/마케팅, 마케팅, 콘텐츠",https://www.hooh.kr/sub/teacher/next.asp?m_idx=3948
3949,김민식,연세대학교 심리학과 교수,"인문학, 뇌과학,건강, 심리, 정신,힐링, 마음",https://www.hooh.kr/sub/teacher/next.asp?m_idx=3949
3950,장항석,연세대학교 의과대학 교수,"건강, 식이요법, 의학",https://www.hooh.kr/sub/teacher/next.asp?m_idx=3950
3957,김은형,임상영양사,"건강, 비만, 식이요법, 의학, 노후",https://www.hooh.kr/sub/teacher/next.asp?m_idx=3957
3961,김은정,에이그로우컨설팅 대표,"경영/조직, 리더십, 조직문화, 목표관리,소통, 커뮤니케이션,퍼스널브랜딩, MBTI,건강, 스트레스,세일즈, 협상, 설득",https://www.hooh.kr/sub/teacher/next.asp?m_idx=3961
3336,신현암,팩토리8(팩토리 에이트)연구소장,"경영/조직, 경영, 경영전략, 변화, 위기관리,창의/마케팅, 창의력, 마케팅,세일즈, 유통, 고객관리",https://www.hooh.kr/sub/teacher/next.asp?m_idx=3336
3337,김수욱,"국가자산관리연구원 원장, 서울대학교 교수","경영/조직, 경영, 혁신, 경영전략, CEO, 변화",https://www.hooh.kr/sub/teacher/next.asp?m_idx=3337
3343,서광원,인간자연생명력연구소 소장,"경영/조직, 경영, 리더십, 조직문화, CEO, 협력, 협업, 상생",https://www.hooh.kr/sub/teacher/next.asp?m_idx=3343
3350,김봉정,프레젠테이션 컨설턴트,"AI/미래, IT, 비즈니스,소통, 프레젠테이션,교육, 글쓰기",https://www.hooh.kr/sub/teacher/next.asp?m_idx=3350
3374,조용진,문화체육관광부 국가표준영정심의위원장,"인문학, 역사, 고전, 미술, 예술, 세계, 문화, 뇌과학",https://www.hooh.kr/sub/teacher/next.asp?m_idx=3374
3381,황정민,전) KBS 아나운서,"동기부여, 자기관리, 자기계발, 마인드셋,소통, 커뮤니케이션, 스피치, 프레젠테이션,퍼스널브랜딩, 이미지메이킹",https://www.hooh.kr/sub/teacher/next.asp?m_idx=3381
3384,강대준,"코스토리 대표이사 , 회계사","경제, 금융, 자산관리, 재무설계, 세무/법률",https://www.hooh.kr/sub/teacher/next.asp?m_idx=3384
3402,김미라,서강대학교 교수,"소통, 부부,교육, 자녀교육, 공부법, 독서법, 인성, 부모교육",https://www.hooh.kr/sub/teacher/next.asp?m_idx=3402
3407,배철영,메디에이지연구소 원장,"건강, 의학, 노후",https://www.hooh.kr/sub/teacher/next.asp?m_idx=3407
3422,고진선,우리동네마음건강연구소 소장 / 한국정신건강진흥원 대표,"건강, 스트레스, 심리, 정신,힐링, 희망",https://www.hooh.kr/sub/teacher/next.asp?m_idx=3422
3424,강광민,조선대학교 객원초빙 교수,"동기부여, 비전,경영/조직, 경영, 리더십,소통,사회/환경, 사회이슈",https://www.hooh.kr/sub/teacher/next.asp?m_idx=3424
3452,이병주,글로벌잡스(Globaljobs) 대표,"취업, 면접, 이력서(자소서), 진로, 직업관, 인생이모작",https://www.hooh.kr/sub/teacher/next.asp?m_idx=3452
3454,최덕호,전문 강사,"경영/조직, 경영, 리더십, 목표관리,소통, 커뮤니케이션, 프레젠테이션,교육, 글쓰기,창의/마케팅",https://www.hooh.kr/sub/teacher/next.asp?m_idx=3454
3455,최갑도,씨앤피네트웍스 전문 교수,"동기부여, 열정, 프로정신, 인생스토리, 도전, 성공, 자기관리, 삶의자세, 자기계발, 꿈, 비전,경영/조직, 리더십, 조직문화, 혁신, 조직관리, 변화,소통, 커뮤니케이션, 관계,힐링, 자존감",https://www.hooh.kr/sub/teacher/next.asp?m_idx=3455
3456,신상대,부모한국 대표,"인문학, 철학, 문학, 시,소통, 커뮤니케이션, 가족,건강, 스트레스, 심리,교육, 인성, 글쓰기,힐링, 행복, 자존감",https://www.hooh.kr/sub/teacher/next.asp?m_idx=3456
3457,김점동,동이쌤의 취업컨설팅 대표,"취업, 면접, 이력서(자소서), 진로, 직업관",https://www.hooh.kr/sub/teacher/next.asp?m_idx=3457
3461,권세윤,PDS컨설팅 대표,"동기부여, 인생스토리, 도전, 성공, 삶의자세, 자기계발,경영/조직, 창업,세일즈, 판매",https://www.hooh.kr/sub/teacher/next.asp?m_idx=3461
3462,이현석,부동산 투자 전문가,"경제, 부동산, 경매",https://www.hooh.kr/sub/teacher/next.asp?m_idx=3462
3464,최봉현,KREBI 한국부동산빅데이터연구소 대표,"빅데이터,경제, 자산관리, 부동산, 재테크, 투자, 경매",https://www.hooh.kr/sub/teacher/next.asp?m_idx=3464
3465,나영근,나영근의 목편한세상 대표,"건강, 의학, 운동,교육, 여성학, 성교육,힐링, 실습&체험",https://www.hooh.kr/sub/teacher/next.asp?m_idx=3465
3466,박중림,JLP 스포츠 의.과학 연구소 대표,"건강, 스트레스, 노후, 운동,힐링, 행복, 마음,취업, 인생이모작",https://www.hooh.kr/sub/teacher/next.asp?m_idx=3466
3468,배종혁,바리스타,"소통, 관계,힐링, 실습&체험",https://www.hooh.kr/sub/teacher/next.asp?m_idx=3468
3470,금동배,바리스타,"소통, 관계,힐링, 실습&체험",https://www.hooh.kr/sub/teacher/next.asp?m_idx=3470
3471,오승규,C-FIVE 커피 조주 아카데미 대표,"소통, 관계,힐링, 실습&체험",https://www.hooh.kr/sub/teacher/next.asp?m_idx=3471
3485,장광석,블루노트 탭댄스 스튜디오 대표,"경영/조직, 조직활성화,건강, 운동,힐링, 공연&강연, 실습&체험",https://www.hooh.kr/sub/teacher/next.asp?m_idx=3485
3487,구자경,성악박사,"인문학, 음악,소통, 스피치,힐링",https://www.hooh.kr/sub/teacher/next.asp?m_idx=3487
3497,조원진,㈜티라움 대표이사,"AI/미래, 트렌드, 디지털기술, IT, Ai(인공지능), DX, 미래기술, 비즈니스, 융합, 메타버스,경영/조직, 혁신, 변화,창의/마케팅, 디자인",https://www.hooh.kr/sub/teacher/next.asp?m_idx=3497
3504,박명호,한국캘리디자인협회 이사,"인문학, 미술, 예술, 문화,창의/마케팅, 창의력, 콘텐츠, 디자인,힐링, 행복, 마음, 실습&체험",https://www.hooh.kr/sub/teacher/next.asp?m_idx=3504
3508,김형준,현대홈쇼핑 GA사업 강남센터 대표 지점장,"동기부여, 열정, 프로정신, 인생스토리, 도전, 자기관리, 자기계발, 마인드셋,세일즈, 설득, 판매, 고객관리",https://www.hooh.kr/sub/teacher/next.asp?m_idx=3508
3510,신성수,Sparkup 대표,"교육, 자녀교육, 부모교육,창의/마케팅, 마케팅, 콘텐츠, SNS,취업, 진로",https://www.hooh.kr/sub/teacher/next.asp?m_idx=3510
3143,김광희,한국문화재보호재단 선진홍보팀장,"인문학, 예술, 문화",https://www.hooh.kr/sub/teacher/next.asp?m_idx=3143
3144,전기보,행복한은퇴연구소 소장,"동기부여, 삶의자세, 자기계발, 마인드셋,경제, 노후",https://www.hooh.kr/sub/teacher/next.asp?m_idx=3144
3150,김병희,Rider Levett Bucknall Korea,"인문학,경영/조직,경제, 세무/법률,사회/환경, 정치",https://www.hooh.kr/sub/teacher/next.asp?m_idx=3150
3151,최재홍,가천대학교 교수,"AI/미래, 디지털기술, IT, 빅데이터, 미래기술, 모바일웹, 비즈니스",https://www.hooh.kr/sub/teacher/next.asp?m_idx=3151
3153,정유진,하이토닥 아동발달 상담센터 소장,"심리, 정신,자녀교육, 육아, 인성, 부모교육",https://www.hooh.kr/sub/teacher/next.asp?m_idx=3153
3160,공미정,백석예술대학교 스피치 교수,"소통, 커뮤니케이션, 스피치",https://www.hooh.kr/sub/teacher/next.asp?m_idx=3160
3162,백남선,포항세명기독병원 유방갑상선암센터 병원장,"건강, 식이요법, 의학",https://www.hooh.kr/sub/teacher/next.asp?m_idx=3162
3167,이만기,입시교육 전문가,"교육, 자녀교육, 공부법, 입시, 부모교육",https://www.hooh.kr/sub/teacher/next.asp?m_idx=3167
3185,김철환,적정마케팅연구소,"교육, 글쓰기,창의/마케팅, 광고, 마케팅, 콘텐츠, SNS,세일즈, 고객관리",https://www.hooh.kr/sub/teacher/next.asp?m_idx=3185
3205,정은표,배우,"소통, 가족, 부부,교육, 자녀교육, 공부법, 육아, 인성, 부모교육",https://www.hooh.kr/sub/teacher/next.asp?m_idx=3205
3208,전겸구,전인치유 Academy 대표,"건강, 스트레스, 노후, 심리,힐링, 행복, 마음",https://www.hooh.kr/sub/teacher/next.asp?m_idx=3208
3255,나종호,한국강소기업연구원 원장,"경영/조직, 경영, 리더십, 조직문화, 혁신, 조직관리, 목표관리, 경영전략, 변화, 위기관리,창의/마케팅, 마케팅,세일즈, 협상, 설득, 판매",https://www.hooh.kr/sub/teacher/next.asp?m_idx=3255
3257,김경록,미래에셋은퇴연구소 소장,"자산관리, 재무설계, 노후,노후",https://www.hooh.kr/sub/teacher/next.asp?m_idx=3257
3259,강창훈,중앙이아이피 대표,"경영/조직, 창업,경제, 자산관리, 재무설계, 노후,건강, 노후,힐링, 봉사,취업, 인생이모작",https://www.hooh.kr/sub/teacher/next.asp?m_idx=3259
3260,이유명호,한의사,"건강, 스트레스, 식이요법, 의학, 노후, 한의학,교육, 여성학",https://www.hooh.kr/sub/teacher/next.asp?m_idx=3260
3261,김형준,명지대학교 교수,"사회/환경, 정치, 국제정세, 사회이슈",https://www.hooh.kr/sub/teacher/next.asp?m_idx=3261
3267,박찬선,(주)연아혜윰 대표,"동기부여, 자기계발,건강, 심리,교육, 자녀교육, 부모교육,취업, 인생이모작",https://www.hooh.kr/sub/teacher/next.asp?m_idx=3267
3271,강준식,벨룸마케팅컴퍼니 대표,"동기부여, 프로정신, 자기계발,창의/마케팅, 상상력, 창의력, 광고, 마케팅, 콘텐츠",https://www.hooh.kr/sub/teacher/next.asp?m_idx=3271
3276,조현영,아트앤소울 대표,"인문학, 고전, 예술, 세계, 문화, 음악",https://www.hooh.kr/sub/teacher/next.asp?m_idx=3276
3303,안재현,아시아미래인재연구소 연구원,"AI/미래, 트렌드, 비즈니스,경영/조직, 창업, 스타트업,창의/마케팅",https://www.hooh.kr/sub/teacher/next.asp?m_idx=3303
3310,홍기훈,홍익대학교 경영대학 교수,"AI/미래, 디지털기술, IT, Ai(인공지능), 블록체인, 융합, 메타버스,경제, 금융, 경제전망, 디지털자산,사회/환경, ESG",https://www.hooh.kr/sub/teacher/next.asp?m_idx=3310
3321,신동형,알서포트 전략기획팀 팀장,"AI/미래, 트렌드, 디지털기술, IT, 미래기술, 사물인터넷, 모바일웹, 사물통신, 산업, 비즈니스, 메타버스",https://www.hooh.kr/sub/teacher/next.asp?m_idx=3321
3322,박재역,한국어문교열연구원 대표,"교육, 글쓰기",https://www.hooh.kr/sub/teacher/next.asp?m_idx=3322
3325,이수정,식음료문화산업연구소 소장,"인문학,힐링, 실습&체험",https://www.hooh.kr/sub/teacher/next.asp?m_idx=3325
3326,한설희,골프선수,"건강, 운동,힐링, 실습&체험",https://www.hooh.kr/sub/teacher/next.asp?m_idx=3326
3327,노중훈,여행작가,"동기부여, 인생스토리, 삶의자세, 자기계발,인문학, 문화,창의/마케팅, 콘텐츠,힐링, 행복, 여행",https://www.hooh.kr/sub/teacher/next.asp?m_idx=3327
3328,조미나,HSG 휴먼솔루션그룹  조직문화연구소 소장,"비전,경영/조직, 경영, 리더십, 조직문화, 혁신, 조직관리, 목표관리, 조직활성화, 경영전략, CEO, 변화, 위기관리",https://www.hooh.kr/sub/teacher/next.asp?m_idx=3328
3331,임정택,고쇼엔터테인먼트 대표,"경영/조직, 리더십, 조직문화, 조직활성화, 창업,소통, 커뮤니케이션, 스피치, 프레젠테이션,퍼스널브랜딩, CS,세일즈, 고객관리,힐링, 웃음, 행복,취업, 진로",https://www.hooh.kr/sub/teacher/next.asp?m_idx=3331
3332,길종철,한양대학교 예술체육대학 연극영화학과 교수,"인문학, 문화, 영화,창의/마케팅, 창의력, 마케팅, 콘텐츠",https://www.hooh.kr/sub/teacher/next.asp?m_idx=3332
10550,신영균,온라인 마케팅 강사,"교육, 글쓰기,창의/마케팅, 광고, 마케팅, 콘텐츠, SNS,세일즈, 판매, 고객관리",https://www.hooh.kr/sub/teacher/next.asp?m_idx=10550
10558,최홍석,이기는PT 대표,"소통, 커뮤니케이션, 스피치, 프레젠테이션,세일즈, 설득, 판매, 고객관리",https://www.hooh.kr/sub/teacher/next.asp?m_idx=10558
10569,김미주,유튜브 ''''''''''''''''꿀팁언니''''''''''''''''운영,"경제, 금융, 재테크,창의/마케팅, 마케팅, 콘텐츠, SNS",https://www.hooh.kr/sub/teacher/next.asp?m_idx=10569
10571,홍재기,에듀플랫 컨설팅 대표,"동기부여, 자기계발,협력, 협업, 상생,소통, 관계,MBTI,교육, 자녀교육, 공부법, 인성, 부모교육,취업, 진로",https://www.hooh.kr/sub/teacher/next.asp?m_idx=10571
10658,황갑선,코리나교연 대표,"동기부여, 자기관리, 삶의자세, 자기계발, 마인드셋,경영/조직, 리더십, 창업,취업, 면접, 이력서(자소서), 진로, 직업관, 인생이모작",https://www.hooh.kr/sub/teacher/next.asp?m_idx=10658
10689,김범준,세인건강운동센터&세인건강관리연구소 대표,"동기부여, 자기관리,건강, 의학, 노후, 운동,힐링, 실습&체험",https://www.hooh.kr/sub/teacher/next.asp?m_idx=10689
11247,조우관,"더커리어스쿨 대표, 작가, 상담사","경영/조직, 조직문화, 조직관리,소통, 커뮤니케이션, 관계,건강, 스트레스, 노후, 심리,교육, 자녀교육, 부모교육,힐링, 마음,취업, 진로, 인생이모작",https://www.hooh.kr/sub/teacher/next.asp?m_idx=11247
11275,최낙언,편한식품정보 대표,"건강, 식이요법",https://www.hooh.kr/sub/teacher/next.asp?m_idx=11275
11541,최헌,감정코칭연구소 대표,"힐링, 마음, 나눔, 자존감",https://www.hooh.kr/sub/teacher/next.asp?m_idx=11541
11544,윤성애,윤성애 금융경제교육 대표,"경제, 금융, 주식, 자산관리, 재무설계, 경제전망, 부동산, 재테크, 투자, 노후",https://www.hooh.kr/sub/teacher/next.asp?m_idx=11544
10335,이승훈,가천대학교 글로벌경영학트랙 교수,"경영/조직, 경영, 경영전략",https://www.hooh.kr/sub/teacher/next.asp?m_idx=10335
10336,노가영,콘텐츠 미디어 산업 전문가,"동기부여, 비전,AI/미래, 트렌드,경영/조직, 리더십, 조직문화, 목표관리,창의/마케팅, 마케팅, 콘텐츠",https://www.hooh.kr/sub/teacher/next.asp?m_idx=10336
11308,김짠부(김지은),"유튜버,재테크 크리에이터","경제, 금융, 주식, 자산관리, 재테크, 투자",https://www.hooh.kr/sub/teacher/next.asp?m_idx=11308
11335,최호진,전문강사,"동기부여, 자기관리, 삶의자세, 자기계발, 비전",https://www.hooh.kr/sub/teacher/next.asp?m_idx=11335
11417,강미영,퍼스널브랜딩위드미 대표,"동기부여, 자기관리, 자기계발, 마인드셋,퍼스널브랜딩, CS,창의/마케팅, 콘텐츠,세일즈, 판매",https://www.hooh.kr/sub/teacher/next.asp?m_idx=11417
11584,이지영,(주)새삶 대표이사,"동기부여, 열정, 도전, 성공, 삶의자세, 꿈,경영/조직, 창업,퍼스널브랜딩, 정리수납,취업, 진로, 직업관",https://www.hooh.kr/sub/teacher/next.asp?m_idx=11584
11585,최낙삼,"좋은상품연구소 소장, 컨설턴트","창의/마케팅, 마케팅,세일즈, 유통, 판매",https://www.hooh.kr/sub/teacher/next.asp?m_idx=11585
11586,송희라,변호사,"경제, 세무/법률,교육, 성교육, 법정의무교육,세일즈, 유통",https://www.hooh.kr/sub/teacher/next.asp?m_idx=11586
11594,박재항,글로벌브랜드앤드트렌드 대표,"인문학, 문화,경영/조직, 조직문화, 혁신, 조직관리, 경영전략,교육, 독서법,창의/마케팅, 마케팅",https://www.hooh.kr/sub/teacher/next.asp?m_idx=11594
11597,백종화,그로플 대표,"경영/조직, 경영, 리더십, 조직문화, 조직관리, 목표관리, 조직활성화, 협력, 협업, 상생",https://www.hooh.kr/sub/teacher/next.asp?m_idx=11597
11598,정재환,한글문화연대 대표,"인문학, 역사, 문화,힐링",https://www.hooh.kr/sub/teacher/next.asp?m_idx=11598
11600,김이재,경인교육대학교 사회과교육과교수,"인문학, 역사, 세계, 문화,경영/조직, 경영, 리더십, 경영전략,창의/마케팅, 상상력,힐링, 여행,사회/환경, ESG",https://www.hooh.kr/sub/teacher/next.asp?m_idx=11600
11612,이보람,디자인씽킹뮤지엄 관장,"AI/미래, 트렌드, 디지털기술, Ai(인공지능), DX,경영/조직, 경영, 혁신,창의/마케팅, 창의력,사회/환경, ESG",https://www.hooh.kr/sub/teacher/next.asp?m_idx=11612
11556,강우준,변호사,"동기부여, 인생스토리,경영/조직, 경영, 리더십, 목표관리, 경영전략, 위기관리,세일즈, 협상, 설득",https://www.hooh.kr/sub/teacher/next.asp?m_idx=11556
11565,박성민,배화여자대학교 비서행정과 교수,"인문학, 문화,경영/조직, 변화,취업, 진로",https://www.hooh.kr/sub/teacher/next.asp?m_idx=11565
11567,심규태,한국CFO스쿨 대표,"경영/조직, 경영, 리더십, 조직문화, 조직관리, 경영전략, 위기관리, 스타트업,경제, 재무설계",https://www.hooh.kr/sub/teacher/next.asp?m_idx=11567
11568,윤여진,(주)혜윰하다 대표,"경영/조직, 창업,창의/마케팅, 마케팅, SNS,세일즈, 유통, 판매",https://www.hooh.kr/sub/teacher/next.asp?m_idx=11568
11571,유상근,미국 UC Riverside 영작문 강의교수,"인문학, 문화, 과학,교육, 자녀교육, 공부법, 입시, 독서법, 글쓰기",https://www.hooh.kr/sub/teacher/next.asp?m_idx=11571
11577,신현한,연세대학교 경영대학 교수,"경영/조직, 경영, 경영전략, 위기관리,경제, 재무설계",https://www.hooh.kr/sub/teacher/next.asp?m_idx=11577
11580,양희동,이화여자대학교 경영대학 교수,"경영/조직, 경영, 경영전략, 변화,창의/마케팅, 마케팅",https://www.hooh.kr/sub/teacher/next.asp?m_idx=11580
12424,김헌상,(사)박영석산악문화진흥회,"동기부여, 열정, 프로정신, 인생스토리, 도전, 성공, 자기관리, 삶의자세, 자기계발, 꿈, 비전, 마인드셋,힐링, 여행",https://www.hooh.kr/sub/teacher/next.asp?m_idx=12424
12440,김채연,KCY아로마자연연구소 소장,"AI/미래, Ai(인공지능),퍼스널브랜딩, 퍼스널컬러,건강, 스트레스,교육, 글쓰기,힐링, 실습&체험",https://www.hooh.kr/sub/teacher/next.asp?m_idx=12440
12456,임태환,프리랜서,"교육, 글쓰기,창의/마케팅, 창의력, 광고, 마케팅, 콘텐츠, SNS,취업, 직업관",https://www.hooh.kr/sub/teacher/next.asp?m_idx=12456
12529,권수련,아힘사 누시마 대표,"동기부여, 자기관리, 삶의자세, 자기계발,건강, 스트레스, 심리, 운동,힐링, 마음, 실습&체험",https://www.hooh.kr/sub/teacher/next.asp?m_idx=12529
12555,임태우,브레인힐링 온라인 심리상담센터 원장,"건강, 스트레스, 심리, 정신,힐링, 마음",https://www.hooh.kr/sub/teacher/next.asp?m_idx=12555
12577,권정윤,연구원,"AI/미래, 트렌드,경영/조직, 경영전략,사회/환경, 사회이슈",https://www.hooh.kr/sub/teacher/next.asp?m_idx=12577
12582,이지웅,(주)업드림코리아 대표이사,"동기부여, 도전, 성공,경영/조직, 창업, 스타트업,창의/마케팅, 마케팅,힐링, 종교,취업",https://www.hooh.kr/sub/teacher/next.asp?m_idx=12582
11634,정명호,이화여자대학교 경영대학 교수,"경영/조직, 경영, 리더십, 조직문화, 조직관리, 조직활성화, 경영전략, 협력, 협업, 상생",https://www.hooh.kr/sub/teacher/next.asp?m_idx=11634
11635,희렌최(최영선),유튜버/ 작가,"경영/조직, 조직문화,소통, 커뮤니케이션, 관계, 스피치, 프레젠테이션,퍼스널브랜딩, 호감",https://www.hooh.kr/sub/teacher/next.asp?m_idx=11635
11661,김준형,국립외교원장,"사회/환경, 정치, 남북관계, 분단, 국제정세, 통일",https://www.hooh.kr/sub/teacher/next.asp?m_idx=11661
11662,홍종호,서울대학교 환경대학원 환경계획과 교수,"경영/조직, 경영, 경영전략, 변화,경제, 경제전망,사회/환경, ESG",https://www.hooh.kr/sub/teacher/next.asp?m_idx=11662
11663,김익한,"문화제작소 가능성들 대표, 기록학자","동기부여, 자기관리, 삶의자세, 자기계발, 마인드셋,인문학, 철학",https://www.hooh.kr/sub/teacher/next.asp?m_idx=11663
11666,박재정,퍼플독 대표,"AI/미래, Ai(인공지능), 비즈니스,경영/조직, 경영전략, CEO, 창업, 스타트업",https://www.hooh.kr/sub/teacher/next.asp?m_idx=11666
11673,신수정,임팩트리더스 아카데미 대표,"경영/조직, 리더십, 조직문화, 혁신, 조직관리, 조직활성화, CEO,소통, 관계",https://www.hooh.kr/sub/teacher/next.asp?m_idx=11673
11674,남보람,국방부 군사편찬연구소 선임연구원,"인문학, 역사, 한국사,경영/조직, 리더십, 조직문화, 조직관리, 조직활성화,사회/환경",https://www.hooh.kr/sub/teacher/next.asp?m_idx=11674
11684,하용호,데이터사이언티스트,"AI/미래, 트렌드, IT, Ai(인공지능), DX, 빅데이터",https://www.hooh.kr/sub/teacher/next.asp?m_idx=11684
11788,김수진,레크레이션 MC,"힐링, 웃음, 행복, 유머, 실습&체험",https://www.hooh.kr/sub/teacher/next.asp?m_idx=11788
11791,이재준,아나운서,"힐링, 웃음, 행복, 유머",https://www.hooh.kr/sub/teacher/next.asp?m_idx=11791
11792,오소영,방송인,"힐링, 웃음, 행복, 유머",https://www.hooh.kr/sub/teacher/next.asp?m_idx=11792
11802,최선수,전문 MC,"힐링, 웃음, 행복, 유머, 실습&체험",https://www.hooh.kr/sub/teacher/next.asp?m_idx=11802
11808,노성민,전문 MC,"힐링, 웃음, 행복, 실습&체험",https://www.hooh.kr/sub/teacher/next.asp?m_idx=11808
11813,강필선,전문 MC,"힐링, 웃음, 행복, 유머, 실습&체험",https://www.hooh.kr/sub/teacher/next.asp?m_idx=11813
11816,김소현,MC,"힐링, 웃음, 행복, 유머, 실습&체험",https://www.hooh.kr/sub/teacher/next.asp?m_idx=11816
11847,이서호,라임 커스텀에듀디자인 대표강사,"경영/조직, 리더십, 조직문화, 조직활성화,소통, 커뮤니케이션, 스피치, 프레젠테이션,퍼스널브랜딩, CS,취업, 면접",https://www.hooh.kr/sub/teacher/next.asp?m_idx=11847
11857,조건희,AWESOME 대표,"동기부여,취업, 면접, 이력서(자소서)",https://www.hooh.kr/sub/teacher/next.asp?m_idx=11857
11876,김미진,바론교육연구소 소장,"동기부여, 자기계발,소통, 커뮤니케이션, 스피치,취업, 인생이모작",https://www.hooh.kr/sub/teacher/next.asp?m_idx=11876
11934,공민경,비바라비다인문학커뮤니티,"동기부여, 삶의자세, 자기계발, 꿈, 비전,인문학, 고전, 철학, 미술, 예술, 문학, 영화,건강, 심리,교육, 글쓰기,힐링, 희망, 행복, 마음",https://www.hooh.kr/sub/teacher/next.asp?m_idx=11934
12083,안동훈,e-dat 아카데미 운영,"경제, 주식, 자산관리, 재테크, 투자",https://www.hooh.kr/sub/teacher/next.asp?m_idx=12083
12129,임민택,홀로하 대표,"동기부여, 삶의자세,힐링, 종교, 행복, 나눔",https://www.hooh.kr/sub/teacher/next.asp?m_idx=12129
12147,정동수,녹십자아이메드 강북의원 보건관리자,"동기부여, 인생스토리, 도전, 자기관리, 삶의자세, 꿈,건강, 스트레스, 비만, 의학, 심리, 정신,힐링, 행복, 워라벨, 마음, 자존감,취업, 면접, 이력서(자소서), 진로, 직업관",https://www.hooh.kr/sub/teacher/next.asp?m_idx=12147
12171,신유미,그림책 작가,"동기부여,인문학, 예술, 문학,힐링, 행복, 공연&강연",https://www.hooh.kr/sub/teacher/next.asp?m_idx=12171
12201,이장균,현대경제연구원 수석연구위원,"디지털기술, IT,경영,경제, 금융",https://www.hooh.kr/sub/teacher/next.asp?m_idx=12201
12231,오봉근,"기업인, 작가","동기부여, 성공,AI/미래,경영/조직, 경영, 리더십, 조직관리, 조직활성화, CEO, 변화, 스타트업",https://www.hooh.kr/sub/teacher/next.asp?m_idx=12231
12290,성효경,라운드어스 스포츠 컨설팅 기획이사,"동기부여, 열정, 프로정신, 자기관리, 삶의자세, 자기계발, 꿈, 비전,창의/마케팅, 마케팅, 콘텐츠,세일즈,취업, 진로, 직업관",https://www.hooh.kr/sub/teacher/next.asp?m_idx=12290
10347,전병옥,기술마케팅연구소 대표,"AI/미래, 트렌드, 비즈니스, 융합,경영/조직, 혁신, 경영전략, 스타트업,창의/마케팅, 마케팅,사회/환경, ESG",https://www.hooh.kr/sub/teacher/next.asp?m_idx=10347
10361,박민정,The행복충전교육연구소,"동기부여, 열정, 삶의자세,소통, 관계,건강, 스트레스,힐링, 희망, 웃음, 행복, 실습&체험",https://www.hooh.kr/sub/teacher/next.asp?m_idx=10361
10410,정구태,(주)비트스퀘어 대표이사,"AI/미래, 디지털기술, 블록체인, 핀테크, 메타버스,경제, 금융, 투자, 디지털자산",https://www.hooh.kr/sub/teacher/next.asp?m_idx=10410
10424,이루리(정용후),"북극곰 편집장, 세종사이버대학교 교수","성공, 꿈, 비전,인문학, 문학,독서법,창의/마케팅,힐링, 행복",https://www.hooh.kr/sub/teacher/next.asp?m_idx=10424
10431,류재언,변호사,"경영/조직, 경영전략,투자,소통, 커뮤니케이션, 관계,세일즈, 협상, 설득",https://www.hooh.kr/sub/teacher/next.asp?m_idx=10431
10458,김겨울,"유튜버, 작가","동기부여, 인생스토리, 삶의자세, 꿈,인문학, 문학, 시,교육, 독서법, 글쓰기,창의/마케팅, 콘텐츠",https://www.hooh.kr/sub/teacher/next.asp?m_idx=10458
10488,유세미,유세미의 직장수업 대표,"동기부여,경영/조직, 리더십, 조직문화, 조직활성화, 협력, 협업, 상생,소통, 커뮤니케이션, 관계, 가족,건강, 스트레스, 심리",https://www.hooh.kr/sub/teacher/next.asp?m_idx=10488
10499,박세열,VM Ware 전무,"AI/미래, 트렌드, 디지털기술, IT, 블록체인, 핀테크,경영,경제, 경제전망, 디지털자산",https://www.hooh.kr/sub/teacher/next.asp?m_idx=10499
10501,김건희,디자인씽킹 대표,"경영/조직, 리더십, 조직문화,소통, 커뮤니케이션,창의/마케팅, 창의력",https://www.hooh.kr/sub/teacher/next.asp?m_idx=10501
10502,강정모,아츠앤트래블 대표,"인문학, 미술, 예술, 세계, 문화",https://www.hooh.kr/sub/teacher/next.asp?m_idx=10502
10503,도현명,임팩트스퀘어 대표,"경영/조직, 조직문화, 혁신, 목표관리, 경영전략, 위기관리,창의/마케팅, 마케팅,사회/환경, ESG",https://www.hooh.kr/sub/teacher/next.asp?m_idx=10503
10491,이준희,비전공작소 소장,"경영/조직, 리더십, 조직문화, 조직관리, 목표관리, 협력, 협업, 상생,소통, 커뮤니케이션, 프레젠테이션,퍼스널브랜딩,교육, 글쓰기,창의/마케팅, 창의력",https://www.hooh.kr/sub/teacher/next.asp?m_idx=10491
10492,박지영,더 공감 스테이션 대표,"프로정신,경영, 리더십, 조직문화, 조직활성화, 위기관리, 협력, 협업, 상생,소통, 커뮤니케이션, 관계,스트레스,여성학",https://www.hooh.kr/sub/teacher/next.asp?m_idx=10492
10493,박곰희,금융전문가,"경제, 금융, 주식, 재무설계, 재테크, 투자",https://www.hooh.kr/sub/teacher/next.asp?m_idx=10493
10494,안지연,해브썸 뮤직 대표,"인문학, 예술, 세계, 문화, 음악,힐링",https://www.hooh.kr/sub/teacher/next.asp?m_idx=10494
10505,김누리,중앙대학교 교수,"경영/조직, 혁신, 변화,교육, 자녀교육, 공부법, 입시,사회/환경, 정치",https://www.hooh.kr/sub/teacher/next.asp?m_idx=10505
10506,이소은,이미지민 대표,"퍼스널브랜딩, 이미지메이킹, 뷰티, 퍼스널컬러, 스타일링",https://www.hooh.kr/sub/teacher/next.asp?m_idx=10506
10507,김덕진,IT커뮤니케이션연구소 소장,"AI/미래, 트렌드, 디지털기술, IT, Ai(인공지능), 빅데이터, 비즈니스, 메타버스",https://www.hooh.kr/sub/teacher/next.asp?m_idx=10507
10509,한창완,세종대학교 창의소프트학부 만화애니메이션텍 교수,"인문학, 예술, 문화,창의/마케팅, 상상력, 마케팅, 콘텐츠, 디자인",https://www.hooh.kr/sub/teacher/next.asp?m_idx=10509
10512,유종민,홍익대학교 경제학부 교수,"경제,사회/환경, ESG, 사회이슈",https://www.hooh.kr/sub/teacher/next.asp?m_idx=10512
10513,김은주,EMC글로벌 대표,"동기부여, 인생스토리, 도전, 성공,경영/조직, 경영, 리더십, 경영전략, CEO,창의/마케팅, 마케팅,세일즈, 협상, 설득, 유통, 판매, 고객관리",https://www.hooh.kr/sub/teacher/next.asp?m_idx=10513
10515,이서현(서늘한여름밤),심리상담센터 에브리마인드 대표,"삶의자세,건강, 심리, 정신,힐링, 마음",https://www.hooh.kr/sub/teacher/next.asp?m_idx=10515
10517,임철일,서울대학교 교수,"AI/미래, 트렌드, Ai(인공지능),교육, 자녀교육, 공부법, 부모교육",https://www.hooh.kr/sub/teacher/next.asp?m_idx=10517
10519,이기원,서울대학교 농생명공학부 부교수,"AI/미래, 트렌드, 디지털기술, Ai(인공지능), 미래기술, 사물인터넷, 산업, 융합,경영/조직, 스타트업",https://www.hooh.kr/sub/teacher/next.asp?m_idx=10519
10522,이상민,경희대학교 부교수,"교육, 자녀교육, 공부법, 부모교육,창의/마케팅, 창의력",https://www.hooh.kr/sub/teacher/next.asp?m_idx=10522
10523,박현우,유튜브랩 총괄 PD,"동기부여, 열정, 프로정신, 도전, 자기계발,창의/마케팅, 상상력, 마케팅, 콘텐츠",https://www.hooh.kr/sub/teacher/next.asp?m_idx=10523
10524,이종필,건국대학교 상허교양대학 조교수,"인문학, 과학,교육, 자녀교육, 부모교육",https://www.hooh.kr/sub/teacher/next.asp?m_idx=10524
10526,김미현,전문 강사,"경영/조직, 스타트업,창의/마케팅, 광고, 마케팅, 콘텐츠, SNS",https://www.hooh.kr/sub/teacher/next.asp?m_idx=10526
10529,김유성,"민들레미디어 대표, 유쌤클래스 대표강사","AI/미래, 트렌드, Ai(인공지능),퍼스널브랜딩,교육, 자녀교육,창의/마케팅, 마케팅, 콘텐츠, SNS,취업, 인생이모작",https://www.hooh.kr/sub/teacher/next.asp?m_idx=10529
10531,박길현,오와이오 대표,"경영/조직, 창업,창의/마케팅, 광고, 마케팅, 콘텐츠, SNS, 디자인,취업, 직업관",https://www.hooh.kr/sub/teacher/next.asp?m_idx=10531
10533,나연재,연재컴퍼니 대표,"경영/조직, 창업, 스타트업,창의/마케팅, 광고, 마케팅, 콘텐츠,세일즈, 판매, 고객관리",https://www.hooh.kr/sub/teacher/next.asp?m_idx=10533
7901,전재구,한국음료강사협의회 대표,"인문학, 문화,힐링, 실습&체험",https://www.hooh.kr/sub/teacher/next.asp?m_idx=7901
7916,김창균,H-AI 모빌리티 전략 연구소 대표,"동기부여, 열정, 프로정신, 인생스토리, 도전, 성공, 자기계발, 꿈,AI/미래, 트렌드, 디지털기술, IT, 빅데이터, 미래기술, 사물인터넷, 산업, 융합,인문학,경영/조직, 리더십, 혁신, 경영전략, 변화,사회/환경",https://www.hooh.kr/sub/teacher/next.asp?m_idx=7916
7960,김선호,국방개혁전략포럼 MIRE 대표,"리더십, 조직문화, 혁신,정치",https://www.hooh.kr/sub/teacher/next.asp?m_idx=7960
7962,김기호,"아름다운 삶 교육원장, Creative 13 명상 센터 원장","동기부여, 열정, 프로정신, 도전, 자기관리, 삶의자세, 자기계발,건강, 노후, 심리, 정신,힐링, 행복, 마음,취업, 인생이모작",https://www.hooh.kr/sub/teacher/next.asp?m_idx=7962
7975,김용성,청년공방 대표,"힐링, 실습&체험",https://www.hooh.kr/sub/teacher/next.asp?m_idx=7975
8054,이경선,"시인, 교육자","동기부여, 삶의자세, 자기계발,인문학, 시,교육, 글쓰기,힐링, 마음, 실습&체험,취업, 진로, 인생이모작",https://www.hooh.kr/sub/teacher/next.asp?m_idx=8054
8093,정재은,다온커뮤니케이션 대표,"동기부여, 자기계발, 마인드셋,경영/조직, 조직문화, 조직활성화,소통, 커뮤니케이션, 스피치,퍼스널브랜딩, CS",https://www.hooh.kr/sub/teacher/next.asp?m_idx=8093
8095,한재원,LNS HRD 본부 대표,"동기부여, 자기계발, 마인드셋,경영/조직, 리더십, 조직문화, 조직활성화, 협력, 협업, 상생,소통, 커뮤니케이션, 관계, 가족, 부부,교육, 자녀교육,세일즈",https://www.hooh.kr/sub/teacher/next.asp?m_idx=8095
8103,도현영,작가,"동기부여, 자기관리, 삶의자세, 마인드셋,소통, 커뮤니케이션, 관계",https://www.hooh.kr/sub/teacher/next.asp?m_idx=8103
8105,정보근,정보근앤컴퍼니 대표,"경영/조직, 창업,소통, 프레젠테이션,퍼스널브랜딩, 이미지메이킹, CS,창의/마케팅, SNS,세일즈, 판매, 고객관리,취업, 면접",https://www.hooh.kr/sub/teacher/next.asp?m_idx=8105
8107,김응빈,"연세대학교 교수, 미래융합연구원 과학문화연구센터장","인문학, 철학, 예술, 과학,건강, 식이요법, 의학",https://www.hooh.kr/sub/teacher/next.asp?m_idx=8107
8137,이주영(마이맘),유튜브 마이맘TV 크리에이터,"동기부여, 도전, 자기계발,교육, 자녀교육, 공부법, 입시, 부모교육,창의/마케팅, 콘텐츠, SNS",https://www.hooh.kr/sub/teacher/next.asp?m_idx=8137
8380,이기종,온미디어 대표,"AI/미래, 디지털기술,창의/마케팅, 광고, 마케팅, 콘텐츠, SNS",https://www.hooh.kr/sub/teacher/next.asp?m_idx=8380
8425,김재환,스킨이데아 대표,"창의/마케팅, 상상력, 창의력, 광고, 마케팅, 콘텐츠",https://www.hooh.kr/sub/teacher/next.asp?m_idx=8425
8461,손지혜,"미국 대학원 졸업맘, 작가","교육, 공부법, 부모교육",https://www.hooh.kr/sub/teacher/next.asp?m_idx=8461
8465,조영근,"하이터치경영연구원 원장, 한국생산성본부 지도교수","동기부여, 자기계발, 마인드셋,AI/미래, 트렌드,경영/조직, 경영, 리더십,소통, 부부,힐링, 행복",https://www.hooh.kr/sub/teacher/next.asp?m_idx=8465
8562,오두환,한국온라인광고연구소장,"동기부여, 열정, 인생스토리, 도전, 성공, 삶의자세, 자기계발, 꿈, 마인드셋,창의/마케팅, 창의력, 광고, 마케팅, 콘텐츠",https://www.hooh.kr/sub/teacher/next.asp?m_idx=8562
8603,김진수,신촌세브란스병원 간호사,"동기부여, 인생스토리, 자기계발,교육, 글쓰기,힐링, 여행,취업, 진로, 직업관",https://www.hooh.kr/sub/teacher/next.asp?m_idx=8603
9730,노단비,KH자산관리법인센터 대표,"경영/조직, 리더십, CEO,경제, 경제전망, 재테크,소통, 커뮤니케이션",https://www.hooh.kr/sub/teacher/next.asp?m_idx=9730
9744,이상희,한국침례신학대학교 강사,"인문학, 예술, 음악,교육, 자녀교육, 공부법, 부모교육,창의/마케팅, 창의력",https://www.hooh.kr/sub/teacher/next.asp?m_idx=9744
9813,유선국,컴퓨터 학원 강사,"동기부여, 프로정신, 도전, 자기계발,교육",https://www.hooh.kr/sub/teacher/next.asp?m_idx=9813
9937,한기백,한바른식품연구소 대표,"동기부여, 프로정신, 도전, 성공, 삶의자세, 자기계발,경영/조직, 창업, 스타트업,창의/마케팅, 광고, 마케팅, 콘텐츠",https://www.hooh.kr/sub/teacher/next.asp?m_idx=9937
9955,길경빈,틴스튜디오 CPO (최고제품관리자),"AI/미래, IT,스타트업,창의/마케팅, 콘텐츠, SNS, 디자인",https://www.hooh.kr/sub/teacher/next.asp?m_idx=9955
10001,유해심,서울대학교 학부생,"인문학,취업, 진로",https://www.hooh.kr/sub/teacher/next.asp?m_idx=10001
10059,최지혜,서울대학교 소비트렌드센터 연구위원,"AI/미래, 트렌드,경영/조직, 경영, 경영전략, 변화",https://www.hooh.kr/sub/teacher/next.asp?m_idx=10059
10105,김은영(김켈리),프리랜서 강사 및 크리에이터,"동기부여, 자기계발,교육, 자녀교육, 공부법, 부모교육,창의/마케팅, 콘텐츠,취업, 진로",https://www.hooh.kr/sub/teacher/next.asp?m_idx=10105
10113,서일정,"고려대명강사최고위과정운영 대표강사, 성공사관학교총장","동기부여, 삶의자세,경영/조직, 리더십, 혁신, 변화,건강, 노후,힐링",https://www.hooh.kr/sub/teacher/next.asp?m_idx=10113
10117,이승화,"북렌즈 대표, 독서교육 전문강사","AI/미래, Ai(인공지능),소통, 커뮤니케이션,교육, 자녀교육, 독서법, 글쓰기",https://www.hooh.kr/sub/teacher/next.asp?m_idx=10117
10119,김영준,"작가, 칼럼리스트","경영/조직, 경영, 목표관리, 경영전략, 변화, 위기관리, 창업",https://www.hooh.kr/sub/teacher/next.asp?m_idx=10119
10121,이동우,이동우콘텐츠연구소 대표이사,"경영/조직, 경영, 리더십, 조직관리, 경영전략, CEO, 위기관리,소통, 커뮤니케이션, 스피치",https://www.hooh.kr/sub/teacher/next.asp?m_idx=10121
10123,박란주,WCAAPTV 세문애총출대표.작가.연출가 배우,"힐링, 웃음",https://www.hooh.kr/sub/teacher/next.asp?m_idx=10123
10127,이진아,眞&교육컴퍼니 대표,"동기부여, 자기관리, 자기계발, 비전, 마인드셋,AI/미래, Ai(인공지능),경영/조직, 리더십, 목표관리, 조직활성화, 변화,소통, 커뮤니케이션, 관계,퍼스널브랜딩, 이미지메이킹, CS, MBTI,건강, 스트레스,교육, 법정의무교육,창의/마케팅, 창의력,취업, 면접, 이력서(자소서), 진로, 직업관, 인생이모작",https://www.hooh.kr/sub/teacher/next.asp?m_idx=10127
10189,이의수,남성사회문화연구소 소장,"동기부여, 자기관리, 삶의자세,소통, 가족,힐링, 종교, 행복, 마음",https://www.hooh.kr/sub/teacher/next.asp?m_idx=10189
10282,이중대,메시지하우스 대표,"경영/조직, 리더십, 조직문화, 조직관리, 조직활성화, 위기관리,창의/마케팅, 마케팅, 콘텐츠",https://www.hooh.kr/sub/teacher/next.asp?m_idx=10282
10284,김재호,변호사 김재호 법률사무소 대표,"경제, 세무/법률,교육, 성교육, 법정의무교육,취업, 진로, 직업관",https://www.hooh.kr/sub/teacher/next.asp?m_idx=10284
10303,장정자,한국펀(FUN)리더십 연구소 소장,"동기부여, 삶의자세,인문학, 고전,소통, 관계,교육, 여성학, 성교육,힐링, 웃음, 행복, 유머",https://www.hooh.kr/sub/teacher/next.asp?m_idx=10303
13329,이덕환,수도국제대학원대학교 자연건강관리학교수,"건강, 식이요법, 의학, 노후, 운동,힐링, 실습&체험",https://www.hooh.kr/sub/teacher/next.asp?m_idx=13329
13336,이호영,커리어플랫폼 대표,"AI/미래, 트렌드, IT, Ai(인공지능), 산업,경영/조직, 창업,소통, 프레젠테이션,교육, 자녀교육, 부모교육,사회/환경, ESG,취업, 면접, 이력서(자소서), 진로, 직업관",https://www.hooh.kr/sub/teacher/next.asp?m_idx=13336
13346,김용재,골드스톤파트너스 대표이사,"경제, 금융, 주식, 자산관리, 경제전망, 부동산, 재테크, 투자, 노후",https://www.hooh.kr/sub/teacher/next.asp?m_idx=13346
13351,이주아,심력연구소 심스쿨 대표,"동기부여, 자기관리, 삶의자세,건강, 스트레스, 심리,힐링, 희망, 마음, 실습&체험",https://www.hooh.kr/sub/teacher/next.asp?m_idx=13351
13290,김은화,기업교육솔루션 대표,"경영/조직, 리더십, 조직문화, 조직관리, 조직활성화,소통, 커뮤니케이션,퍼스널브랜딩, MBTI,건강, 스트레스, 심리, 정신,힐링, 행복, 마음",https://www.hooh.kr/sub/teacher/next.asp?m_idx=13290
13293,최승필,독서교육전문가,"교육, 자녀교육, 공부법, 육아, 독서법, 부모교육, 글쓰기",https://www.hooh.kr/sub/teacher/next.asp?m_idx=13293
13296,박효배,씨앤비코리아 대표,"동기부여, 삶의자세,소통, 커뮤니케이션, 관계, 가족,퍼스널브랜딩, 정리수납",https://www.hooh.kr/sub/teacher/next.asp?m_idx=13296
13300,정지연,강사,"동기부여, 인생스토리,소통, 커뮤니케이션, 스피치, 프레젠테이션,퍼스널브랜딩, 호감,취업, 면접",https://www.hooh.kr/sub/teacher/next.asp?m_idx=13300
13308,조명광,디트리스 대표이사,"창의/마케팅, 마케팅, 콘텐츠, 디자인",https://www.hooh.kr/sub/teacher/next.asp?m_idx=13308
13312,강민주,캔들 크래프트 강사,"힐링, 실습&체험",https://www.hooh.kr/sub/teacher/next.asp?m_idx=13312
13211,장진규,"인지과학자, 컴패노이드 랩스 의장","AI/미래, 트렌드, Ai(인공지능), DX, 미래기술,경영/조직, 리더십, 조직관리, 경영전략, 창업, 스타트업,창의/마케팅, 디자인",https://www.hooh.kr/sub/teacher/next.asp?m_idx=13211
13216,정지우,작가. 변호사,"인문학, 문화, 문학,교육, 독서법, 글쓰기,사회/환경, 사회이슈",https://www.hooh.kr/sub/teacher/next.asp?m_idx=13216
13231,정형채,세종대학교 물리학과 교수,"인문학, 과학",https://www.hooh.kr/sub/teacher/next.asp?m_idx=13231
13238,주단,교집합 수학 연구소 소장,"교육, 자녀교육, 공부법, 입시, 부모교육,취업, 진로",https://www.hooh.kr/sub/teacher/next.asp?m_idx=13238
13256,팝핀현준,"공연예술가, 교수","동기부여, 열정, 프로정신, 인생스토리, 도전, 성공, 자기관리, 꿈, 마인드셋,힐링, 희망, 행복, 공연&강연",https://www.hooh.kr/sub/teacher/next.asp?m_idx=13256
13272,안주연,정신의학과 전문의,"동기부여, 삶의자세,소통, 관계,건강, 스트레스, 심리, 정신,힐링, 마음, 자존감",https://www.hooh.kr/sub/teacher/next.asp?m_idx=13272
12918,현병수,한양대학교 체육학 공연 컨텐츠 지도 교수,"경영/조직, 리더십,소통,교육, 성교육,힐링, 웃음, 유머, 공연&강연",https://www.hooh.kr/sub/teacher/next.asp?m_idx=12918
12943,김덕만,청렴윤리연구원 원장,"동기부여, 프로정신, 인생스토리, 삶의자세,경영/조직, 경영, 조직관리,경제, 세무/법률,교육, 인성, 법정의무교육",https://www.hooh.kr/sub/teacher/next.asp?m_idx=12943
12948,김민호,주식회사 에크네 대표,"경영/조직, 창업, 스타트업",https://www.hooh.kr/sub/teacher/next.asp?m_idx=12948
12959,이정훈,라이프케어 소함명상센터 원장/ 한국 라이프케어 요가명상 협회 대표,"동기부여, 도전, 자기관리, 자기계발, 마인드셋,소통, 가족,건강, 스트레스, 심리,힐링, 마음, 실습&체험",https://www.hooh.kr/sub/teacher/next.asp?m_idx=12959
13006,원종우,"작가,과학과 사람들 대표","인문학, 역사, 과학,창의/마케팅, 창의력",https://www.hooh.kr/sub/teacher/next.asp?m_idx=13006
13369,현원정,이미지리더십 대표,"소통, 커뮤니케이션,퍼스널브랜딩, 이미지메이킹, 호감",https://www.hooh.kr/sub/teacher/next.asp?m_idx=13369
13380,오지혜,위드오 에듀컨설팅 대표,"동기부여, 자기관리, 마인드셋,경영/조직, 리더십, 조직문화,소통, 커뮤니케이션, 관계,퍼스널브랜딩, 이미지메이킹, CS,힐링, 마음",https://www.hooh.kr/sub/teacher/next.asp?m_idx=13380
13387,이동고,이모작 생활연구소 대표,"경제, 주식, 자산관리, 재무설계, 부동산, 재테크, 투자, 노후",https://www.hooh.kr/sub/teacher/next.asp?m_idx=13387
13400,변현무,올라운드이벤트 대표,"소통, 커뮤니케이션,창의/마케팅, 콘텐츠,힐링, 웃음, 행복, 유머,취업, 진로, 직업관",https://www.hooh.kr/sub/teacher/next.asp?m_idx=13400
13419,정경,"예술가, 방송인","인문학, 예술, 세계, 음악,경영/조직, 리더십,힐링, 공연&강연",https://www.hooh.kr/sub/teacher/next.asp?m_idx=13419
13434,손창현,오티디코퍼레이션 대표이사,"경영/조직, 경영, 경영전략, 창업, 스타트업,창의/마케팅, 디자인",https://www.hooh.kr/sub/teacher/next.asp?m_idx=13434
13448,조수민,"루트퍼셉션 대표, 한국ICT조명연구원 강사","AI/미래, 사물인터넷,인문학, 미술, 예술,창의/마케팅, 디자인,사회/환경",https://www.hooh.kr/sub/teacher/next.asp?m_idx=13448
13454,김상연,광운대학교 교수,"AI/미래, Ai(인공지능), 빅데이터,인문학, 문화,교육, 공부법,창의/마케팅, 마케팅",https://www.hooh.kr/sub/teacher/next.asp?m_idx=13454
13459,김민성,차트스쿨미디어 대표,"AI/미래, 산업,경제, 금융, 주식, 경제전망, 재테크, 투자",https://www.hooh.kr/sub/teacher/next.asp?m_idx=13459
13498,정양현,(주)헬로마케팅 대표이사,"경영/조직, 리더십, 경영전략, 창업, 스타트업,소통, 스피치,창의/마케팅, 마케팅",https://www.hooh.kr/sub/teacher/next.asp?m_idx=13498
13522,김원규,강사,"인문학, 역사, 세계, 영화,경영/조직, 리더십,경제, 재테크,교육, 글쓰기,창의/마케팅, 마케팅, 콘텐츠, SNS,힐링, 여행",https://www.hooh.kr/sub/teacher/next.asp?m_idx=13522
13530,안규호,한국세일즈성공합협회 대표,"동기부여, 열정, 도전, 성공, 마인드셋,창의/마케팅, 창의력, 광고, 마케팅,세일즈, 협상, 설득, 고객관리",https://www.hooh.kr/sub/teacher/next.asp?m_idx=13530
13535,송한영,"베다라이프 대표, 아유르베다 의사","건강, 스트레스, 식이요법, 노후, 심리, 정신,교육, 자녀교육,힐링, 마음, 실습&체험",https://www.hooh.kr/sub/teacher/next.asp?m_idx=13535
13537,김상현,"필름 대표, 작가","동기부여, 열정, 도전, 삶의자세, 자기계발, 꿈, 비전,소통, 관계,힐링, 마음, 자존감",https://www.hooh.kr/sub/teacher/next.asp?m_idx=13537
13540,박강균,"개그맨, 유튜브 크리에이터","동기부여, 열정, 인생스토리, 도전, 성공, 자기계발,창의/마케팅, 콘텐츠, SNS,힐링, 웃음, 유머",https://www.hooh.kr/sub/teacher/next.asp?m_idx=13540
13549,최용덕,체육교육학자,"동기부여, 열정, 인생스토리, 성공, 자기관리, 삶의자세",https://www.hooh.kr/sub/teacher/next.asp?m_idx=13549
13555,이은경,"작가, 전 초등교사","동기부여,소통, 관계, 가족,교육, 자녀교육, 공부법, 육아, 입시, 독서법, 부모교육, 글쓰기",https://www.hooh.kr/sub/teacher/next.asp?m_idx=13555
13561,이윤규,변호사,"동기부여, 열정, 인생스토리, 도전, 자기계발, 마인드셋,교육, 자녀교육, 공부법, 부모교육",https://www.hooh.kr/sub/teacher/next.asp?m_idx=13561
13573,이래학,"증권, 주식투자전문가","경제, 금융, 주식, 자산관리, 경제전망, 재테크, 투자",https://www.hooh.kr/sub/teacher/next.asp?m_idx=13573
13578,권민창,"마인드셋 대표, 작가","동기부여, 열정, 인생스토리, 도전, 자기계발, 마인드셋",https://www.hooh.kr/sub/teacher/next.asp?m_idx=13578
13614,이진천,"디씨에스 대표, 작가","AI/미래, 미래기술, 산업,힐링, 여행",https://www.hooh.kr/sub/teacher/next.asp?m_idx=13614
13623,조지희,전문강사,"소통, 커뮤니케이션, 관계, 가족, 부부, 연애,퍼스널브랜딩, MBTI,교육, 성교육, 법정의무교육",https://www.hooh.kr/sub/teacher/next.asp?m_idx=13623
13685,김소연,경희대학교 국제학과 마케팅 교수,"AI/미래, 트렌드, 빅데이터,경영/조직, 혁신, 경영전략,소통, 커뮤니케이션,퍼스널브랜딩, 이미지메이킹,창의/마케팅, 창의력, 광고, 마케팅, 콘텐츠, SNS,세일즈, 설득, 판매, 고객관리",https://www.hooh.kr/sub/teacher/next.asp?m_idx=13685
13719,정도영,사람과 직업연구소 대표,"동기부여, 자기관리, 삶의자세, 자기계발, 마인드셋,경영/조직, 변화, 창업,경제, 노후,소통, 커뮤니케이션, 관계,퍼스널브랜딩,힐링, 행복,취업, 인생이모작",https://www.hooh.kr/sub/teacher/next.asp?m_idx=13719
13724,박재민,"배우, 방송인","동기부여, 열정, 프로정신, 인생스토리, 도전, 성공, 삶의자세, 비전, 마인드셋",https://www.hooh.kr/sub/teacher/next.asp?m_idx=13724
13750,이승태,법무법인 도시와사람 대표 변호사,"경제, 부동산, 세무/법률",https://www.hooh.kr/sub/teacher/next.asp?m_idx=13750
11695,김관훈,(주) 다른 두끼떡볶이 대표,"열정, 프로정신, 도전, 성공, 비전,경영/조직, 창업,소통,세일즈, 유통, 판매,취업, 진로",https://www.hooh.kr/sub/teacher/next.asp?m_idx=11695
11752,이동영,이동영글쓰기교육그룹 대표,"동기부여, 열정, 자기계발,인문학, 문학,교육, 독서법, 글쓰기,창의/마케팅",https://www.hooh.kr/sub/teacher/next.asp?m_idx=11752
11758,이현주,빅에듀 대표,"경영/조직, 리더십, 조직문화, 조직활성화,소통, 커뮤니케이션, 스피치, 프레젠테이션,퍼스널브랜딩, CS,건강, 스트레스,힐링, 행복, 마음",https://www.hooh.kr/sub/teacher/next.asp?m_idx=11758
12860,국종성,서울대학교 지구환경과학부 교수,"인문학, 과학,사회/환경, ESG",https://www.hooh.kr/sub/teacher/next.asp?m_idx=12860
12615,김태은,KBSmediaedu 아유르베다  교수,"건강, 스트레스, 심리, 운동,힐링, 행복, 실습&체험",https://www.hooh.kr/sub/teacher/next.asp?m_idx=12615
13171,박주용,서울대학교 심리학과 교수,"교육, 자녀교육, 공부법, 부모교육,창의/마케팅, 상상력, 창의력",https://www.hooh.kr/sub/teacher/next.asp?m_idx=13171
13172,박동흠,회계사,"경제, 금융, 주식, 자산관리, 재무설계, 재테크, 투자, 세무/법률",https://www.hooh.kr/sub/teacher/next.asp?m_idx=13172
13174,박영주,변호사,"경제, 세무/법률,교육, 공부법, 성교육, 법정의무교육",https://www.hooh.kr/sub/teacher/next.asp?m_idx=13174
13183,박선민,"대중문화평론가, 예술감독, 교수","인문학, 예술, 세계, 문화, 음악,창의/마케팅, 콘텐츠",https://www.hooh.kr/sub/teacher/next.asp?m_idx=13183
13185,박재용,과학작가,"인문학, 역사, 과학,사회/환경, ESG",https://www.hooh.kr/sub/teacher/next.asp?m_idx=13185
13188,썬킴,"강사, 방송인","인문학, 역사, 세계, 문화, 한국사",https://www.hooh.kr/sub/teacher/next.asp?m_idx=13188
13190,안준헌,"크리에이터, 블루그라운드미디어 대표","동기부여, 열정, 인생스토리, 도전, 자기계발, 꿈, 비전,창의/마케팅, 창의력, 콘텐츠",https://www.hooh.kr/sub/teacher/next.asp?m_idx=13190
13195,배소이,마인드플랫닛 대표,"동기부여, 자기계발,소통, 관계,퍼스널브랜딩, MBTI,취업, 진로, 인생이모작",https://www.hooh.kr/sub/teacher/next.asp?m_idx=13195
13203,민정웅,인하대학교 교수,"AI/미래, 산업, 비즈니스, 융합,경영/조직, 경영전략, 창업",https://www.hooh.kr/sub/teacher/next.asp?m_idx=13203
13205,이충민,"성교육전문가, 웹툰작가","교육, 자녀교육, 성교육, 인성, 부모교육",https://www.hooh.kr/sub/teacher/next.asp?m_idx=13205
13023,박일,발레마스터,"동기부여, 프로정신, 인생스토리,인문학, 예술, 세계, 문화",https://www.hooh.kr/sub/teacher/next.asp?m_idx=13023
13042,변연배,딜리버리N 대표이사,"동기부여, 열정, 프로정신, 도전, 삶의자세, 자기계발, 비전,인문학,경영/조직, 리더십, 조직문화, 조직관리, 조직활성화, CEO,취업, 인생이모작",https://www.hooh.kr/sub/teacher/next.asp?m_idx=13042
13045,박찬준,작가,"동기부여, 인생스토리,인문학, 세계, 문학,경영/조직, 리더십, 조직문화",https://www.hooh.kr/sub/teacher/next.asp?m_idx=13045
13049,추기옥,양지재가복지센터장,"건강, 노후,힐링, 행복,취업, 인생이모작",https://www.hooh.kr/sub/teacher/next.asp?m_idx=13049
13057,정현우,팀빌딩전문가,"경영/조직, 리더십, 조직문화, 조직활성화,소통, 커뮤니케이션, 스피치,건강, 스트레스,힐링",https://www.hooh.kr/sub/teacher/next.asp?m_idx=13057
13072,알파고 시나씨,방송인,"인문학, 역사, 세계, 문화,경제,사회/환경, 정치, 국제정세, 사회이슈",https://www.hooh.kr/sub/teacher/next.asp?m_idx=13072
13080,김경수,우리글진흥원 전임교수/오지전문레이서,"동기부여, 열정, 도전, 자기관리, 삶의자세, 자기계발,경영/조직, 리더십, 혁신,퍼스널브랜딩, CS,교육, 글쓰기,취업, 인생이모작",https://www.hooh.kr/sub/teacher/next.asp?m_idx=13080
13092,홍종선,대중문화기자,"동기부여, 인생스토리, 자기관리,인문학, 예술, 문화, 영화,경영/조직, 리더십,창의/마케팅,힐링",https://www.hooh.kr/sub/teacher/next.asp?m_idx=13092
13105,박석재,한국천문연구원 원장,"동기부여, 프로정신, 삶의자세,AI/미래, 우주,인문학, 과학",https://www.hooh.kr/sub/teacher/next.asp?m_idx=13105
13106,박지헌,가수,"동기부여, 도전,건강, 스트레스,교육, 자녀교육, 육아, 부모교육,힐링, 공연&강연",https://www.hooh.kr/sub/teacher/next.asp?m_idx=13106
13112,천연진,마음아마음아 대표,"동기부여, 자기관리, 자기계발, 마인드셋,소통, 커뮤니케이션, 관계,교육, 글쓰기,힐링, 마음, 자존감",https://www.hooh.kr/sub/teacher/next.asp?m_idx=13112
13120,윤석만,"사회학자, 중앙일보 논설위원","비전,Ai(인공지능),리더십, 조직관리,소통,글쓰기",https://www.hooh.kr/sub/teacher/next.asp?m_idx=13120
13121,오수향,"심리소통전문가, 작가","동기부여, 열정, 도전, 자기관리, 삶의자세, 자기계발, 꿈, 비전,비즈니스,인문학,경영/조직, 경영, 리더십, 조직문화, 경영전략, CEO, 변화,소통, 커뮤니케이션, 관계, 프레젠테이션,심리,교육, 자녀교육, 공부법, 육아, 부모교육,힐링, 행복",https://www.hooh.kr/sub/teacher/next.asp?m_idx=13121
13124,이서진,더컬쳐앤 대표,"동기부여, 인생스토리, 삶의자세, 자기계발,인문학, 음악,경영/조직, 창업,교육, 글쓰기,취업, 진로",https://www.hooh.kr/sub/teacher/next.asp?m_idx=13124
13128,박하선우(박헌식),뮤지카필리아 대표,"동기부여, 성공, 삶의자세,융합,인문학, 예술, 문화, 문학, 영화, 음악, 뇌과학,건강, 스트레스, 심리, 정신,힐링, 행복, 마음",https://www.hooh.kr/sub/teacher/next.asp?m_idx=13128
13147,강용철,국어강사,"교육, 자녀교육, 공부법, 독서법, 부모교육",https://www.hooh.kr/sub/teacher/next.asp?m_idx=13147
13154,김지용,정신건강의학과 전문의,"소통, 연애,건강, 스트레스, 정신,힐링, 마음",https://www.hooh.kr/sub/teacher/next.asp?m_idx=13154
13165,이병세,언금술사 대표,"교육, 자녀교육, 공부법, 독서법, 글쓰기",https://www.hooh.kr/sub/teacher/next.asp?m_idx=13165
13166,권태형,학습 및 영어교육전문가,"교육, 자녀교육, 공부법, 입시, 부모교육,취업, 진로",https://www.hooh.kr/sub/teacher/next.asp?m_idx=13166
14906,노예은,노무사사무소 청송 대표노무사,"경영/조직, 경영, 조직관리, 위기관리,경제, 세무/법률",https://www.hooh.kr/sub/teacher/next.asp?m_idx=14906
14959,용진캠프,"세계여행가, 작가, 유튜버, 강연가 ( 개인 )","동기부여, 인생스토리, 도전, 삶의자세, 비전,힐링, 행복, 여행",https://www.hooh.kr/sub/teacher/next.asp?m_idx=14959
14970,이창훈,프리랜서 쇼호스트,"소통, 커뮤니케이션, 스피치,세일즈, 판매",https://www.hooh.kr/sub/teacher/next.asp?m_idx=14970
14985,조성호,디바인컬러코칭아카데미 대표,"퍼스널브랜딩, 퍼스널컬러, MBTI,건강, 심리,힐링, 마음, 실습&체험",https://www.hooh.kr/sub/teacher/next.asp?m_idx=14985
15005,박재현,"회계사, 세무사","경제, 금융, 세무/법률",https://www.hooh.kr/sub/teacher/next.asp?m_idx=15005
15046,최수하,컨설턴트,"AI/미래, 트렌드,경영/조직, 경영전략, 변화,창의/마케팅, 광고, 마케팅, 콘텐츠",https://www.hooh.kr/sub/teacher/next.asp?m_idx=15046
15048,박민수(최고민수),주식투자전문가,"동기부여, 도전,경제, 금융, 주식, 자산관리, 재무설계, 경제전망, 재테크, 투자",https://www.hooh.kr/sub/teacher/next.asp?m_idx=15048
15115,구연지,이모티콘 강사,"인문학, 미술, 예술,창의/마케팅, 상상력, 디자인,힐링, 마음",https://www.hooh.kr/sub/teacher/next.asp?m_idx=15115
15129,변기수,개그맨,"동기부여, 열정, 프로정신, 인생스토리, 도전, 삶의자세, 꿈, 마인드셋,힐링, 웃음, 유머",https://www.hooh.kr/sub/teacher/next.asp?m_idx=15129
15131,오종윤,재무설계사,"경제, 금융, 자산관리, 재무설계, 재테크, 노후, 세무/법률",https://www.hooh.kr/sub/teacher/next.asp?m_idx=15131
15134,진동섭,입시전문가,"교육, 자녀교육, 공부법, 입시, 부모교육",https://www.hooh.kr/sub/teacher/next.asp?m_idx=15134
15140,김선희,김선희부부상담센터 대표,"동기부여, 삶의자세,소통, 관계, 가족, 부부, 연애,건강, 스트레스, 심리, 정신,힐링, 마음, 자존감",https://www.hooh.kr/sub/teacher/next.asp?m_idx=15140
15143,박승오,컨텐츠랩 클루 대표,"동기부여, 인생스토리, 자기관리, 자기계발,경영/조직, 리더십, 조직문화, 조직관리, 조직활성화",https://www.hooh.kr/sub/teacher/next.asp?m_idx=15143
15144,백우진,작가,"교육, 글쓰기",https://www.hooh.kr/sub/teacher/next.asp?m_idx=15144
15145,백종우,정신건강의학과 교수,"건강, 의학, 심리, 정신,힐링, 희망, 마음",https://www.hooh.kr/sub/teacher/next.asp?m_idx=15145
15149,안톤 숄츠,언론인,"동기부여, 열정, 인생스토리, 삶의자세,인문학, 세계, 문화,힐링, 행복,사회/환경, 정치",https://www.hooh.kr/sub/teacher/next.asp?m_idx=15149
15162,구은화,올댓프레젠테이션 대표,"경영/조직, 리더십, CEO, 협력, 협업, 상생, 창업,소통, 커뮤니케이션, 스피치, 프레젠테이션",https://www.hooh.kr/sub/teacher/next.asp?m_idx=15162
15163,김나윤,나다움 스피치 원장,"동기부여, 비전,경영/조직, 리더십, 조직문화, 조직활성화, 협력, 협업, 상생,소통, 커뮤니케이션, 관계, 스피치, 프레젠테이션,취업, 면접, 이력서(자소서), 진로",https://www.hooh.kr/sub/teacher/next.asp?m_idx=15163
15170,최민아,민스피치 교육연구소 대표,"동기부여, 마인드셋,인문학,경영/조직, 리더십, 조직활성화,소통, 커뮤니케이션, 스피치, 프레젠테이션,퍼스널브랜딩, 이미지메이킹, CS, 퍼스널컬러, MBTI,교육, 자녀교육, 입시, 부모교육, 법정의무교육,창의/마케팅, 마케팅, 콘텐츠,힐링, 행복,취업, 면접, 이력서(자소서), 진로, 인생이모작",https://www.hooh.kr/sub/teacher/next.asp?m_idx=15170
15179,강주희(분당강쌤),"교육컨설턴트, 작가","교육, 자녀교육, 공부법, 입시, 독서법, 부모교육,취업, 진로",https://www.hooh.kr/sub/teacher/next.asp?m_idx=15179
15193,박중열,제리백 대표,"동기부여, 도전,경영/조직, 창업, 스타트업,창의/마케팅, 창의력, 디자인",https://www.hooh.kr/sub/teacher/next.asp?m_idx=15193
15201,김기영,아이비리그 출신 금융전문가,"AI/미래, 디지털기술, IT, 산업, 비즈니스, 블록체인,경영/조직, 스타트업,경제, 금융, 디지털자산",https://www.hooh.kr/sub/teacher/next.asp?m_idx=15201
15218,이현준,이카이스 대표,"동기부여, 삶의자세, 꿈,경제, 디지털자산,교육, 자녀교육, 공부법",https://www.hooh.kr/sub/teacher/next.asp?m_idx=15218
15220,민현기,로젠탈 콘텐츠 랩 대표,"소통, 커뮤니케이션, 관계",https://www.hooh.kr/sub/teacher/next.asp?m_idx=15220
15223,현성운,경영전문가,"경영/조직, 리더십, 경영전략, 창업,창의/마케팅, 마케팅,세일즈",https://www.hooh.kr/sub/teacher/next.asp?m_idx=15223
15227,이정모,펭귄각종과학관 관장,"AI/미래, 미래기술,인문학, 과학,사회/환경",https://www.hooh.kr/sub/teacher/next.asp?m_idx=15227
15234,이정원,데이터 과학자,"동기부여, 자기관리, 자기계발,AI/미래, 디지털기술, IT, Ai(인공지능), 빅데이터, 미래기술",https://www.hooh.kr/sub/teacher/next.asp?m_idx=15234
15236,권세호,경제전문가,"경영/조직, 경영,경제, 경제전망, 세무/법률,사회/환경",https://www.hooh.kr/sub/teacher/next.asp?m_idx=15236
15244,김윤정,고기리막국수 대표,"동기부여, 열정, 인생스토리, 성공,경영/조직, 경영, 리더십, 경영전략, CEO,세일즈, 판매, 고객관리",https://www.hooh.kr/sub/teacher/next.asp?m_idx=15244
15247,박동선,백세라이프연구소,"동기부여, 삶의자세, 자기계발,경영/조직, 창업,경제, 자산관리, 재테크, 투자, 노후,소통, 부부,취업, 인생이모작",https://www.hooh.kr/sub/teacher/next.asp?m_idx=15247
15280,명성수,공무원,"경제, 부동산, 투자, 경매",https://www.hooh.kr/sub/teacher/next.asp?m_idx=15280
15329,김상모,컨시스대표,"AI/미래, 트렌드, 디지털기술, IT, Ai(인공지능), DX, 미래기술, 로봇, 산업, 정보보안, 비즈니스, 블록체인, 핀테크, 융합,취업, 진로",https://www.hooh.kr/sub/teacher/next.asp?m_idx=15329
15332,이우석,먹고놀랩 대표,"힐링, 행복, 여행",https://www.hooh.kr/sub/teacher/next.asp?m_idx=15332
15344,김남표,작가,"인문학, 미술, 예술, 문화, 음악",https://www.hooh.kr/sub/teacher/next.asp?m_idx=15344
15349,남성준,넘버애널리틱스 대표,"AI/미래, 트렌드, IT, 빅데이터, 비즈니스,경영/조직, 경영,창의/마케팅, 마케팅,취업, 직업관",https://www.hooh.kr/sub/teacher/next.asp?m_idx=15349
15353,송효지,작가,"세일즈, 협상, 설득, 판매",https://www.hooh.kr/sub/teacher/next.asp?m_idx=15353
15385,정호영,"청소년 코치, 컨설턴트","동기부여, 열정, 꿈, 마인드셋,교육, 자녀교육, 공부법, 입시, 부모교육,창의/마케팅, 창의력, 마케팅,힐링, 실습&체험,취업, 면접, 진로",https://www.hooh.kr/sub/teacher/next.asp?m_idx=15385
15407,손민영,"손민영 대표, 1인 기업가, 강사","동기부여, 자기계발, 꿈,소통, 스피치, 프레젠테이션,취업, 면접, 이력서(자소서), 진로",https://www.hooh.kr/sub/teacher/next.asp?m_idx=15407
15418,김기현,노마딕 영어 원장,"인문학, 영화,교육, 공부법, 입시,사회/환경, 정치",https://www.hooh.kr/sub/teacher/next.asp?m_idx=15418
15540,김정근,CEO 연구소장,"동기부여, 열정, 자기계발, 비전,AI/미래, 트렌드, 산업, 비즈니스,경영/조직, CEO, 변화, 위기관리,건강, 노후",https://www.hooh.kr/sub/teacher/next.asp?m_idx=15540
15591,이래호,기업사 기록 작가,"동기부여, 프로정신, 인생스토리, 도전,경영/조직, 경영, 리더십, CEO, 창업",https://www.hooh.kr/sub/teacher/next.asp?m_idx=15591
13768,손재환,"EYE.DECO 안경체인 대표이사, 안경사","동기부여, 프로정신, 도전, 성공, 비전, 마인드셋,경영/조직, 창업,세일즈, 고객관리",https://www.hooh.kr/sub/teacher/next.asp?m_idx=13768
13779,이연수,소셜앤커뮤니케이션 대표,"동기부여, 자기계발, 마인드셋,경영/조직, 리더십, 조직문화, 조직활성화,소통, 커뮤니케이션, 관계, 스피치,CS, MBTI,스트레스, 심리",https://www.hooh.kr/sub/teacher/next.asp?m_idx=13779
13788,고만재,Fit-Writer,"건강, 스트레스, 비만, 운동,힐링, 실습&체험",https://www.hooh.kr/sub/teacher/next.asp?m_idx=13788
13807,문주,한국미술심리교육협회 회장,"인문학, 역사, 미술, 예술, 세계, 영화,건강, 의학, 심리, 정신,힐링, 실습&체험",https://www.hooh.kr/sub/teacher/next.asp?m_idx=13807
13822,강민구,건담한의원 원장,"동기부여, 삶의자세,건강, 식이요법, 의학, 한의학",https://www.hooh.kr/sub/teacher/next.asp?m_idx=13822
13841,함광성,상담심리사,"소통, 관계,건강, 스트레스, 심리, 정신,힐링, 마음",https://www.hooh.kr/sub/teacher/next.asp?m_idx=13841
13846,박성연,크리베이트 CEO,"경영, 리더십, 조직문화, 혁신, 조직관리,창의/마케팅, 상상력, 창의력",https://www.hooh.kr/sub/teacher/next.asp?m_idx=13846
13866,태준열,어취브랩(Achieve. Lab),"동기부여, 프로정신, 자기관리,경영/조직, 리더십, 조직문화, 조직관리, 목표관리, 조직활성화, 위기관리, 협력, 협업, 상생",https://www.hooh.kr/sub/teacher/next.asp?m_idx=13866
13884,이용신,"성우, 가수","동기부여,소통, 커뮤니케이션, 스피치,퍼스널브랜딩,취업, 진로",https://www.hooh.kr/sub/teacher/next.asp?m_idx=13884
13896,양소이,세무사,"경제, 자산관리, 재무설계, 세무/법률",https://www.hooh.kr/sub/teacher/next.asp?m_idx=13896
13899,서정현,"행복성장연구소 대표, 작가","동기부여, 자기관리,경영/조직, 리더십, 조직문화, 조직관리,소통, 관계",https://www.hooh.kr/sub/teacher/next.asp?m_idx=13899
13920,박세니,박세니마인드코칭 대표,"동기부여, 열정, 도전, 성공, 자기관리, 삶의자세, 자기계발, 비전, 마인드셋,건강, 심리, 정신",https://www.hooh.kr/sub/teacher/next.asp?m_idx=13920
13933,안계환,"독서경영포럼 대표, 작가","인문학, 역사, 세계, 문화, 영화,경영/조직, 경영, 리더십",https://www.hooh.kr/sub/teacher/next.asp?m_idx=13933
13936,박진수,"라이프코칭 전문가, 보험 영업인","동기부여, 열정, 프로정신, 인생스토리, 도전, 성공, 자기관리, 삶의자세, 꿈, 마인드셋,인문학, 문학,소통, 커뮤니케이션, 관계,퍼스널브랜딩",https://www.hooh.kr/sub/teacher/next.asp?m_idx=13936
13950,유준영,커리어랩 대표,"동기부여, 도전,AI/미래, 비즈니스,경영/조직, 스타트업,세일즈, 고객관리,취업, 이력서(자소서), 직업관",https://www.hooh.kr/sub/teacher/next.asp?m_idx=13950
13951,홍익희,경제전문가,"AI/미래, 블록체인,인문학, 세계, 문화,경제, 금융, 경제전망, 투자,교육, 자녀교육",https://www.hooh.kr/sub/teacher/next.asp?m_idx=13951
13952,김정호,서강대학교 경제대학원 겸임교수,"경제, 금융, 경제전망, 부동산, 투자,교육, 자녀교육, 부모교육,사회/환경, 국제정세",https://www.hooh.kr/sub/teacher/next.asp?m_idx=13952
13964,김준창,한국사 강사,"동기부여, 열정, 인생스토리, 도전,인문학, 역사, 한국사,교육, 공부법",https://www.hooh.kr/sub/teacher/next.asp?m_idx=13964
13974,송윤섭,AI 인공지능 딥러닝 나레이터 아카데미,"AI/미래, 디지털기술, IT, Ai(인공지능)",https://www.hooh.kr/sub/teacher/next.asp?m_idx=13974
13979,김제경,투미부동산컨설팅 연구소장,"경제, 금융, 자산관리, 부동산, 재테크, 투자",https://www.hooh.kr/sub/teacher/next.asp?m_idx=13979
13997,양용기,안산대학교 건축디자인학과 교수,"인문학, 역사, 예술, 문화, 한국사",https://www.hooh.kr/sub/teacher/next.asp?m_idx=13997
14018,김봉수,(사)한국가업승계협회 이사장/회장,"동기부여, 도전, 자기계발,경제, 자산관리, 세무/법률",https://www.hooh.kr/sub/teacher/next.asp?m_idx=14018
14040,이은경,"몽트르 코리아 편집장, 시계 컨설턴트","인문학, 예술",https://www.hooh.kr/sub/teacher/next.asp?m_idx=14040
14041,김재원,"비욘드 날리지 대표, 가톨릭대학교 국사학과 겸임교수","인문학, 역사, 고전, 세계, 한국사",https://www.hooh.kr/sub/teacher/next.asp?m_idx=14041
14095,양지민,변호사,"경제, 세무/법률,교육, 성교육, 법정의무교육",https://www.hooh.kr/sub/teacher/next.asp?m_idx=14095
14137,우수근,사단법인 한중글로벌협회 회장,"사회/환경, 정치, 국제정세",https://www.hooh.kr/sub/teacher/next.asp?m_idx=14137
14186,고은주,스튜디오가가 대표,"동기부여, 열정, 인생스토리, 도전, 성공, 꿈,교육, 육아,창의/마케팅, SNS",https://www.hooh.kr/sub/teacher/next.asp?m_idx=14186
14190,오서진,오산대학교 사회복지상담과 겸임교수,"동기부여, 열정, 인생스토리, 도전, 성공,소통, 커뮤니케이션, 관계,인성,힐링, 희망, 마음,취업, 인생이모작",https://www.hooh.kr/sub/teacher/next.asp?m_idx=14190
14196,이병기,아키트윈스 대표,"인문학, 세계, 문화, 과학",https://www.hooh.kr/sub/teacher/next.asp?m_idx=14196
14216,이건,동기부여 에세이 작가,"동기부여, 인생스토리, 도전, 성공,자녀교육,힐링, 마음, 여행",https://www.hooh.kr/sub/teacher/next.asp?m_idx=14216
14222,김희집,에너아이디어 대표,"AI/미래, 미래기술, 산업,경영/조직,사회/환경",https://www.hooh.kr/sub/teacher/next.asp?m_idx=14222
14227,장진택,"미디어오토 대표, 기자","AI/미래, 트렌드, 미래기술, 융합,인문학",https://www.hooh.kr/sub/teacher/next.asp?m_idx=14227
14229,이은경,"컨설턴트, 강사","경영/조직, 리더십, 조직문화, 조직관리, 조직활성화,소통, 커뮤니케이션, 관계,퍼스널브랜딩, MBTI",https://www.hooh.kr/sub/teacher/next.asp?m_idx=14229
14234,김태경,우석대학교 상담심리학과 교수,"소통, 관계,건강, 심리, 정신,힐링, 마음",https://www.hooh.kr/sub/teacher/next.asp?m_idx=14234
14241,김난희,아람한의원 대표원장,"건강, 스트레스, 비만, 식이요법, 의학, 한의학",https://www.hooh.kr/sub/teacher/next.asp?m_idx=14241
14249,노현탁,연세대학교 경영학과 교수,"경영/조직, 경영, 리더십, 조직문화, 혁신, 조직관리, 조직활성화, 경영전략",https://www.hooh.kr/sub/teacher/next.asp?m_idx=14249
16498,박신우,카이로필라테스 대표,"동기부여, 자기관리,건강, 스트레스, 노후, 운동,힐링, 실습&체험",https://www.hooh.kr/sub/teacher/next.asp?m_idx=16498
16502,이지원,"공부하는사람들 대표, 교육컨설턴트","동기부여, 열정, 비전,교육, 자녀교육, 공부법, 입시, 부모교육",https://www.hooh.kr/sub/teacher/next.asp?m_idx=16502
16574,함인희,이화여자대학교 사회학과 교수,"AI/미래, 트렌드,소통, 관계, 가족,교육, 여성학",https://www.hooh.kr/sub/teacher/next.asp?m_idx=16574
16575,김용태,김용태마케팅연구소 소장,"AI/미래, 모바일웹, 블록체인, 메타버스,창의/마케팅, 마케팅",https://www.hooh.kr/sub/teacher/next.asp?m_idx=16575
16576,임형록,한양대학교 경영학부 교수,"인문학, 철학, 예술,경제, 금융, 경제전망, 부동산, 재테크, 투자",https://www.hooh.kr/sub/teacher/next.asp?m_idx=16576
16589,방병선,고려대학교 문화유산융합학부 교수,"인문학, 역사, 고전, 미술, 예술, 문화",https://www.hooh.kr/sub/teacher/next.asp?m_idx=16589
16607,김필영,필로에듀,"동기부여, 삶의자세,인문학, 철학,건강, 정신",https://www.hooh.kr/sub/teacher/next.asp?m_idx=16607
16252,최영재,"방송인, 택티컬리스트 이사","동기부여, 열정, 인생스토리, 도전, 자기관리, 꿈, 비전, 마인드셋,건강, 비만, 식이요법",https://www.hooh.kr/sub/teacher/next.asp?m_idx=16252
16268,김영식,김영식세자녀출산지원재단 이사장,"동기부여, 열정, 프로정신, 인생스토리, 도전, 성공, 자기관리, 삶의자세, 자기계발, 꿈, 비전",https://www.hooh.kr/sub/teacher/next.asp?m_idx=16268
16281,정재훈,레크레이션 강사,"힐링, 웃음, 행복, 유머, 실습&체험",https://www.hooh.kr/sub/teacher/next.asp?m_idx=16281
16288,이진형,데이터마케팅코리아 대표,"AI/미래, 디지털기술, IT, Ai(인공지능), 빅데이터, 비즈니스, 융합,경영/조직, 경영전략, CEO, 변화, 스타트업,창의/마케팅, 마케팅",https://www.hooh.kr/sub/teacher/next.asp?m_idx=16288
16331,최우진,BPCC 대표,"동기부여, 자기관리, 자기계발, 마인드셋,경영/조직, 리더십, 조직문화, 조직관리, 목표관리, 조직활성화, 협력, 협업, 상생,창의/마케팅, 마케팅, SNS,세일즈, 협상, 설득, 고객관리",https://www.hooh.kr/sub/teacher/next.asp?m_idx=16331
16349,한석영,더웨이 대표,"AI/미래, 디지털기술, 빅데이터, 미래기술, 산업,창의/마케팅, 마케팅",https://www.hooh.kr/sub/teacher/next.asp?m_idx=16349
16361,정구철,"잡플래닛 헤드헌터, 머스타드 씨드 컴퍼니 대표","취업, 면접, 이력서(자소서), 진로, 직업관",https://www.hooh.kr/sub/teacher/next.asp?m_idx=16361
16429,이병욱,대암클리닉 원장,"건강, 스트레스, 식이요법, 웃음, 의학",https://www.hooh.kr/sub/teacher/next.asp?m_idx=16429
16464,박주광,석세스파트너 대표,"동기부여, 열정, 프로정신, 자기관리, 자기계발, 꿈, 비전,경영/조직, 경영, 창업,취업, 진로, 인생이모작",https://www.hooh.kr/sub/teacher/next.asp?m_idx=16464
13359,유나경,"모들 북스 대표,작가","인문학, 고전,경영/조직, 리더십,교육, 독서법, 글쓰기",https://www.hooh.kr/sub/teacher/next.asp?m_idx=13359
13364,김시백,어글리스미스 B2B 사업본부 리더,"경영/조직, 경영, 경영전략,세일즈, 협상, 설득",https://www.hooh.kr/sub/teacher/next.asp?m_idx=13364
14506,임우중,크리에이티브 디스패치 대표,"동기부여, 열정, 프로정신, 인생스토리, 도전, 성공,경영/조직, 창업, 스타트업,창의/마케팅, 광고, 마케팅, 콘텐츠, SNS,세일즈, 설득, 판매",https://www.hooh.kr/sub/teacher/next.asp?m_idx=14506
14637,김다솜,"아나운서, MC","동기부여, 자기관리, 자기계발,AI/미래, IT, Ai(인공지능), 미래기술,소통, 스피치, 프레젠테이션,퍼스널브랜딩, 이미지메이킹, 호감,취업, 면접, 이력서(자소서), 진로",https://www.hooh.kr/sub/teacher/next.asp?m_idx=14637
14645,김유진,아나운서,"소통, 커뮤니케이션, 스피치, 프레젠테이션,세일즈, 협상, 설득,취업, 면접, 이력서(자소서)",https://www.hooh.kr/sub/teacher/next.asp?m_idx=14645
16629,김충만,(주)스테이션제이 대표이사,"동기부여, 도전, 성공, 꿈, 비전,AI/미래, 트렌드, 디지털기술, IT, Ai(인공지능), 비즈니스, 융합,경영/조직, 리더십, 조직활성화, CEO, 창업, 스타트업,교육, 글쓰기,취업, 진로",https://www.hooh.kr/sub/teacher/next.asp?m_idx=16629
16646,조승우,예방원 한약국 대표,"건강, 스트레스, 비만, 식이요법, 의학, 노후, 한의학,힐링, 희망, 행복, 마음",https://www.hooh.kr/sub/teacher/next.asp?m_idx=16646
16653,이중학,동국대학교 경영학부 교수,"AI/미래, Ai(인공지능), 빅데이터,경영/조직, 경영, 리더십, 조직문화, 조직관리, 경영전략, 협력, 협업, 상생,창의/마케팅, 창의력,사회/환경, ESG,취업, 직업관",https://www.hooh.kr/sub/teacher/next.asp?m_idx=16653
16683,김주현,올라이프 행복연구소 대표,"동기부여, 열정, 인생스토리, 도전, 자기관리, 삶의자세, 자기계발,퍼스널브랜딩, 정리수납",https://www.hooh.kr/sub/teacher/next.asp?m_idx=16683
16684,파비앙,방송인,"동기부여, 열정, 인생스토리, 도전, 삶의자세, 꿈,인문학, 세계, 문화, 한국사",https://www.hooh.kr/sub/teacher/next.asp?m_idx=16684
16687,이유미,"카피라이터, 작가","교육, 글쓰기,창의/마케팅, 상상력, 창의력, 광고, 콘텐츠",https://www.hooh.kr/sub/teacher/next.asp?m_idx=16687
16702,이승용,제일기획 카피라이터,"동기부여, 프로정신, 삶의자세,교육, 글쓰기,창의/마케팅, 상상력, 광고",https://www.hooh.kr/sub/teacher/next.asp?m_idx=16702
16729,염은희,"회복과 성장 대표, 가족코칭연구소 소장","소통, 커뮤니케이션, 관계, 가족, 부부,교육, 자녀교육, 육아, 인성, 부모교육,힐링, 웃음",https://www.hooh.kr/sub/teacher/next.asp?m_idx=16729
16735,신지영,고려대학교 국어국문학과 교수,"인문학, 문학,소통, 커뮤니케이션, 관계, 스피치, 프레젠테이션",https://www.hooh.kr/sub/teacher/next.asp?m_idx=16735
16738,진정태,트렉 바이시클 코리아  대표,"경영/조직, 리더십, 조직문화, 조직관리, 변화,창의/마케팅, 마케팅,취업, 면접",https://www.hooh.kr/sub/teacher/next.asp?m_idx=16738
16771,차영주,와이즈경제연구소 소장,"경제, 주식, 재무설계, 경제전망, 재테크, 투자, 노후",https://www.hooh.kr/sub/teacher/next.asp?m_idx=16771
16774,김민주,"아나운서, MC","힐링, 웃음, 행복, 유머",https://www.hooh.kr/sub/teacher/next.asp?m_idx=16774
16777,최석재,가톨릭대학교 여의도성모병원 응급의학과 진료교수,"건강, 식이요법, 의학, 노후",https://www.hooh.kr/sub/teacher/next.asp?m_idx=16777
16792,박종석,구로연세봄정신과원장,"동기부여, 인생스토리, 삶의자세,경제, 투자,건강, 스트레스, 심리, 정신,힐링, 행복, 마음",https://www.hooh.kr/sub/teacher/next.asp?m_idx=16792
16795,전우성,시싸이드 시티 대표,"퍼스널브랜딩,창의/마케팅, 상상력, 창의력, 마케팅, 콘텐츠",https://www.hooh.kr/sub/teacher/next.asp?m_idx=16795
16797,윤성철,서울대학교 물리천문학부 교수,"AI/미래, 우주,인문학, 과학",https://www.hooh.kr/sub/teacher/next.asp?m_idx=16797
16799,구본진,더킴로펌 대표변호사,"인문학, 문화,교육, 글쓰기",https://www.hooh.kr/sub/teacher/next.asp?m_idx=16799
16804,송준호,인하대학교 의과대학부속병원 과장,"건강, 의학, 노후",https://www.hooh.kr/sub/teacher/next.asp?m_idx=16804
16812,이재형,비즈니스임팩트 대표,"경영/조직, 경영, 리더십, 조직관리, 조직활성화, 경영전략, 변화",https://www.hooh.kr/sub/teacher/next.asp?m_idx=16812
16815,이윤영,"20년 차 방송작가, 모두의 문해력, 인문학 연구소 소장","인문학,교육, 글쓰기,창의/마케팅, 상상력, 창의력",https://www.hooh.kr/sub/teacher/next.asp?m_idx=16815
16818,김희연,공간정리인 대표,"동기부여, 삶의자세,퍼스널브랜딩, 정리수납",https://www.hooh.kr/sub/teacher/next.asp?m_idx=16818
16821,박재현,인생관리시스템연구소 소장,"동기부여, 자기관리, 자기계발,경영/조직, 리더십, 조직문화, 조직관리, 조직활성화",https://www.hooh.kr/sub/teacher/next.asp?m_idx=16821
16822,김재희,아나운서,"힐링, 웃음, 행복, 유머, 실습&체험",https://www.hooh.kr/sub/teacher/next.asp?m_idx=16822
16826,황유리,제일교육 본부장,"동기부여, 자기관리, 삶의자세, 꿈,AI/미래, Ai(인공지능),경영/조직, 창업,교육, 자녀교육, 공부법, 부모교육,창의/마케팅, 창의력, 콘텐츠,취업, 진로, 직업관",https://www.hooh.kr/sub/teacher/next.asp?m_idx=16826
16828,김현정,김현정수학원 원장,"교육, 자녀교육, 공부법, 입시, 부모교육",https://www.hooh.kr/sub/teacher/next.asp?m_idx=16828
16830,김현경,"웜그레이앤블루 대표, 작가","인문학,경영/조직, 창업,교육, 글쓰기,창의/마케팅, 디자인,힐링, 희망, 마음",https://www.hooh.kr/sub/teacher/next.asp?m_idx=16830
16847,박소연,클래스 온 대표,"리더십, 조직관리, 목표관리, 조직활성화, 변화,커뮤니케이션",https://www.hooh.kr/sub/teacher/next.asp?m_idx=16847
16848,유재은,색다른컬러연구소 소장,"인문학, 미술,창의/마케팅, 상상력, 창의력, 디자인",https://www.hooh.kr/sub/teacher/next.asp?m_idx=16848
16850,박정연,노무법인 마로 대표(공인노무사),"경영/조직, 리더십, 조직문화, 조직관리, 조직활성화, 협력, 협업, 상생,경제, 세무/법률,힐링, 워라벨",https://www.hooh.kr/sub/teacher/next.asp?m_idx=16850
16854,MC감동,전문MC,"힐링, 웃음, 행복, 유머",https://www.hooh.kr/sub/teacher/next.asp?m_idx=16854
16855,장철우,GAM컨설팅 대표,"경영/조직, 리더십, 조직문화, 조직관리, 목표관리, 조직활성화",https://www.hooh.kr/sub/teacher/next.asp?m_idx=16855
16873,김인만,김인만 부동산경제연구소 대표,"경제, 부동산, 재테크, 투자, 노후",https://www.hooh.kr/sub/teacher/next.asp?m_idx=16873
16877,송새인,사잇길교육연구소 대표,"경영/조직, 조직활성화,소통, 커뮤니케이션, 관계,건강, 심리,세일즈, 협상, 설득",https://www.hooh.kr/sub/teacher/next.asp?m_idx=16877
16879,방종임,교육대기자TV 대표,"교육, 자녀교육, 공부법, 입시, 인성, 부모교육",https://www.hooh.kr/sub/teacher/next.asp?m_idx=16879
16895,박현도,서강대 유로메나연구소 대우교수,"인문학, 역사, 세계,사회/환경, 국제정세",https://www.hooh.kr/sub/teacher/next.asp?m_idx=16895
16899,김결희,강동성심병원 성형외과 교수,"동기부여, 열정, 삶의자세, 꿈, 비전,건강, 의학,힐링, 희망, 봉사",https://www.hooh.kr/sub/teacher/next.asp?m_idx=16899
16908,강인욱,경희대학교 사학과 교수,"인문학, 역사, 세계, 문화, 한국사",https://www.hooh.kr/sub/teacher/next.asp?m_idx=16908
16912,이욱연,서강대학교 중국문화학과 교수,"인문학, 역사, 세계, 문화,사회/환경, 국제정세",https://www.hooh.kr/sub/teacher/next.asp?m_idx=16912
16915,이석원,자주스쿨 대표,"교육, 자녀교육, 성교육, 인성, 부모교육, 법정의무교육",https://www.hooh.kr/sub/teacher/next.asp?m_idx=16915
16926,임수진,대구가톨릭대학교 스페인어중남미학과 교수,"인문학, 역사, 세계, 문화",https://www.hooh.kr/sub/teacher/next.asp?m_idx=16926
16928,정인성,(주)맨드언맨드 이사,"AI/미래, 트렌드, 디지털기술, IT, Ai(인공지능), 미래기술",https://www.hooh.kr/sub/teacher/next.asp?m_idx=16928
16929,손희애,"작가, 크리에이터","동기부여, 자기관리, 자기계발,경제, 금융, 자산관리, 재테크,취업",https://www.hooh.kr/sub/teacher/next.asp?m_idx=16929
16930,지성언,시니어 인플루언서,"동기부여, 열정, 인생스토리, 도전, 자기관리, 삶의자세,퍼스널브랜딩, 이미지메이킹, 호감,취업, 인생이모작",https://www.hooh.kr/sub/teacher/next.asp?m_idx=16930
16936,정지하,"블럭식스 대표,작가","동기부여, 자기관리, 삶의자세, 마인드셋",https://www.hooh.kr/sub/teacher/next.asp?m_idx=16936
16142,유정은,"마보 대표, 한국내면검색연구소 대표","동기부여, 자기관리, 마인드셋,건강, 스트레스, 심리,힐링, 희망, 행복, 마음",https://www.hooh.kr/sub/teacher/next.asp?m_idx=16142
16143,이은주,공감에듀컨설팅,"경영/조직, 리더십,소통, 커뮤니케이션,퍼스널브랜딩, CS,힐링",https://www.hooh.kr/sub/teacher/next.asp?m_idx=16143
16173,최윤희,비상교육 코칭개발실 총괄책임,"동기부여, 비전,경영/조직, 리더십, 조직관리, 조직활성화,소통, 관계,취업, 면접",https://www.hooh.kr/sub/teacher/next.asp?m_idx=16173
16194,김민정,이미지엠스피치,"소통, 커뮤니케이션, 스피치, 프레젠테이션,이미지메이킹,면접",https://www.hooh.kr/sub/teacher/next.asp?m_idx=16194
16199,홍왕기,중소문화교육센터,"경제, 금융, 세무/법률,교육, 인성, 법정의무교육",https://www.hooh.kr/sub/teacher/next.asp?m_idx=16199
16214,이호섭,전문MC,"동기부여, 열정, 꿈,AI/미래, 트렌드,경영/조직, 리더십, 조직활성화,교육, 공부법,힐링, 웃음, 실습&체험,취업, 진로, 직업관",https://www.hooh.kr/sub/teacher/next.asp?m_idx=16214
16217,강예훈,"장내아나운서, MC","힐링, 웃음, 행복, 유머, 실습&체험",https://www.hooh.kr/sub/teacher/next.asp?m_idx=16217
16228,박진수,문화예술교육 청년 벤처 온택트이엔엠,"인문학, 예술, 영화,교육, 자녀교육, 입시, 글쓰기,창의/마케팅, 콘텐츠,취업, 진로, 직업관",https://www.hooh.kr/sub/teacher/next.asp?m_idx=16228
16233,권승호,권승호 교육 연구소,"동기부여, 삶의자세, 자기계발,교육, 자녀교육, 공부법, 독서법, 인성, 부모교육, 글쓰기",https://www.hooh.kr/sub/teacher/next.asp?m_idx=16233
16235,류영재,서스틴베스트 대표,"경영/조직, 경영, 리더십, 경영전략, CEO, 변화,사회/환경, ESG",https://www.hooh.kr/sub/teacher/next.asp?m_idx=16235
15594,강혜영,경일대학교 한국사 초빙교수,"동기부여, 삶의자세, 자기계발,인문학, 역사, 세계, 문화, 한국사,경영/조직, 리더십",https://www.hooh.kr/sub/teacher/next.asp?m_idx=15594
15597,박세익,체슬리투자자문 대표,"경제, 금융, 주식, 자산관리, 재테크, 투자",https://www.hooh.kr/sub/teacher/next.asp?m_idx=15597
15604,강해준,노량진 경찰학 강사,"동기부여, 열정, 도전, 성공, 자기관리, 꿈,교육, 공부법,취업",https://www.hooh.kr/sub/teacher/next.asp?m_idx=15604
15613,김준성,휴머니스트경제연구소 소장,"경제, 금융, 주식, 자산관리, 재무설계, 경제전망, 재테크, 투자",https://www.hooh.kr/sub/teacher/next.asp?m_idx=15613
15616,강수연,영유쌤 원장,"인문학, 뇌과학,교육, 자녀교육, 공부법, 부모교육",https://www.hooh.kr/sub/teacher/next.asp?m_idx=15616
15631,장이지,브랜딩포유 대표,"동기부여, 자기계발,경영/조직, 창업, 스타트업,퍼스널브랜딩, 이미지메이킹,창의/마케팅, 마케팅, 콘텐츠",https://www.hooh.kr/sub/teacher/next.asp?m_idx=15631
15667,진성섭,아레테 인문연구소 소장,"인문학, 역사, 고전, 미술, 예술, 세계, 문화, 문학,창의/마케팅, 콘텐츠",https://www.hooh.kr/sub/teacher/next.asp?m_idx=15667
15677,허영훈,"댄허코리아 대표, 고려사이버대학교 경영학부 겸임교수,  서울디지털대학교 예술학부 객원교수","동기부여, 자기관리, 자기계발,경영/조직, 리더십,교육, 자녀교육, 부모교육, 글쓰기",https://www.hooh.kr/sub/teacher/next.asp?m_idx=15677
15682,김경란,아나운서,"동기부여, 삶의자세,소통, 커뮤니케이션, 관계, 스피치",https://www.hooh.kr/sub/teacher/next.asp?m_idx=15682
14655,박성준,상명대학 감성공학과 교수,"AI/미래, 트렌드, 디지털기술, IT, Ai(인공지능), DX, 빅데이터, 미래기술, 모바일웹,창의/마케팅, 디자인",https://www.hooh.kr/sub/teacher/next.asp?m_idx=14655
14668,최순영,"대구대학교, 대안연구공동체 강사","동기부여, 삶의자세,인문학, 고전, 철학, 미술, 예술, 음악",https://www.hooh.kr/sub/teacher/next.asp?m_idx=14668
14673,김봉제,스토리픽셀,"창의/마케팅, 상상력, 창의력, 콘텐츠, SNS",https://www.hooh.kr/sub/teacher/next.asp?m_idx=14673
14715,고수아,"플라이런웨이 대표 디자이너, AI디자인인더스트리 운영","자기계발, 비전,AI/미래, 트렌드, Ai(인공지능), DX, 미래기술, 비즈니스,경영/조직, 혁신, 창업, 스타트업,퍼스널브랜딩, 패션, 스타일링,창의/마케팅, 창의력, 마케팅, 콘텐츠, 디자인",https://www.hooh.kr/sub/teacher/next.asp?m_idx=14715
14718,한영준,스파힐링컨설턴트,"동기부여, 자기관리,건강,힐링, 행복",https://www.hooh.kr/sub/teacher/next.asp?m_idx=14718
14790,한주현,에임프레션 대표,"AI/미래, 트렌드, 디지털기술, IT, Ai(인공지능), 빅데이터, 메타버스,창의/마케팅, 마케팅",https://www.hooh.kr/sub/teacher/next.asp?m_idx=14790
14831,은수달,한번에가자 원패스/드림온 대표,"동기부여, 자기계발,인문학, 문학,경영/조직, 창업,퍼스널브랜딩,교육, 독서법, 글쓰기,창의/마케팅, 마케팅,취업, 이력서(자소서), 진로",https://www.hooh.kr/sub/teacher/next.asp?m_idx=14831
14838,최진욱,영앤리서치 대표,"동기부여, 인생스토리, 도전, 성공, 자기계발,경제, 금융, 주식, 경제전망, 재테크, 투자, 노후",https://www.hooh.kr/sub/teacher/next.asp?m_idx=14838
14859,최행화,"CS코리아대표,한국지식공유협회전문교수,한국성희롱예방협회전문교수","경영/조직, 리더십, 조직활성화, 협력, 협업, 상생,소통, 커뮤니케이션, 프레젠테이션,퍼스널브랜딩, 이미지메이킹, CS, MBTI,교육, 법정의무교육,취업, 면접, 이력서(자소서)",https://www.hooh.kr/sub/teacher/next.asp?m_idx=14859
14264,김정호,신라대학교 교수,"경영/조직, 경영, 창업,경제, 세무/법률",https://www.hooh.kr/sub/teacher/next.asp?m_idx=14264
14266,송민,대한민국 서핑 국가대표 감독,"동기부여, 열정, 프로정신, 도전, 마인드셋,경영/조직, 리더십",https://www.hooh.kr/sub/teacher/next.asp?m_idx=14266
14280,안철민,프라나이비인후과,"동기부여, 자기관리,소통, 스피치,퍼스널브랜딩, 호감,건강, 의학",https://www.hooh.kr/sub/teacher/next.asp?m_idx=14280
14305,진윤지,마이스트레칭센터,"동기부여, 자기관리, 마인드셋,경영/조직, 조직문화, 조직활성화,건강, 스트레스, 의학, 운동,힐링, 실습&체험",https://www.hooh.kr/sub/teacher/next.asp?m_idx=14305
14309,노정진(리차드로),"교수, 색소폰연주가","인문학, 예술, 세계, 음악,힐링, 공연&강연",https://www.hooh.kr/sub/teacher/next.asp?m_idx=14309
14351,임현균,한국표준과학연구원 책임연구원,"인문학, 미술, 예술, 문화, 과학, 뇌과학,소통, 프레젠테이션,창의/마케팅, 창의력",https://www.hooh.kr/sub/teacher/next.asp?m_idx=14351
14355,윤재영,홍익대학교 디자인학부 교수,"창의/마케팅, 상상력, 창의력, 디자인,취업, 진로",https://www.hooh.kr/sub/teacher/next.asp?m_idx=14355
14392,서효봉,여행교육전문가,"교육, 자녀교육, 인성, 부모교육,힐링, 행복, 여행,취업, 진로",https://www.hooh.kr/sub/teacher/next.asp?m_idx=14392
14401,김종수,아르젠,"경제, 자산관리, 경제전망, 부동산, 재테크, 투자",https://www.hooh.kr/sub/teacher/next.asp?m_idx=14401
14403,구자룡,법무법인(유) 한별,"경영/조직, 경영, 조직관리",https://www.hooh.kr/sub/teacher/next.asp?m_idx=14403
14406,박재성,사단법인 훈민정음기념사업회 이사장,"인문학, 역사, 고전, 문화,경영/조직, 리더십, 경영전략",https://www.hooh.kr/sub/teacher/next.asp?m_idx=14406
14409,김영아,"독서치유심리학자, 작가","인문학,교육, 자녀교육, 육아, 독서법, 부모교육,힐링, 마음",https://www.hooh.kr/sub/teacher/next.asp?m_idx=14409
15727,정승익,"정승익 교육연구소 대표, 영어강사","교육, 자녀교육, 공부법, 입시, 부모교육",https://www.hooh.kr/sub/teacher/next.asp?m_idx=15727
15730,양효걸,MBC 기자,"경제, 주식, 경제전망, 부동산, 투자,사회/환경, 국제정세, 사회이슈",https://www.hooh.kr/sub/teacher/next.asp?m_idx=15730
15737,김상철,글로벌비즈니스연구센터 원장,"AI/미래, 트렌드,경영/조직, 경영, 혁신, 경영전략, CEO, 스타트업,창의/마케팅, 마케팅,세일즈, 협상, 유통",https://www.hooh.kr/sub/teacher/next.asp?m_idx=15737
15738,이영란,플랜오션 대표,"동기부여, 열정, 인생스토리, 꿈,건강, 의학,사회/환경",https://www.hooh.kr/sub/teacher/next.asp?m_idx=15738
15748,한영섭,"진보적 생활경제평론가, 세상을 바꾸는 금융연구소 소장","경제, 금융, 주식, 자산관리, 재무설계, 경제전망, 재테크, 투자,사회/환경, ESG",https://www.hooh.kr/sub/teacher/next.asp?m_idx=15748
15755,허준석(혼공쌤),혼공스쿨 대표,"교육, 자녀교육, 공부법, 부모교육",https://www.hooh.kr/sub/teacher/next.asp?m_idx=15755
15764,박형렬,블리츠 자산운용 부사장,"경제, 금융, 주식, 자산관리, 재무설계, 경제전망, 부동산, 재테크, 투자",https://www.hooh.kr/sub/teacher/next.asp?m_idx=15764
15766,김형우,하이엔드핏 PT,"건강, 비만, 운동",https://www.hooh.kr/sub/teacher/next.asp?m_idx=15766
15773,반병현,(주)나나컴퍼니 대표이사,"AI/미래, 트렌드, IT, Ai(인공지능), DX, 빅데이터, 미래기술, 산업, 비즈니스,창의/마케팅, 창의력",https://www.hooh.kr/sub/teacher/next.asp?m_idx=15773
15785,박지훈,도슨트,"인문학, 미술, 예술, 세계, 문화,창의/마케팅, 창의력,힐링, 여행",https://www.hooh.kr/sub/teacher/next.asp?m_idx=15785
15811,서종원,쓰리디키즈 대표,"AI/미래, 트렌드, IT, 메타버스,창의/마케팅, 창의력, 콘텐츠",https://www.hooh.kr/sub/teacher/next.asp?m_idx=15811
15830,이교범,아주대학교 전자공학과 교수,"AI/미래, 디지털기술, 미래기술, 로봇, 산업, 비즈니스, 융합",https://www.hooh.kr/sub/teacher/next.asp?m_idx=15830
15845,조승원,MBC 기자,"인문학, 예술,힐링, 실습&체험",https://www.hooh.kr/sub/teacher/next.asp?m_idx=15845
15849,정민준,주식회사 옹골찬사람들 대표,"동기부여, 성공, 자기계발,경영/조직, 창업, 스타트업,창의/마케팅, 광고, 마케팅, 콘텐츠, SNS",https://www.hooh.kr/sub/teacher/next.asp?m_idx=15849
15868,최윤식,"전 광주대학교 교수, 답사 해설가","교육, 글쓰기,창의/마케팅, 창의력, 광고",https://www.hooh.kr/sub/teacher/next.asp?m_idx=15868
15876,임채선,(재)서울숲사회혁신공유재단 대표,"사회/환경, ESG",https://www.hooh.kr/sub/teacher/next.asp?m_idx=15876
15918,전동균,에스피마케팅연구소,"AI/미래, 트렌드,경영/조직, 경영, 리더십, 조직문화, 혁신, 조직관리, 조직활성화, 경영전략,창의/마케팅, 창의력, 마케팅, 디자인",https://www.hooh.kr/sub/teacher/next.asp?m_idx=15918
15926,김새별,바이오해저드/유품정리사,"동기부여, 삶의자세,힐링, 희망, 마음",https://www.hooh.kr/sub/teacher/next.asp?m_idx=15926
15936,김병권,작가,"경영/조직, 위기관리,경제, 경제전망,사회/환경, 사회이슈",https://www.hooh.kr/sub/teacher/next.asp?m_idx=15936
15942,정병익,네모 파트너즈 디자인사이트 대표,"경영/조직, 경영, 혁신, 목표관리, 경영전략, 변화, 위기관리,창의/마케팅, 창의력, 콘텐츠",https://www.hooh.kr/sub/teacher/next.asp?m_idx=15942
15944,한재우,재우의 서재 대표,"교육, 자녀교육, 공부법, 입시, 독서법, 부모교육",https://www.hooh.kr/sub/teacher/next.asp?m_idx=15944
15963,우종영,나무병원 푸른공간 대표원장,"동기부여, 열정, 인생스토리, 도전, 자기관리, 삶의자세,힐링, 희망, 행복, 마음,취업, 인생이모작",https://www.hooh.kr/sub/teacher/next.asp?m_idx=15963
15969,김봉중,전남대학교 교수,"동기부여, 자기관리,인문학, 역사, 세계, 문화,경영/조직, 리더십, 위기관리,사회/환경, 정치, 국제정세, 사회이슈",https://www.hooh.kr/sub/teacher/next.asp?m_idx=15969
15973,임승휘,선문대학교 교수,"인문학, 역사, 고전, 철학, 예술, 세계, 문화",https://www.hooh.kr/sub/teacher/next.asp?m_idx=15973
15983,장재형,세렌디피티 인문학연구소 대표,"동기부여, 삶의자세,인문학, 역사, 고전, 철학, 미술, 세계, 문화, 문학,교육, 독서법",https://www.hooh.kr/sub/teacher/next.asp?m_idx=15983
15985,옥효진,부산 송수초등학교 교사,"동기부여, 인생스토리, 삶의자세, 자기계발,경제, 금융, 재테크,교육, 자녀교육, 공부법, 부모교육",https://www.hooh.kr/sub/teacher/next.asp?m_idx=15985
15996,박정재,서울대학교 지리학과 교수,"인문학, 한국사, 과학,사회/환경, ESG",https://www.hooh.kr/sub/teacher/next.asp?m_idx=15996
16025,전상현,건축가,"인문학, 역사, 문화",https://www.hooh.kr/sub/teacher/next.asp?m_idx=16025
16057,강문종,제주대학교 국어국문학과 교수,"인문학, 역사, 고전, 문화, 한국사",https://www.hooh.kr/sub/teacher/next.asp?m_idx=16057
16063,이요철,(주)아레테교육연구소 대표이사,"동기부여, 삶의자세, 자기계발,인문학, 철학,소통, 관계,퍼스널브랜딩, MBTI,교육, 독서법,취업, 진로",https://www.hooh.kr/sub/teacher/next.asp?m_idx=16063
16077,김성혜,작가,"경영/조직, 리더십, 조직문화, 조직관리, 조직활성화, 경영전략, 변화, 위기관리,창의/마케팅, 창의력",https://www.hooh.kr/sub/teacher/next.asp?m_idx=16077
16090,유현재,서강대학교 신문방송학과 교수,"소통, 커뮤니케이션, 관계,취업, 진로",https://www.hooh.kr/sub/teacher/next.asp?m_idx=16090
16103,정희원,정희원저속노화연구소 소장,"동기부여, 자기관리,건강, 스트레스, 비만, 식이요법, 의학, 노후",https://www.hooh.kr/sub/teacher/next.asp?m_idx=16103
16104,전주홍,서울대학교 교수,"인문학, 과학",https://www.hooh.kr/sub/teacher/next.asp?m_idx=16104
16111,박영석,서강대학교 경영대학 교수,"경영/조직, 경영, 혁신, 경영전략, 변화,경제, 재무설계, 경제전망",https://www.hooh.kr/sub/teacher/next.asp?m_idx=16111
16114,김선미,인천광역시 미추홀구청,"경제, 재무설계, 노후,힐링, 행복,취업, 직업관, 인생이모작",https://www.hooh.kr/sub/teacher/next.asp?m_idx=16114
16119,임시근,성균관대학교 과학수사학과 부교수,"인문학, 과학",https://www.hooh.kr/sub/teacher/next.asp?m_idx=16119
16121,곽영직,작가,"인문학, 역사, 과학",https://www.hooh.kr/sub/teacher/next.asp?m_idx=16121
17521,전상훈,"공학박사, 미래전략가","AI/미래, 트렌드, Ai(인공지능), DX, 미래기술,교육",https://www.hooh.kr/sub/teacher/next.asp?m_idx=17521
17523,송진주,GPT연구소 소장,"동기부여,AI/미래, Ai(인공지능),교육, 글쓰기,창의/마케팅, 마케팅, SNS",https://www.hooh.kr/sub/teacher/next.asp?m_idx=17523
17525,임성기,"AI 컨설팅, 인터넷 마케팅 전문가","AI/미래, IT, Ai(인공지능), DX,창의/마케팅, 마케팅",https://www.hooh.kr/sub/teacher/next.asp?m_idx=17525
17526,최동녘,"블록 미디어 전략 본부장, IT 전문 기자","AI/미래, 디지털기술, IT, Ai(인공지능), 미래기술, 블록체인, 핀테크",https://www.hooh.kr/sub/teacher/next.asp?m_idx=17526
17529,김유라,주식회사 선한부자 대표이사,"동기부여, 꿈,경제, 부동산, 재테크, 노후,교육, 자녀교육, 육아, 독서법, 부모교육",https://www.hooh.kr/sub/teacher/next.asp?m_idx=17529
17530,이송규,사단법인 한국안전전문가협회 회장,"경영/조직, 위기관리,교육, 법정의무교육",https://www.hooh.kr/sub/teacher/next.asp?m_idx=17530
17563,모종린,연세대학교 국제학대학원 교수,"경영/조직, 경영, 경영전략, 변화",https://www.hooh.kr/sub/teacher/next.asp?m_idx=17563
17575,조태호,인디애나 대학교 영상의학과 교수,"AI/미래, Ai(인공지능), 미래기술, 산업,건강, 심리, 정신,힐링, 행복, 마음",https://www.hooh.kr/sub/teacher/next.asp?m_idx=17575
17596,강하나,애널리스트,"경제, 금융, 주식, 경제전망, 재테크, 투자",https://www.hooh.kr/sub/teacher/next.asp?m_idx=17596
17605,이세돌,바둑 9단기사,"동기부여, 프로정신, 인생스토리, 도전, 성공, 삶의자세,AI/미래, 디지털기술, Ai(인공지능),창의/마케팅, 창의력",https://www.hooh.kr/sub/teacher/next.asp?m_idx=17605
17614,최민형,원금융서비스 대표,"동기부여, 열정, 인생스토리, 도전, 성공, 자기관리, 삶의자세, 자기계발, 꿈, 마인드셋,세일즈",https://www.hooh.kr/sub/teacher/next.asp?m_idx=17614
17628,허장행,더 모멘토 오너 바텐더,"인문학, 세계, 문화,힐링, 실습&체험",https://www.hooh.kr/sub/teacher/next.asp?m_idx=17628
17633,이효숙,고양시자원봉사센터 강사,"교육, 법정의무교육,힐링, 희망, 행복, 마음, 나눔, 봉사",https://www.hooh.kr/sub/teacher/next.asp?m_idx=17633
17634,박경수,프로젝트 코치/경영컨설턴트,"AI/미래, 트렌드, Ai(인공지능), 사물인터넷, 비즈니스,교육, 글쓰기",https://www.hooh.kr/sub/teacher/next.asp?m_idx=17634
17640,이승주,"이승주공인중개사사무소 대표, 이승주행정사사무소 대표","경제, 부동산, 세무/법률",https://www.hooh.kr/sub/teacher/next.asp?m_idx=17640
17648,전인구,전인구경제연구소 소장,"동기부여, 자기계발,경제, 주식, 경제전망, 재테크, 투자, 노후",https://www.hooh.kr/sub/teacher/next.asp?m_idx=17648
17650,정범진,경희대학교 원자력공학과 교수,"AI/미래, 미래기술,인문학, 과학,사회/환경, ESG, 사회이슈",https://www.hooh.kr/sub/teacher/next.asp?m_idx=17650
17653,백은하,"백은하 배우연구소 소장, 영화저널리스트","동기부여, 자기관리, 삶의자세,인문학, 예술, 문화, 영화",https://www.hooh.kr/sub/teacher/next.asp?m_idx=17653
17693,이동섭,"작가, 한겨레신문 칼럼니스트","인문학, 미술, 예술, 세계, 문화, 음악",https://www.hooh.kr/sub/teacher/next.asp?m_idx=17693
17696,이임숙,맑은숲아동청소년상담센터 소장,"소통, 관계, 가족,교육, 자녀교육, 육아, 인성,힐링, 행복, 마음, 자존감",https://www.hooh.kr/sub/teacher/next.asp?m_idx=17696
17710,김경원,세종대학교 대외부총장,"경영/조직, 경영전략,경제, 금융, 재무설계, 경제전망, 재테크,사회/환경, 국제정세",https://www.hooh.kr/sub/teacher/next.asp?m_idx=17710
17723,한영실,숙명여자대학교 식품영양학과 교수,"퍼스널브랜딩, 호감,건강, 스트레스, 비만, 식이요법",https://www.hooh.kr/sub/teacher/next.asp?m_idx=17723
17724,안드레아스,방송인,"동기부여,AI/미래, Ai(인공지능),인문학, 문화,소통, 커뮤니케이션,창의/마케팅, 콘텐츠",https://www.hooh.kr/sub/teacher/next.asp?m_idx=17724
17749,이순칠,카이스트 물리학과 명예교수,"AI/미래, 디지털기술, Ai(인공지능), 빅데이터, 미래기술, 산업, 정보보안",https://www.hooh.kr/sub/teacher/next.asp?m_idx=17749
17758,임종령,동시통역사,"동기부여, 열정, 프로정신, 인생스토리, 자기계발,교육, 자녀교육, 공부법, 부모교육",https://www.hooh.kr/sub/teacher/next.asp?m_idx=17758
17760,황인,한국야쿠르트 교육팀,"동기부여, 열정, 인생스토리, 도전, 자기계발, 꿈,취업, 면접, 이력서(자소서), 진로",https://www.hooh.kr/sub/teacher/next.asp?m_idx=17760
17777,이유진,심리치료사,"동기부여, 자기관리, 삶의자세, 자기계발,소통, 커뮤니케이션, 가족,건강, 스트레스, 심리,교육, 자녀교육, 독서법, 부모교육, 글쓰기,힐링, 희망, 마음, 자존감",https://www.hooh.kr/sub/teacher/next.asp?m_idx=17777
17778,조은수,교육컨설턴트,"교육, 자녀교육, 공부법, 입시, 부모교육,취업, 진로",https://www.hooh.kr/sub/teacher/next.asp?m_idx=17778
17786,남형도,기자,"인문학,소통,교육, 독서법, 글쓰기",https://www.hooh.kr/sub/teacher/next.asp?m_idx=17786
17790,박소연,"(주)스피토 대표이사, EBS 교수","소통, 커뮤니케이션, 스피치, 프레젠테이션,퍼스널브랜딩, CS,취업, 면접, 이력서(자소서)",https://www.hooh.kr/sub/teacher/next.asp?m_idx=17790
17793,이주은,JN COMPANY 대표 &  스윗밸런스 경영고문,"AI/미래, 트렌드, DX,경영/조직, 혁신, 조직관리, 목표관리, 경영전략, 변화, 위기관리, 스타트업,퍼스널브랜딩,창의/마케팅, 창의력, 광고, 마케팅, 콘텐츠, 디자인,세일즈, 유통",https://www.hooh.kr/sub/teacher/next.asp?m_idx=17793
17798,배재훈,"한국코치협회 수석 부회장, 우송대학교 명예총장","동기부여, 자기계발,경영/조직, 경영, 리더십, 조직문화, 조직관리, 조직활성화, 경영전략, CEO, 변화, 위기관리",https://www.hooh.kr/sub/teacher/next.asp?m_idx=17798
17822,구기욱,쿠퍼실리테이션그룹 대표,"경영/조직, 리더십, 조직문화, 조직관리, 목표관리, 조직활성화, CEO, 변화, 협력, 협업, 상생",https://www.hooh.kr/sub/teacher/next.asp?m_idx=17822
17823,이현숙,커미지컨설팅 대표,"소통, 커뮤니케이션, 스피치,퍼스널브랜딩, 이미지메이킹,세일즈, 판매,취업, 면접",https://www.hooh.kr/sub/teacher/next.asp?m_idx=17823
17830,강원석,시인,"동기부여,인문학, 문학, 시,교육, 자녀교육, 독서법, 인성, 부모교육,힐링, 행복",https://www.hooh.kr/sub/teacher/next.asp?m_idx=17830
17837,장한별,웜스피치 대표,"경영/조직, 리더십, 조직문화, 조직활성화,소통, 커뮤니케이션,힐링, 실습&체험",https://www.hooh.kr/sub/teacher/next.asp?m_idx=17837
17843,정소영,더블티컨설팅 대표,"AI/미래, 트렌드,경영/조직, 리더십,창의/마케팅, 마케팅,세일즈, 판매",https://www.hooh.kr/sub/teacher/next.asp?m_idx=17843
17849,배계완,한국시스템안전학회 부회장,"경영/조직, 경영, 위기관리,교육, 법정의무교육",https://www.hooh.kr/sub/teacher/next.asp?m_idx=17849
17858,박용택,전) 야구선수,"동기부여, 열정, 프로정신, 인생스토리, 도전, 성공, 자기관리, 꿈, 마인드셋,경영/조직, 리더십, 협력, 협업, 상생",https://www.hooh.kr/sub/teacher/next.asp?m_idx=17858
17886,도종환,시인,"인문학, 문학, 시,경영/조직, 리더십,창의/마케팅, 상상력",https://www.hooh.kr/sub/teacher/next.asp?m_idx=17886
17952,최소윤,마음드림연구소 대표,"동기부여, 비전,인문학,경영/조직, 리더십, 혁신, 조직관리, 조직활성화, 변화, 협력, 협업, 상생,소통, 커뮤니케이션, 스피치, 프레젠테이션,퍼스널브랜딩, 이미지메이킹, MBTI,창의/마케팅",https://www.hooh.kr/sub/teacher/next.asp?m_idx=17952
17956,안병민,열린비즈랩 대표,"AI/미래, 디지털기술, Ai(인공지능),경영/조직, 리더십, 조직문화, 혁신, 조직관리, 목표관리, 변화,창의/마케팅, 마케팅",https://www.hooh.kr/sub/teacher/next.asp?m_idx=17956
17987,신형덕,홍익대학교 경영학과 교수,"인문학, 문화,경영/조직, 경영, 조직문화, 혁신, 조직관리, 경영전략, 변화",https://www.hooh.kr/sub/teacher/next.asp?m_idx=17987
17992,박주관,비전꿈대학 대표,"AI/미래, Ai(인공지능),경영/조직, 경영, 리더십, 조직관리, 목표관리, 조직활성화, 경영전략, 위기관리, 창업,경제, 재테크,창의/마케팅, 마케팅",https://www.hooh.kr/sub/teacher/next.asp?m_idx=17992
17196,이강환,서울대학교 물리천문학부 겸임교수,과학,https://www.hooh.kr/sub/teacher/next.asp?m_idx=17196
17197,이미준,"프로덕트오너, 작가(도그냥)","동기부여, 도전, 자기계발,AI/미래, 트렌드, IT,창의/마케팅, 상상력, 창의력, 마케팅, 콘텐츠,취업, 진로, 직업관",https://www.hooh.kr/sub/teacher/next.asp?m_idx=17197
17213,배미주,미래교육융합교육원 대표,"동기부여, 자기관리, 자기계발, 꿈,AI/미래, 디지털기술, Ai(인공지능), 빅데이터,소통, 커뮤니케이션, 관계, 부부, 연애,교육, 자녀교육, 인성, 부모교육, 글쓰기,창의/마케팅, 창의력, 콘텐츠,취업, 면접, 이력서(자소서)",https://www.hooh.kr/sub/teacher/next.asp?m_idx=17213
17228,이연,"작가, 크리에이터","동기부여, 열정, 인생스토리, 도전, 삶의자세, 꿈, 마인드셋,소통, 커뮤니케이션,창의/마케팅, 상상력, 창의력, 콘텐츠, 디자인",https://www.hooh.kr/sub/teacher/next.asp?m_idx=17228
17257,김수인,휴먼컴퍼니 대표,"경영/조직, 리더십, 조직문화, 조직관리, 조직활성화, 협력, 협업, 상생,소통, 커뮤니케이션, 관계",https://www.hooh.kr/sub/teacher/next.asp?m_idx=17257
17259,손희석,컨설턴트,"리더십, 혁신, 경영전략, 협력, 협업, 상생,커뮤니케이션, 관계,여행",https://www.hooh.kr/sub/teacher/next.asp?m_idx=17259
17262,박기원,서정한의원 원장,"인문학, 뇌과학,건강, 비만, 식이요법, 의학, 한의학",https://www.hooh.kr/sub/teacher/next.asp?m_idx=17262
17273,최계영,정보통신정책연구원,"AI/미래, 트렌드, 디지털기술, IT, 미래기술, 모바일웹, 산업, 정보보안, 융합,사회/환경, 국제정세",https://www.hooh.kr/sub/teacher/next.asp?m_idx=17273
17291,김태훈,경남대학교 심리학과 교수,"동기부여, 삶의자세, 자기계발,소통, 관계,건강, 심리, 정신,힐링, 행복, 마음",https://www.hooh.kr/sub/teacher/next.asp?m_idx=17291
17305,박제인,사람북닷컴 대표,"동기부여, 자기관리, 자기계발,창의/마케팅, 마케팅, 콘텐츠, SNS",https://www.hooh.kr/sub/teacher/next.asp?m_idx=17305
17320,김현희,드림위드교육컨설팅,"동기부여, 자기관리, 자기계발,경영/조직, 리더십, 조직활성화,소통, 커뮤니케이션, 관계, 스피치, 가족,퍼스널브랜딩, 이미지메이킹, CS, 퍼스널컬러, 스타일링,교육, 법정의무교육,취업, 진로, 인생이모작",https://www.hooh.kr/sub/teacher/next.asp?m_idx=17320
17337,곽미정,스토리텔링Mee 대표,"동기부여, 열정, 자기관리, 삶의자세, 자기계발,소통, 커뮤니케이션,건강, 스트레스, 심리,교육, 글쓰기,창의/마케팅, 상상력, 창의력",https://www.hooh.kr/sub/teacher/next.asp?m_idx=17337
17348,김찬욱,작가,"AI/미래, 산업, 비즈니스,인문학, 문화, 한국사,경영/조직, 창업,힐링",https://www.hooh.kr/sub/teacher/next.asp?m_idx=17348
17364,박현영,지니앤토비 대표,"교육, 자녀교육, 공부법",https://www.hooh.kr/sub/teacher/next.asp?m_idx=17364
17369,김동철,심리학자,"심리, 정신,자녀교육, 부모교육",https://www.hooh.kr/sub/teacher/next.asp?m_idx=17369
17405,김홍표,"탤런트, 영화배우","동기부여, 인생스토리, 자기계발, 마인드셋,소통, 커뮤니케이션, 관계,건강, 심리,교육, 인성,힐링, 행복, 마음, 자존감,취업, 진로",https://www.hooh.kr/sub/teacher/next.asp?m_idx=17405
17409,이진호,온라인마케팅노하우연구원 원장,"AI/미래, Ai(인공지능),경영/조직, 리더십, 조직활성화,소통, 커뮤니케이션,퍼스널브랜딩, CS,교육, 글쓰기,창의/마케팅, 광고, 마케팅, 콘텐츠, SNS,취업, 진로",https://www.hooh.kr/sub/teacher/next.asp?m_idx=17409
17429,정철규,"문화소통 전문가, 개그맨","소통, 커뮤니케이션",https://www.hooh.kr/sub/teacher/next.asp?m_idx=17429
17480,강은하,새봄커뮤니케이션 대표,"소통, 커뮤니케이션, 관계, 스피치, 프레젠테이션",https://www.hooh.kr/sub/teacher/next.asp?m_idx=17480
16950,최남숙,뇌과학심리연구소 소장,"인문학, 뇌과학,소통, 커뮤니케이션,건강, 스트레스, 심리, 정신,힐링, 마음",https://www.hooh.kr/sub/teacher/next.asp?m_idx=16950
16954,장홍석,딜리셔스 공동대표,"경영/조직, 경영, 리더십, 조직관리, 경영전략, 협력, 협업, 상생, 창업, 스타트업,취업, 면접, 이력서(자소서), 진로, 직업관",https://www.hooh.kr/sub/teacher/next.asp?m_idx=16954
16956,김영애,이안아트컨설팅 대표,"인문학, 미술, 예술, 세계, 문화,경영/조직, 리더십, CEO,퍼스널브랜딩, 패션,창의/마케팅, 마케팅",https://www.hooh.kr/sub/teacher/next.asp?m_idx=16956
16957,유한나,푸드판타지 대표,"인문학,건강, 식이요법,힐링",https://www.hooh.kr/sub/teacher/next.asp?m_idx=16957
16961,니디 아그르왈,방송인,"동기부여, 열정, 도전, 성공, 삶의자세, 꿈, 마인드셋,인문학, 문화,사회/환경",https://www.hooh.kr/sub/teacher/next.asp?m_idx=16961
16985,사라 수경 엉리에,방송인,"동기부여, 열정, 인생스토리, 도전, 꿈,힐링, 실습&체험",https://www.hooh.kr/sub/teacher/next.asp?m_idx=16985
16986,일리야 벨랴코프,방송인,"열정,인문학, 세계, 문화,교육",https://www.hooh.kr/sub/teacher/next.asp?m_idx=16986
16993,자히드 후세인,방송인,"동기부여, 열정, 인생스토리, 꿈,인문학, 세계, 문화,힐링,사회/환경, ESG",https://www.hooh.kr/sub/teacher/next.asp?m_idx=16993
16994,카를로스 고리토,방송인,"동기부여, 열정, 인생스토리, 꿈,인문학, 문화,경영/조직, 창업,사회/환경, ESG, 사회이슈",https://www.hooh.kr/sub/teacher/next.asp?m_idx=16994
16997,프셰므스와브 크롬피에츠,방송인,"동기부여, 인생스토리, 도전, 꿈,AI/미래, Ai(인공지능),인문학, 세계, 문화",https://www.hooh.kr/sub/teacher/next.asp?m_idx=16997
17029,최경규,행복학교 대표,"동기부여, 삶의자세, 자기계발, 마인드셋,경영/조직, 리더십, 조직문화,건강, 스트레스, 심리,힐링, 희망, 행복, 마음, 자존감",https://www.hooh.kr/sub/teacher/next.asp?m_idx=17029
17031,배하연,라이프딕,"동기부여, 도전, 삶의자세, 자기계발, 꿈,인문학, 역사, 고전, 한국사,소통, 커뮤니케이션, 가족,교육, 자녀교육, 공부법, 독서법, 부모교육",https://www.hooh.kr/sub/teacher/next.asp?m_idx=17031
17034,허주희,"자유기고가, 작가","동기부여, 인생스토리,교육, 글쓰기,창의/마케팅, 창의력,취업, 직업관, 인생이모작",https://www.hooh.kr/sub/teacher/next.asp?m_idx=17034
17037,소해준,한국멘탈코칭센터 대표,"동기부여, 삶의자세,소통, 커뮤니케이션,건강, 스트레스, 심리, 정신, 운동,교육, 공부법, 입시",https://www.hooh.kr/sub/teacher/next.asp?m_idx=17037
17039,김지은,조아에듀컨설팅 대표,"경영/조직, 리더십, 조직문화, 조직관리, 목표관리, 조직활성화,소통, 커뮤니케이션,퍼스널브랜딩, 이미지메이킹, CS, MBTI",https://www.hooh.kr/sub/teacher/next.asp?m_idx=17039
17041,허유경,파이그라운드 대표,"경제, 금융, 자산관리, 재테크, 투자, 노후",https://www.hooh.kr/sub/teacher/next.asp?m_idx=17041
17048,박정화,조직웰빙디자인연구소 대표,"경영/조직, 조직문화, 조직관리, 조직활성화, 협력, 협업, 상생,소통, 관계",https://www.hooh.kr/sub/teacher/next.asp?m_idx=17048
17065,강동섭,신세계라이브쇼핑 쇼호스트,"소통, 커뮤니케이션, 스피치,퍼스널브랜딩, 이미지메이킹, 호감,창의/마케팅, 마케팅,세일즈, 판매",https://www.hooh.kr/sub/teacher/next.asp?m_idx=17065
17067,송지원,피크타임 대표,"동기부여, 자기관리,경영/조직, 조직활성화,소통, 커뮤니케이션, 관계,건강, 스트레스,교육, 인성,취업",https://www.hooh.kr/sub/teacher/next.asp?m_idx=17067
17070,김민주,위드드림컨설팅 대표,"인문학,소통,건강, 스트레스, 심리,창의/마케팅, 상상력, 창의력, 디자인",https://www.hooh.kr/sub/teacher/next.asp?m_idx=17070
17074,박주홍,"소올한의원 대표원장,한의사","건강, 의학, 노후, 한의학",https://www.hooh.kr/sub/teacher/next.asp?m_idx=17074
17085,윤성혁,텔콤 사외이사,"동기부여, 프로정신, 인생스토리, 도전, 성공, 삶의자세, 자기계발,경영/조직, 목표관리, 변화,세일즈, 협상, 설득,취업, 인생이모작",https://www.hooh.kr/sub/teacher/next.asp?m_idx=17085
18808,전원경,"예술 전문 작가, 세종사이버대 교수","인문학, 역사, 미술, 예술, 세계, 문화",https://www.hooh.kr/sub/teacher/next.asp?m_idx=18808
18831,권영화,"세종대학교 대우교수, 작가","동기부여, 자기계발,AI/미래, 트렌드, DX, 미래기술, 산업, 비즈니스, 융합",https://www.hooh.kr/sub/teacher/next.asp?m_idx=18831
18834,이장원,세무법인 리치 대표,"경제, 금융, 자산관리, 재무설계, 부동산, 재테크, 투자, 경매, 세무/법률, 디지털자산",https://www.hooh.kr/sub/teacher/next.asp?m_idx=18834
18847,김영웅,워렌증권에듀 대표,"경제, 금융, 주식, 재테크, 투자",https://www.hooh.kr/sub/teacher/next.asp?m_idx=18847
18863,김현정,서비스 컨설턴트,"소통, 커뮤니케이션, 관계, 가족, 프레젠테이션,퍼스널브랜딩, 이미지메이킹, CS, MBTI,건강, 스트레스,힐링, 마음",https://www.hooh.kr/sub/teacher/next.asp?m_idx=18863
18864,허찬,사회복지상담치료사,"동기부여, 삶의자세,경영/조직, 리더십,건강, 심리,교육, 자녀교육, 공부법, 육아, 인성, 부모교육,창의/마케팅, 마케팅, 콘텐츠, SNS,힐링, 행복, 자존감,사회/환경, ESG,취업, 면접, 이력서(자소서), 진로, 직업관",https://www.hooh.kr/sub/teacher/next.asp?m_idx=18864
18865,이창현,비발디연구소 소장,"동기부여, 열정, 자기관리, 자기계발, 꿈, 비전,인문학,소통, 스피치, 프레젠테이션,건강, 비만, 식이요법,창의/마케팅, SNS",https://www.hooh.kr/sub/teacher/next.asp?m_idx=18865
18868,이효정,MZ맘 자신감 멘토: 맘피던스,"동기부여, 자기관리, 삶의자세, 자기계발,소통, 관계, 가족, 부부, 연애,퍼스널브랜딩,교육, 자녀교육, 육아",https://www.hooh.kr/sub/teacher/next.asp?m_idx=18868
18870,김단,"작가, 자기계발/리더십 컨설턴트","동기부여, 자기관리, 삶의자세, 자기계발, 마인드셋,인문학, 철학,경영/조직, 리더십,소통, 커뮤니케이션, 관계, 프레젠테이션",https://www.hooh.kr/sub/teacher/next.asp?m_idx=18870
18871,김성진,베리치컴퍼니 대표,"경영/조직, 경영, 리더십, 목표관리, 조직활성화, 경영전략, 창업, 스타트업,경제, 투자,소통, 프레젠테이션,교육, 글쓰기",https://www.hooh.kr/sub/teacher/next.asp?m_idx=18871
18873,장재영,로얄아트앤뮤직 대표,"인문학, 고전, 미술, 예술, 세계, 문화, 음악",https://www.hooh.kr/sub/teacher/next.asp?m_idx=18873
18879,주아영,한국커리어코칭센타 대표,"동기부여, 성공, 자기계발,경영/조직, 리더십, 조직관리, 조직활성화, 협력, 협업, 상생,소통, 관계,퍼스널브랜딩, CS,교육, 자녀교육, 인성, 부모교육,세일즈, 고객관리",https://www.hooh.kr/sub/teacher/next.asp?m_idx=18879
18884,이영웅,위코노미(주) 대표이사,"경제, 금융, 자산관리, 재무설계, 재테크, 노후",https://www.hooh.kr/sub/teacher/next.asp?m_idx=18884
18890,남형수,"비알웨이컨설팅(주) 대표, i마음힐링아카데미 소장","동기부여, 삶의자세, 자기계발, 꿈, 비전,소통, 커뮤니케이션, 관계,건강, 스트레스, 정신, 운동,힐링, 희망, 웃음, 행복, 마음, 나눔, 실습&체험",https://www.hooh.kr/sub/teacher/next.asp?m_idx=18890
18892,전설,"입시전문가, 작가, 아트테이너","동기부여,AI/미래, 미래기술, 비즈니스,인문학, 미술, 예술,경영/조직, 경영, 리더십, CEO, 변화,소통, 커뮤니케이션, 관계,힐링, 행복",https://www.hooh.kr/sub/teacher/next.asp?m_idx=18892
18899,MC주종환,전문MC,"힐링, 웃음, 행복, 유머, 실습&체험",https://www.hooh.kr/sub/teacher/next.asp?m_idx=18899
18905,현경민,커넥팅랩 편집장,"AI/미래, 트렌드, 디지털기술, IT, Ai(인공지능), DX, 빅데이터, 모바일웹, 블록체인, 핀테크",https://www.hooh.kr/sub/teacher/next.asp?m_idx=18905
18089,김문경,더키움그룹 대표,"경영/조직, 리더십, 조직문화, 조직관리, 목표관리, 조직활성화, 경영전략, CEO, 위기관리",https://www.hooh.kr/sub/teacher/next.asp?m_idx=18089
18091,김상태,한국전통문화대학교 교수,"인문학, 역사, 고전, 예술, 문화, 한국사",https://www.hooh.kr/sub/teacher/next.asp?m_idx=18091
18094,민혜연,가정의학과 전문의,"건강, 스트레스, 비만, 식이요법, 의학, 노후",https://www.hooh.kr/sub/teacher/next.asp?m_idx=18094
18102,손희정,미나무 대표,"동기부여, 프로정신, 자기계발,경영/조직, 리더십, 조직활성화,소통, 커뮤니케이션,교육, 자녀교육, 공부법, 부모교육",https://www.hooh.kr/sub/teacher/next.asp?m_idx=18102
18105,임정민,임파워에듀케이션 대표,"소통, 커뮤니케이션, 관계, 스피치,세일즈, 설득",https://www.hooh.kr/sub/teacher/next.asp?m_idx=18105
18142,김성현,여행작가,"동기부여, 인생스토리, 도전, 삶의자세, 꿈,인문학, 문학,경영/조직, 리더십,소통, 관계,교육, 자녀교육, 부모교육, 글쓰기,힐링, 행복, 마음, 여행,취업, 직업관",https://www.hooh.kr/sub/teacher/next.asp?m_idx=18142
18193,이채은,브랜딩 가온 대표,"동기부여, 자기관리, 자기계발,소통, 커뮤니케이션, 스피치,퍼스널브랜딩, 이미지메이킹, 호감",https://www.hooh.kr/sub/teacher/next.asp?m_idx=18193
17506,장병준,노코드/AI/챗Gpt 전문강사,"AI/미래, 디지털기술, IT, Ai(인공지능), DX",https://www.hooh.kr/sub/teacher/next.asp?m_idx=17506
17191,정성훈,긍정커뮤니케이션 대표,"경영/조직, 리더십,소통, 커뮤니케이션, 관계,건강, 심리",https://www.hooh.kr/sub/teacher/next.asp?m_idx=17191
17091,우희경,브랜드미스쿨 대표,"동기부여, 인생스토리, 도전, 자기계발, 꿈, 마인드셋,교육, 글쓰기,창의/마케팅, 창의력, 콘텐츠,힐링, 자존감,취업, 진로, 직업관, 인생이모작",https://www.hooh.kr/sub/teacher/next.asp?m_idx=17091
17094,이민주,이민주육아연구소 소장,"소통, 가족, 부부,교육, 자녀교육, 육아, 인성, 부모교육",https://www.hooh.kr/sub/teacher/next.asp?m_idx=17094
17128,심상범,행복한 마술학교 교장/대표,"상상력,힐링, 웃음, 공연&강연",https://www.hooh.kr/sub/teacher/next.asp?m_idx=17128
17136,이수연,한국워킹맘연구소 소장,"동기부여, 열정, 삶의자세, 꿈,소통, 가족,교육, 자녀교육, 육아, 부모교육",https://www.hooh.kr/sub/teacher/next.asp?m_idx=17136
18351,어준혁,한국폴리텍1대학 그린에너지설비과 교수,"동기부여, 열정, 인생스토리, 도전, 성공, 자기계발, 꿈,취업, 진로, 직업관",https://www.hooh.kr/sub/teacher/next.asp?m_idx=18351
18354,이예지,"그레이프 E&L 대표, 콘텐츠 디렉터","AI/미래, Ai(인공지능),소통, 커뮤니케이션,퍼스널브랜딩, 이미지메이킹,건강, 스트레스,교육, 글쓰기,창의/마케팅, 창의력, 콘텐츠,취업, 이력서(자소서)",https://www.hooh.kr/sub/teacher/next.asp?m_idx=18354
18357,허규형,정신건강의학과 전문의,"건강, 스트레스, 의학, 심리, 정신,힐링, 마음",https://www.hooh.kr/sub/teacher/next.asp?m_idx=18357
18379,황준철,"마음건강연구소 소장, 응용심리학자","소통, 관계,건강, 심리,교육, 부모교육,힐링, 행복, 워라벨, 마음",https://www.hooh.kr/sub/teacher/next.asp?m_idx=18379
18386,남도형,성우,"동기부여, 열정, 프로정신, 도전, 자기관리, 꿈, 마인드셋,소통, 커뮤니케이션, 스피치,힐링, 나눔,취업, 진로",https://www.hooh.kr/sub/teacher/next.asp?m_idx=18386
18397,김민식,"전)MBC PD, 세명대학교 저널리즘대학원 교수","동기부여, 인생스토리, 삶의자세, 자기계발,경제, 자산관리, 재테크, 투자, 노후,소통, 커뮤니케이션, 관계,교육, 공부법,힐링, 행복, 자존감",https://www.hooh.kr/sub/teacher/next.asp?m_idx=18397
18407,김승주,"항해사, 작가","동기부여, 열정, 도전, 자기계발, 꿈,취업, 진로",https://www.hooh.kr/sub/teacher/next.asp?m_idx=18407
18420,신종호,서울대 교육학과 교수,"교육, 자녀교육, 공부법, 부모교육, 글쓰기",https://www.hooh.kr/sub/teacher/next.asp?m_idx=18420
18443,이보람,특수교사,"삶의자세,소통, 가족,교육, 자녀교육, 공부법, 육아, 부모교육,힐링, 희망, 마음,취업, 진로",https://www.hooh.kr/sub/teacher/next.asp?m_idx=18443
18447,김혜민,라디오 PD,"동기부여, 열정, 프로정신, 자기관리, 삶의자세, 자기계발, 꿈,소통, 커뮤니케이션, 스피치,교육, 글쓰기,힐링, 행복, 마음",https://www.hooh.kr/sub/teacher/next.asp?m_idx=18447
18471,정선용,작가,"자기계발,경제, 금융, 부동산, 재테크, 투자, 노후,취업, 직업관, 인생이모작",https://www.hooh.kr/sub/teacher/next.asp?m_idx=18471
18472,레오다브,그래피티 아티스트,"동기부여, 자기계발,인문학, 예술, 문화,창의/마케팅, 상상력, 창의력, 디자인",https://www.hooh.kr/sub/teacher/next.asp?m_idx=18472
18476,조성익,홍익대학교 건축도시대학 교수,"인문학,창의/마케팅, 디자인",https://www.hooh.kr/sub/teacher/next.asp?m_idx=18476
18481,함태식,"유튜버, 작가","동기부여, 자기계발,경제, 자산관리, 부동산, 재테크, 투자, 경매",https://www.hooh.kr/sub/teacher/next.asp?m_idx=18481
18484,한민,문화심리학자,"인문학, 문화,경영/조직, 조직관리,소통, 커뮤니케이션,건강, 심리,힐링, 행복",https://www.hooh.kr/sub/teacher/next.asp?m_idx=18484
18493,임주혜,변호사,"동기부여, 삶의자세, 자기계발, 비전,경제, 세무/법률,취업, 인생이모작",https://www.hooh.kr/sub/teacher/next.asp?m_idx=18493
18501,안수연,한국능률인재개발원 중부대표,"경영/조직, 조직활성화,소통, 커뮤니케이션, 관계,퍼스널브랜딩, CS,건강, 스트레스, 웃음,교육, 성교육, 법정의무교육",https://www.hooh.kr/sub/teacher/next.asp?m_idx=18501
18503,이현지,유진투자증권 애널리스트,"AI/미래, 트렌드, 산업, 비즈니스,경제, 주식, 경제전망, 투자,창의/마케팅, 콘텐츠",https://www.hooh.kr/sub/teacher/next.asp?m_idx=18503
18512,김창룡,인제대학교 사회과학대학 신문방송학과 교수,"동기부여, 성공,소통, 커뮤니케이션, 스피치, 부부, 프레젠테이션,교육, 자녀교육, 공부법, 글쓰기,사회/환경, 사회이슈",https://www.hooh.kr/sub/teacher/next.asp?m_idx=18512
18516,김정인,중앙대학교 경제학부 교수,"경영/조직,사회/환경, ESG",https://www.hooh.kr/sub/teacher/next.asp?m_idx=18516
18519,박예영,피엘컬러 대표,"동기부여, 자기관리, 자기계발,인문학, 미술, 영화,퍼스널브랜딩, 이미지메이킹, 뷰티, 패션, 퍼스널컬러, 호감, 스타일링,창의/마케팅, 마케팅",https://www.hooh.kr/sub/teacher/next.asp?m_idx=18519
18539,김가형,골프 프로,"동기부여, 열정, 도전, 자기계발,건강, 운동,힐링, 실습&체험",https://www.hooh.kr/sub/teacher/next.asp?m_idx=18539
18544,정민홍,코퍼레이션 PEOPLE 팀장,"경영/조직, 리더십, 조직문화, 조직관리, 목표관리, 조직활성화, 협력, 협업, 상생,창의/마케팅, 창의력,취업, 면접, 이력서(자소서)",https://www.hooh.kr/sub/teacher/next.asp?m_idx=18544
18548,이추경,킹웨이 인재개발 그룹 공동대표,"경영/조직, 리더십, 목표관리, 위기관리, 협력, 협업, 상생,소통, 커뮤니케이션, 스피치, 프레젠테이션",https://www.hooh.kr/sub/teacher/next.asp?m_idx=18548
18599,이진우,"포인투랩 이사, 네이버 에반젤리스트","동기부여,AI/미래, 디지털기술, IT, 미래기술,경영/조직, 변화, 위기관리,소통,교육, 자녀교육,취업, 진로",https://www.hooh.kr/sub/teacher/next.asp?m_idx=18599
18600,온대호,"기업인, 스포츠해설가","동기부여, 도전, 성공, 자기관리, 삶의자세, 자기계발, 마인드셋,세일즈",https://www.hooh.kr/sub/teacher/next.asp?m_idx=18600
18616,이승훈,지앤우컨설팅 (교육 / 행사 대행 컨설팅),"소통, 커뮤니케이션, 관계, 스피치, 프레젠테이션,건강, 스트레스, 비만, 식이요법,창의/마케팅, 콘텐츠, SNS,세일즈, 설득",https://www.hooh.kr/sub/teacher/next.asp?m_idx=18616
18668,최원준,한국존재가치연구소 소장,"경영/조직, 리더십, 창업,소통, 커뮤니케이션, 스피치, 프레젠테이션,창의/마케팅, 창의력,취업, 면접, 이력서(자소서), 진로",https://www.hooh.kr/sub/teacher/next.asp?m_idx=18668
18672,정민우,바른자산주식회사 대표,"경제, 자산관리, 부동산, 재테크, 투자, 경매, 노후",https://www.hooh.kr/sub/teacher/next.asp?m_idx=18672
18681,박건호,한국외대 정보기록학과 객원교수,"동기부여, 삶의자세,인문학, 역사, 미술, 예술, 문화, 한국사",https://www.hooh.kr/sub/teacher/next.asp?m_idx=18681
18705,최선미,세움커리어대표,"경영/조직, 조직활성화,소통, 커뮤니케이션,퍼스널브랜딩, MBTI,교육, 공부법,취업, 면접, 이력서(자소서), 진로",https://www.hooh.kr/sub/teacher/next.asp?m_idx=18705
18728,김진호,호서대학교 초빙교수  아리랑무역대표,"AI/미래, Ai(인공지능), 비즈니스,인문학, 세계, 문화,경제, 노후,취업, 진로, 인생이모작",https://www.hooh.kr/sub/teacher/next.asp?m_idx=18728
18746,정다솔,전문강사,"교육, 자녀교육, 공부법, 육아, 성교육, 독서법, 인성, 부모교육",https://www.hooh.kr/sub/teacher/next.asp?m_idx=18746
18760,이동욱,한국제안활동협회 연구소장,"경영/조직, 리더십, 혁신, 조직활성화,소통, 프레젠테이션,창의/마케팅, 창의력, 마케팅, 콘텐츠,세일즈, 고객관리",https://www.hooh.kr/sub/teacher/next.asp?m_idx=18760
18769,장혁진,대한시니어치과학회,"건강, 의학, 노후",https://www.hooh.kr/sub/teacher/next.asp?m_idx=18769
18783,염준영,전문MC,"힐링, 웃음, 행복, 유머",https://www.hooh.kr/sub/teacher/next.asp?m_idx=18783
18792,구자룡,(주)밸류바인 대표,"AI/미래, Ai(인공지능), 빅데이터, 미래기술, 비즈니스,스타트업,창의/마케팅, 마케팅,세일즈, 고객관리",https://www.hooh.kr/sub/teacher/next.asp?m_idx=18792
20628,박지현,기업교육전문 떨림과 성장 대표,"경영/조직, 리더십, 조직문화, 혁신, 조직관리, 조직활성화, 협력, 협업, 상생,소통, 커뮤니케이션,퍼스널브랜딩, MBTI",https://www.hooh.kr/sub/teacher/next.asp?m_idx=20628
20629,김학진,고려대학교 심리학과 교수,"인문학, 뇌과학,건강, 의학, 심리, 정신,힐링, 행복, 마음, 자존감",https://www.hooh.kr/sub/teacher/next.asp?m_idx=20629
20631,임대혁,말버스 스피치 컨설팅 대표,"경영/조직, 조직활성화,소통, 커뮤니케이션, 스피치, 프레젠테이션",https://www.hooh.kr/sub/teacher/next.asp?m_idx=20631
20632,인현진,"스토리베리 대표, 심리상담가","동기부여, 삶의자세,인문학,소통,심리,글쓰기,힐링, 행복",https://www.hooh.kr/sub/teacher/next.asp?m_idx=20632
20651,조슬린,우아한 공방 대표,"경영/조직, 창업,힐링, 워라벨, 실습&체험",https://www.hooh.kr/sub/teacher/next.asp?m_idx=20651
20664,유정임,채널 Respect_Edu 대표. 작가,"소통, 관계, 가족,교육, 자녀교육, 육아, 부모교육",https://www.hooh.kr/sub/teacher/next.asp?m_idx=20664
21926,김경호,"MBC (기자, 앵커)","경영/조직, 리더십,소통, 커뮤니케이션, 관계, 스피치, 프레젠테이션,창의/마케팅, 마케팅",https://www.hooh.kr/sub/teacher/next.asp?m_idx=21926
21949,카잉카잉 모택,방송인,"인문학, 역사, 세계, 문화,사회/환경, 정치, 국제정세",https://www.hooh.kr/sub/teacher/next.asp?m_idx=21949
21950,엘리자베타,방송인,"인문학, 역사, 문화,건강, 비만,사회/환경, 정치",https://www.hooh.kr/sub/teacher/next.asp?m_idx=21950
21951,플로리안 크라프,방송인,"동기부여, 자기관리,건강, 비만, 식이요법, 운동",https://www.hooh.kr/sub/teacher/next.asp?m_idx=21951
21952,율리아 바룬드,"통번역사, 방송인","인문학, 문화,소통, 연애,사회/환경, 사회이슈",https://www.hooh.kr/sub/teacher/next.asp?m_idx=21952
21953,야닉,방송인,"인문학, 역사, 문화,사회/환경, 정치, 국제정세, 사회이슈",https://www.hooh.kr/sub/teacher/next.asp?m_idx=21953
21954,정새미,방송인,"인문학, 역사, 세계, 문화,정치",https://www.hooh.kr/sub/teacher/next.asp?m_idx=21954
21955,자나 왈리드 자힌,방송인,"인문학, 역사, 예술, 세계, 문화",https://www.hooh.kr/sub/teacher/next.asp?m_idx=21955
21956,챤드라세커 파르니카,"모델, 방송인","인문학, 역사, 문화,사회/환경, 정치, 국제정세",https://www.hooh.kr/sub/teacher/next.asp?m_idx=21956
21957,박유성,방송인,"동기부여, 인생스토리,인문학, 세계, 문화,힐링, 희망,사회/환경, 남북관계",https://www.hooh.kr/sub/teacher/next.asp?m_idx=21957
21959,장루이,"방송인, 배우","인문학, 역사, 세계, 문화,사회/환경, 정치",https://www.hooh.kr/sub/teacher/next.asp?m_idx=21959
21960,칼리드,"엠케이에스 글로벌 대표, 방송인","인문학, 역사, 문화,소통, 부부,사회/환경, 정치, 사회이슈",https://www.hooh.kr/sub/teacher/next.asp?m_idx=21960
21961,마포로르,소리꾼,"인문학, 예술, 문화,힐링, 공연&강연",https://www.hooh.kr/sub/teacher/next.asp?m_idx=21961
21962,비비,"모델, 방송인","인문학, 역사, 문화,퍼스널브랜딩, 뷰티,사회/환경, 국제정세",https://www.hooh.kr/sub/teacher/next.asp?m_idx=21962
21963,키즈긴 로즈 술탄,방송인,"인문학, 역사, 세계, 문화,사회/환경, 정치",https://www.hooh.kr/sub/teacher/next.asp?m_idx=21963
21964,레베카 누르 죠지,방송인,"인문학, 역사, 세계, 문화,사회/환경, 국제정세",https://www.hooh.kr/sub/teacher/next.asp?m_idx=21964
21965,디나 무자노비치,방송인,"인문학, 역사, 세계, 문화,사회/환경, 정치",https://www.hooh.kr/sub/teacher/next.asp?m_idx=21965
21966,한행운,방송인,"사회/환경, 정치, 국제정세",https://www.hooh.kr/sub/teacher/next.asp?m_idx=21966
21967,폴카버,"전 공무원, 방송인","인문학, 역사, 세계, 문화,사회/환경, 정치, 국제정세, 사회이슈",https://www.hooh.kr/sub/teacher/next.asp?m_idx=21967
21968,고미호,방송인,"소통, 가족, 부부,힐링, 행복",https://www.hooh.kr/sub/teacher/next.asp?m_idx=21968
21971,이동석,"기업교육 전문 강사 및 HRD 컨설턴트, 글로벌하나여행사 교육 담당 컨설턴트, 미디어경북 칼럼니스트","동기부여, 열정, 프로정신, 인생스토리, 도전, 성공, 자기관리, 삶의자세, 자기계발, 꿈, 비전, 마인드셋,경영/조직, 리더십, 목표관리, 변화,소통, 커뮤니케이션, 관계,건강, 스트레스",https://www.hooh.kr/sub/teacher/next.asp?m_idx=21971
21990,서정아,채움 컨설팅 대표,"경영/조직, 리더십, 조직문화, 조직관리,소통, 커뮤니케이션, 스피치,퍼스널브랜딩, CS,세일즈, 고객관리",https://www.hooh.kr/sub/teacher/next.asp?m_idx=21990
22005,노준영,마케팅 컴퍼니 엔 대표,"AI/미래, 트렌드, 디지털기술, IT, Ai(인공지능), 미래기술, 메타버스,교육, 글쓰기,창의/마케팅, 마케팅, 콘텐츠, SNS",https://www.hooh.kr/sub/teacher/next.asp?m_idx=22005
22007,전혜리,채움컨설팅 대표 강사,"경영/조직, 조직활성화,퍼스널브랜딩, 이미지메이킹, CS, 퍼스널컬러, MBTI,건강, 스트레스,힐링, 마음, 실습&체험,취업, 면접, 이력서(자소서)",https://www.hooh.kr/sub/teacher/next.asp?m_idx=22007
22010,이태겸,별하HRD 대표,"동기부여, 자기관리,경영/조직, 리더십, 조직문화, 협력, 협업, 상생,소통, 커뮤니케이션,퍼스널브랜딩, CS, MBTI",https://www.hooh.kr/sub/teacher/next.asp?m_idx=22010
22016,정희영,에이치와이 자신감 컨설팅 대표,"경영/조직, 리더십, 조직관리, 조직활성화,소통, 커뮤니케이션, 스피치,퍼스널브랜딩, CS,건강, 스트레스,교육, 법정의무교육,힐링, 마음,취업, 면접, 이력서(자소서), 진로",https://www.hooh.kr/sub/teacher/next.asp?m_idx=22016
19790,강혜림,한국건설기술연구원,"동기부여, 프로정신, 도전, 자기계발,교육, 글쓰기,창의/마케팅, 창의력, 마케팅, 콘텐츠, SNS,힐링, 워라벨",https://www.hooh.kr/sub/teacher/next.asp?m_idx=19790
19822,이윤형,영남대학교 심리학과 교수,"인문학, 뇌과학,경영/조직, 리더십, 조직관리,소통, 커뮤니케이션, 관계,건강, 심리",https://www.hooh.kr/sub/teacher/next.asp?m_idx=19822
19823,조수현,계명대학교 교육학과 조교수,"AI/미래, 메타버스,건강, 심리, 정신,교육, 자녀교육, 공부법, 부모교육",https://www.hooh.kr/sub/teacher/next.asp?m_idx=19823
19828,배정철,아카로스터 대표,"동기부여, 삶의자세,인문학, 역사, 문화,힐링, 희망, 행복, 마음, 여행, 실습&체험",https://www.hooh.kr/sub/teacher/next.asp?m_idx=19828
19965,김태형,단국대학교 대학원 데이터지식서비스공학과 교수,"AI/미래, IT, Ai(인공지능), DX, 빅데이터, 미래기술, 산업, 메타버스,경영/조직, 리더십, 혁신, 변화",https://www.hooh.kr/sub/teacher/next.asp?m_idx=19965
20002,임지연,브릿지톡컴퍼니 대표,"경영/조직, 리더십, 조직문화, 조직활성화,소통, 커뮤니케이션, 관계,퍼스널브랜딩, CS",https://www.hooh.kr/sub/teacher/next.asp?m_idx=20002
20003,방성국,뮤직비스니스 전문가,"AI/미래, 디지털기술, 비즈니스,인문학, 문화",https://www.hooh.kr/sub/teacher/next.asp?m_idx=20003
20013,한그루,미국 페어필드대학교 경영학과 조교수,"동기부여, 열정, 도전, 성공, 자기관리, 삶의자세, 자기계발, 꿈, 비전,인문학, 문화,소통, 커뮤니케이션, 관계",https://www.hooh.kr/sub/teacher/next.asp?m_idx=20013
20090,장동인,"KAIST AI대학원 교수, Ph.D","AI/미래, 트렌드, 디지털기술, IT, Ai(인공지능), 빅데이터, 미래기술, 산업, 비즈니스",https://www.hooh.kr/sub/teacher/next.asp?m_idx=20090
20098,김춘근,한국수의치과협회장,"건강, 의학",https://www.hooh.kr/sub/teacher/next.asp?m_idx=20098
20101,신임철,GS차지비 대표 겸 행동경제학자,"경영/조직, 리더십, 조직관리, 조직활성화, 경영전략, CEO, 스타트업",https://www.hooh.kr/sub/teacher/next.asp?m_idx=20101
20104,전준수,사회복지법인 이랜드복지재단 이사장,"경영/조직, 경영, 리더십, 혁신, 조직관리, 목표관리, 변화, 위기관리",https://www.hooh.kr/sub/teacher/next.asp?m_idx=20104
20111,옥용식,"국제ESG협회 회장, 고려대학교 교수","경영/조직, 경영, 변화, 위기관리,사회/환경, ESG",https://www.hooh.kr/sub/teacher/next.asp?m_idx=20111
20132,민병운,대구카톨릭대 미디어영상광고홍보학과 교수,"AI/미래, 트렌드, 비즈니스,경영/조직, 혁신, 경영전략, 변화, 스타트업,창의/마케팅, 광고, 마케팅",https://www.hooh.kr/sub/teacher/next.asp?m_idx=20132
20144,오동훈,정신건강의학과 전문의,"소통,건강, 스트레스, 의학, 정신,교육, 자녀교육, 부모교육,힐링, 마음",https://www.hooh.kr/sub/teacher/next.asp?m_idx=20144
20150,신고은,"작가, 심리학자","동기부여, 삶의자세,소통, 커뮤니케이션,퍼스널브랜딩, MBTI,건강, 스트레스, 심리,힐링, 행복, 마음",https://www.hooh.kr/sub/teacher/next.asp?m_idx=20150
20163,이인아,서울대학교 뇌인지과학과 교수,"동기부여, 자기계발, 마인드셋,AI/미래, 트렌드, Ai(인공지능), 미래기술,인문학, 과학, 뇌과학,경영/조직, 리더십, 혁신, 경영전략",https://www.hooh.kr/sub/teacher/next.asp?m_idx=20163
20166,김순렬,학의학 박사,"건강, 스트레스, 비만, 식이요법, 웃음, 의학, 노후, 한의학",https://www.hooh.kr/sub/teacher/next.asp?m_idx=20166
20181,구슬쥬,10대들의 공부멘토,"동기부여, 꿈,교육, 자녀교육, 공부법, 입시, 독서법, 부모교육,창의/마케팅, SNS,취업, 진로",https://www.hooh.kr/sub/teacher/next.asp?m_idx=20181
20193,이승우,유진투자증권 리서치센터장,"AI/미래, 트렌드, Ai(인공지능), 산업, 비즈니스,경제, 금융, 주식, 자산관리, 경제전망, 투자",https://www.hooh.kr/sub/teacher/next.asp?m_idx=20193
20197,정재경,"작가, 초록생활연구소 대표","동기부여, 삶의자세,건강, 심리,창의/마케팅,힐링, 행복,취업, 진로",https://www.hooh.kr/sub/teacher/next.asp?m_idx=20197
20216,장내석,"노동 법률 전문가, 예담HR컨설팅 컨설턴트, 공인노무사","경영/조직, 리더십, 조직문화, 조직관리, CEO, 협력, 협업, 상생,경제, 세무/법률,소통, 커뮤니케이션,퍼스널브랜딩,교육, 법정의무교육,취업, 진로, 직업관",https://www.hooh.kr/sub/teacher/next.asp?m_idx=20216
20221,이병욱,서울과학종합대학원 주임교수,"AI/미래, 트렌드, 디지털기술, Ai(인공지능), 미래기술, 산업, 블록체인, 핀테크, 융합,경제, 금융, 경제전망, 디지털자산",https://www.hooh.kr/sub/teacher/next.asp?m_idx=20221
20228,현진영,가수,"동기부여, 열정, 인생스토리, 도전, 꿈,소통,힐링, 희망, 웃음, 공연&강연",https://www.hooh.kr/sub/teacher/next.asp?m_idx=20228
20229,이수련,여성 청와대 경호원 출신 배우,"동기부여, 열정, 인생스토리, 도전, 자기관리, 삶의자세, 자기계발, 꿈, 마인드셋,취업, 직업관, 인생이모작",https://www.hooh.kr/sub/teacher/next.asp?m_idx=20229
20231,홍진광,찍사홍미디어 대표,"경제, 부동산, 재테크, 투자, 경매, 노후",https://www.hooh.kr/sub/teacher/next.asp?m_idx=20231
20232,구수환,"울지마톤즈 감독, 이태석재단 이사장","경영/조직, 리더십,소통, 커뮤니케이션,교육, 자녀교육, 인성, 부모교육,힐링, 희망, 종교, 행복",https://www.hooh.kr/sub/teacher/next.asp?m_idx=20232
20238,박용우,"가정의학과 전문의, 비만명의","동기부여, 자기관리, 삶의자세, 자기계발,건강, 스트레스, 비만, 식이요법, 의학,힐링, 워라벨, 마음",https://www.hooh.kr/sub/teacher/next.asp?m_idx=20238
20270,이진영,"감독,저널리스트,작가","동기부여, 열정,인문학, 역사, 예술, 문화, 영화, 음악,경영/조직, 리더십,힐링, 여행",https://www.hooh.kr/sub/teacher/next.asp?m_idx=20270
20284,김용우,"고려대AMP 사무총장, 닥터닥터스 대표","동기부여, 열정,소통, 커뮤니케이션, 관계",https://www.hooh.kr/sub/teacher/next.asp?m_idx=20284
20298,서영상,메디렘 대표(헬스케어AI분야 전문가),"AI/미래, 트렌드, 디지털기술, IT, Ai(인공지능), 빅데이터, 미래기술, 산업",https://www.hooh.kr/sub/teacher/next.asp?m_idx=20298
20299,김지윤,스텔러스 대표,"AI/미래, 디지털기술, IT, 블록체인,창의/마케팅, 콘텐츠,취업, 진로, 직업관",https://www.hooh.kr/sub/teacher/next.asp?m_idx=20299
20305,백승희,"교수, 컨설턴트, 코칭전문가","AI/미래, Ai(인공지능), 메타버스,경영/조직, 리더십,취업, 면접, 이력서(자소서)",https://www.hooh.kr/sub/teacher/next.asp?m_idx=20305
20308,최수길,"현)한국재무설계 (주), 작가, 재테크전문가, 전)하나은행지점장","동기부여, 자기관리, 삶의자세, 자기계발, 꿈, 마인드셋,경제, 재무설계, 노후,교육, 글쓰기,취업, 인생이모작",https://www.hooh.kr/sub/teacher/next.asp?m_idx=20308
20357,염혜진,"약사, 약학 분야 메디컬 라이터","동기부여, 자기관리,건강, 스트레스, 비만, 식이요법, 한의학",https://www.hooh.kr/sub/teacher/next.asp?m_idx=20357
20358,류은경,완전해독연구소 소장,"건강, 스트레스, 비만, 식이요법, 의학, 노후",https://www.hooh.kr/sub/teacher/next.asp?m_idx=20358
20365,송은호,"약사, 유튜브 오육십TV 운영","인문학, 역사, 한국사,건강, 스트레스, 의학, 노후",https://www.hooh.kr/sub/teacher/next.asp?m_idx=20365
20373,정윤주,본마인드 대표 & 코치,"동기부여, 열정, 도전, 성공, 자기관리, 삶의자세, 자기계발, 꿈, 비전, 마인드셋,소통, 커뮤니케이션, 관계, 가족,건강, 정신,교육, 자녀교육, 부모교육,힐링, 행복, 마음",https://www.hooh.kr/sub/teacher/next.asp?m_idx=20373
20374,김지연,와이퀸여성의원 대표원장(산부인과의사),"건강, 의학,교육, 여성학, 성교육",https://www.hooh.kr/sub/teacher/next.asp?m_idx=20374
20378,문천식,연예인,"동기부여, 열정, 인생스토리, 삶의자세, 꿈, 마인드셋,소통,힐링, 웃음, 유머",https://www.hooh.kr/sub/teacher/next.asp?m_idx=20378
20385,전준혁,(주)세이프스펙 대표,"경영/조직, 창업,창의/마케팅, 창의력, 광고, 마케팅, 콘텐츠,세일즈, 유통, 판매",https://www.hooh.kr/sub/teacher/next.asp?m_idx=20385
20392,김선희,훈민에듀코칭 대표,"경영/조직, 경영전략,소통, 커뮤니케이션, 관계, 가족, 부부,교육, 자녀교육, 공부법, 독서법, 부모교육,취업, 직업관",https://www.hooh.kr/sub/teacher/next.asp?m_idx=20392
20404,박소현,패션&럭셔리 콘텐츠 크리에이터,"동기부여, 자기관리,인문학,퍼스널브랜딩, 이미지메이킹, 뷰티, 패션, 스타일링,교육, 글쓰기,창의/마케팅, 콘텐츠",https://www.hooh.kr/sub/teacher/next.asp?m_idx=20404
20413,오태헌,경희사이버대학교 일본학과 교수,"경영/조직, 경영, 혁신, 경영전략, 변화, 위기관리,경제, 경제전망",https://www.hooh.kr/sub/teacher/next.asp?m_idx=20413
20429,백용욱,카이스트 경영대학 교수,"경영/조직, 경영, 혁신, 경영전략, CEO, 스타트업,경제, 투자",https://www.hooh.kr/sub/teacher/next.asp?m_idx=20429
20437,이상원,경희대학교 미디어학과 교수,"AI/미래, 트렌드, IT, Ai(인공지능), 미래기술, 모바일웹, 산업, 융합,경영/조직, 경영전략,창의/마케팅, 콘텐츠",https://www.hooh.kr/sub/teacher/next.asp?m_idx=20437
20459,한소희,마인드셋랩 대표,"동기부여, 자기관리, 마인드셋,경영/조직, 리더십, 조직문화,소통, 스피치,퍼스널브랜딩, 이미지메이킹,취업, 진로",https://www.hooh.kr/sub/teacher/next.asp?m_idx=20459
20472,박용기,한국열린사이버대학교 AI융합학과 특임교수/ESG단장(한국경영기술지도사회),"AI/미래, 트렌드, Ai(인공지능), 블록체인,경영/조직, 경영, 리더십, 경영전략, CEO, 스타트업,경제, 금융, 디지털자산,소통, 커뮤니케이션, 스피치,교육, 글쓰기,사회/환경, ESG",https://www.hooh.kr/sub/teacher/next.asp?m_idx=20472
20483,황웃는돌,나는 자살 생존자입니다 작가,"동기부여, 삶의자세,건강, 스트레스, 심리, 정신,힐링, 희망, 마음, 나눔",https://www.hooh.kr/sub/teacher/next.asp?m_idx=20483
20489,이연후,TBWA KOREA 기획 팀장 (수석국장),"창의/마케팅, 상상력, 창의력, 광고, 마케팅, 콘텐츠",https://www.hooh.kr/sub/teacher/next.asp?m_idx=20489
20526,송하늘,국가공무원(행정사무관),"경영/조직, 리더십, 혁신, 조직관리, 위기관리, 협력, 협업, 상생,사회/환경, 국제정세, 사회이슈",https://www.hooh.kr/sub/teacher/next.asp?m_idx=20526
20551,박종천,넥스트인텔리전스 공동대표,"AI/미래, 디지털기술, IT, Ai(인공지능), DX,경영/조직, 조직문화, 조직관리, 목표관리, 조직활성화, 경영전략, 위기관리, 협력, 협업, 상생,취업, 직업관",https://www.hooh.kr/sub/teacher/next.asp?m_idx=20551
20563,안중호,자연과문화해설교육 대표,"동기부여, 자기계발,인문학, 문화,소통, 스피치, 프레젠테이션,교육, 글쓰기,취업, 직업관, 인생이모작",https://www.hooh.kr/sub/teacher/next.asp?m_idx=20563
19458,문정애,에듀진로적성연구소 소장,"인문학,경영/조직, 리더십, 조직문화,소통, 커뮤니케이션,교육, 자녀교육, 입시, 독서법, 인성, 부모교육,취업, 진로",https://www.hooh.kr/sub/teacher/next.asp?m_idx=19458
19463,이건명,뮤지컬배우,"동기부여, 열정, 인생스토리, 꿈,인문학, 예술,힐링, 공연&강연",https://www.hooh.kr/sub/teacher/next.asp?m_idx=19463
19464,이선엽,AFW 파트너스 대표 & 한양대학교 겸임교수,"경제, 금융, 주식, 자산관리, 경제전망, 투자, 디지털자산",https://www.hooh.kr/sub/teacher/next.asp?m_idx=19464
19485,임낭연,"심리학자, 경성대학교 심리학과 교수","동기부여, 삶의자세, 자기계발,소통, 커뮤니케이션, 관계,건강, 웃음, 심리, 정신,교육, 자녀교육,힐링, 행복, 마음",https://www.hooh.kr/sub/teacher/next.asp?m_idx=19485
19492,김백민,부경대 환경대기과학과 교수기후학자,"경영/조직, 위기관리,사회/환경, ESG",https://www.hooh.kr/sub/teacher/next.asp?m_idx=19492
19499,최한나,"역사강사, 크리에이터","인문학, 역사, 고전, 한국사",https://www.hooh.kr/sub/teacher/next.asp?m_idx=19499
19507,황민구,법영상분석가,"AI/미래, 정보보안,사회/환경, 사회이슈",https://www.hooh.kr/sub/teacher/next.asp?m_idx=19507
19510,이낙준,"의사, 웹소설작가, 유튜버","동기부여, 열정, 인생스토리, 도전, 자기계발, 꿈,건강, 의학,창의/마케팅,취업, 진로, 직업관",https://www.hooh.kr/sub/teacher/next.asp?m_idx=19510
19511,우창윤,"내과조교수, 유튜브 닥터프렌즈 운영","건강, 스트레스, 비만, 식이요법, 의학, 노후",https://www.hooh.kr/sub/teacher/next.asp?m_idx=19511
19546,최경원,산업디자이너,"인문학, 역사, 고전, 미술, 예술, 세계, 문화, 한국사,창의/마케팅, 디자인",https://www.hooh.kr/sub/teacher/next.asp?m_idx=19546
19560,이지영,한국외국어대학교 연구교수,"인문학, 철학, 예술, 세계, 문화, 영화, 음악",https://www.hooh.kr/sub/teacher/next.asp?m_idx=19560
19600,구자현,CS강사,"동기부여, 열정, 꿈,경영/조직, 조직활성화,퍼스널브랜딩, CS, 호감,세일즈, 협상, 판매, 고객관리,힐링, 웃음",https://www.hooh.kr/sub/teacher/next.asp?m_idx=19600
19619,최진주,라이프앤뷰 대표,"동기부여, 도전, 자기계발,경영/조직, 리더십, 조직문화, 조직활성화,소통, 커뮤니케이션, 관계,힐링, 마음",https://www.hooh.kr/sub/teacher/next.asp?m_idx=19619
19644,김홍석,"보스피부과 원장, 유튜브 피알남 운영","퍼스널브랜딩, 뷰티,건강, 스트레스, 비만, 식이요법, 노후",https://www.hooh.kr/sub/teacher/next.asp?m_idx=19644
19646,박진호,"뷰티마케터, 뷰스컴퍼니 대표","경영/조직, 경영전략,퍼스널브랜딩, 뷰티,창의/마케팅, 창의력, 광고, 마케팅, 콘텐츠",https://www.hooh.kr/sub/teacher/next.asp?m_idx=19646
19650,이가영,버릇육아 연구소 소장,"교육, 자녀교육, 공부법, 육아, 인성, 부모교육",https://www.hooh.kr/sub/teacher/next.asp?m_idx=19650
19656,김성효,"군산동초등학교 교감, 작가","교육, 자녀교육, 공부법, 독서법, 부모교육, 글쓰기,취업, 진로",https://www.hooh.kr/sub/teacher/next.asp?m_idx=19656
19657,김건,"초등학교 교사, 경제교육 작가","교육, 자녀교육, 공부법, 독서법, 인성, 부모교육, 글쓰기,창의/마케팅, 창의력",https://www.hooh.kr/sub/teacher/next.asp?m_idx=19657
19674,조한겸,한겸에듀센터 대표,"자기관리,경영/조직, 리더십, 조직문화, 조직관리, 조직활성화, 협력, 협업, 상생,소통, 커뮤니케이션",https://www.hooh.kr/sub/teacher/next.asp?m_idx=19674
19675,정우성,㈜와이드비스 대표,"경영/조직, 경영, 리더십, 조직문화, 조직관리, 목표관리, 조직활성화, 협력, 협업, 상생,소통, 커뮤니케이션",https://www.hooh.kr/sub/teacher/next.asp?m_idx=19675
19683,임성훈,"작가, 인문학 강연가","인문학, 역사, 고전, 철학, 문화, 한국사, 문학,교육, 독서법, 글쓰기",https://www.hooh.kr/sub/teacher/next.asp?m_idx=19683
19688,서보경,"명리, 심리 연구","동기부여, 삶의자세, 자기계발, 마인드셋,인문학, 고전, 뇌과학,세일즈, 협상, 설득,힐링, 마음",https://www.hooh.kr/sub/teacher/next.asp?m_idx=19688
19689,민동석,"전)외교관, 기업CEO 자문","동기부여, 열정, 도전, 성공, 자기계발, 꿈,경영/조직, 리더십, CEO,세일즈, 협상,취업, 진로",https://www.hooh.kr/sub/teacher/next.asp?m_idx=19689
19698,이성경(바이블),이성경디자인스쿨 대표,"동기부여, 자기관리, 꿈, 비전,경영/조직, 스타트업,창의/마케팅, 콘텐츠, 디자인,취업, 직업관",https://www.hooh.kr/sub/teacher/next.asp?m_idx=19698
19699,이하영,"의사, 의료인문학자","동기부여, 인생스토리, 성공, 자기관리, 자기계발, 꿈, 마인드셋,건강, 비만, 의학, 노후",https://www.hooh.kr/sub/teacher/next.asp?m_idx=19699
19703,김기수,"말하기, 인문리더십 전담교수","소통, 커뮤니케이션, 스피치, 프레젠테이션",https://www.hooh.kr/sub/teacher/next.asp?m_idx=19703
19708,지미옥,리딩에지컨설팅 대표,"리더십, 조직문화, 조직관리, 조직활성화, 변화, 협력, 협업, 상생",https://www.hooh.kr/sub/teacher/next.asp?m_idx=19708
19710,김현아,"THE성장과나눔 대표, 현아마녀의 중국어사냥 대표","경영/조직, 리더십, 조직문화, 조직관리, 조직활성화, 위기관리, 협력, 협업, 상생,소통, 커뮤니케이션, 관계,퍼스널브랜딩, CS, MBTI",https://www.hooh.kr/sub/teacher/next.asp?m_idx=19710
19716,송수진,"고려대학교 교수, 소비행동학자","경영/조직, 경영, 변화,창의/마케팅, 마케팅",https://www.hooh.kr/sub/teacher/next.asp?m_idx=19716
19719,오난영,참행복연구소 소장,"동기부여, 열정,소통, 관계,건강, 스트레스,교육, 성교육, 부모교육,힐링, 웃음, 행복, 유머,사회/환경, 사회이슈",https://www.hooh.kr/sub/teacher/next.asp?m_idx=19719
19730,지승학,"영화평론가, 고려대학교 교수","인문학, 예술, 문화, 영화,교육, 글쓰기",https://www.hooh.kr/sub/teacher/next.asp?m_idx=19730
19738,박아론,다이나믹스 스쿨 대표,"동기부여, 꿈, 비전,취업, 진로",https://www.hooh.kr/sub/teacher/next.asp?m_idx=19738
19743,조원재,"미술평론가, 팟캐스트 방구석 미술관","인문학, 역사, 철학, 미술, 예술, 세계, 문화, 한국사",https://www.hooh.kr/sub/teacher/next.asp?m_idx=19743
19762,최남수,"서정대학교 교수, 전 YTN 대표이사","경영/조직, 경영, 혁신, 경영전략,사회/환경, ESG",https://www.hooh.kr/sub/teacher/next.asp?m_idx=19762
19768,이흥규,작가,"동기부여, 자기관리, 삶의자세, 자기계발,경제, 금융, 부동산, 재테크, 투자, 경매, 노후,교육, 글쓰기",https://www.hooh.kr/sub/teacher/next.asp?m_idx=19768
18931,송혜은,감정디자인연구소 소장,"동기부여, 자기계발, 마인드셋,인문학, 미술,경영/조직, 리더십, 조직활성화,소통, 커뮤니케이션,퍼스널브랜딩, CS, MBTI,건강, 스트레스,교육, 글쓰기,힐링, 마음, 실습&체험",https://www.hooh.kr/sub/teacher/next.asp?m_idx=18931
18941,김기진,한국HR포럼 대표,"AI/미래, 디지털기술, Ai(인공지능),경영/조직, 경영, 조직문화, 조직관리, 목표관리, 조직활성화, 경영전략, 협력, 협업, 상생",https://www.hooh.kr/sub/teacher/next.asp?m_idx=18941
18947,최주리,올댓매너연구소 대표,"경영/조직, 리더십, 조직문화, 조직활성화,소통, 커뮤니케이션, 스피치, 프레젠테이션,퍼스널브랜딩, 이미지메이킹, 뷰티, 패션, 퍼스널컬러, 호감, 스타일링,힐링, 실습&체험",https://www.hooh.kr/sub/teacher/next.asp?m_idx=18947
18952,김동준,"투자전문가, 작가","경제, 금융, 주식, 자산관리, 재테크, 투자, 노후,교육, 자녀교육, 부모교육",https://www.hooh.kr/sub/teacher/next.asp?m_idx=18952
18954,강기진,"역학자, 태극사상연구소 소장","동기부여, 성공, 삶의자세,인문학, 역사, 고전, 철학,경영/조직, 리더십,건강, 심리, 정신,힐링, 행복, 마음,취업, 진로",https://www.hooh.kr/sub/teacher/next.asp?m_idx=18954
18959,한성희,이한 정신건강의학과 원장,"소통, 관계, 가족, 부부,건강, 심리, 정신,교육, 육아, 부모교육,힐링, 마음",https://www.hooh.kr/sub/teacher/next.asp?m_idx=18959
18961,이광렬,고려대학교 화학과 교수,"AI/미래, 미래기술,인문학, 과학,건강,교육, 부모교육",https://www.hooh.kr/sub/teacher/next.asp?m_idx=18961
18964,박성현,"작가, 스플릿 인베스트 대표","경제, 금융, 주식, 자산관리, 경제전망, 재테크, 투자",https://www.hooh.kr/sub/teacher/next.asp?m_idx=18964
18969,배작가,베스트셀러 작가,"소통, 커뮤니케이션,교육, 글쓰기,창의/마케팅, 콘텐츠, SNS",https://www.hooh.kr/sub/teacher/next.asp?m_idx=18969
18971,박근필,"작가, 수의사","동기부여, 열정, 프로정신, 인생스토리, 도전, 성공, 자기관리, 삶의자세, 자기계발, 꿈, 비전,인문학, 문학,퍼스널브랜딩,건강, 의학,교육, 독서법, 글쓰기,창의/마케팅, SNS,취업, 진로, 직업관, 인생이모작",https://www.hooh.kr/sub/teacher/next.asp?m_idx=18971
18972,부아c,작가,"동기부여, 삶의자세, 자기계발,교육, 글쓰기,창의/마케팅, SNS",https://www.hooh.kr/sub/teacher/next.asp?m_idx=18972
18984,이건,주식투자 전문 작가,"경제, 금융, 주식, 자산관리, 재테크, 투자",https://www.hooh.kr/sub/teacher/next.asp?m_idx=18984
18985,박희철,부동산 투자 전문가,"경제, 자산관리, 부동산, 재테크, 투자, 경매",https://www.hooh.kr/sub/teacher/next.asp?m_idx=18985
18988,김성일,업라이즈투자자문 대표이사,"경제, 금융, 주식, 자산관리, 재무설계, 재테크, 투자, 노후",https://www.hooh.kr/sub/teacher/next.asp?m_idx=18988
18991,윤진호(초인),"마케팅컨설턴트, 작가","교육, 글쓰기,창의/마케팅, 상상력, 창의력, 광고, 마케팅, 콘텐츠",https://www.hooh.kr/sub/teacher/next.asp?m_idx=18991
19003,박현정,딥택트러닝 대표,"경영/조직, 리더십, 조직문화, 조직관리, 목표관리, 조직활성화,소통, 관계, 프레젠테이션,교육, 글쓰기",https://www.hooh.kr/sub/teacher/next.asp?m_idx=19003
19005,공찬규,케이에스세무회계 대표,"경제, 금융, 자산관리, 부동산, 세무/법률",https://www.hooh.kr/sub/teacher/next.asp?m_idx=19005
19006,임이랑,"교사출신 변호사, 유튜브 학교랑법이랑","교육, 자녀교육, 인성, 부모교육, 법정의무교육,취업, 진로",https://www.hooh.kr/sub/teacher/next.asp?m_idx=19006
19010,송숙희,아이디어바이러스대표,"동기부여, 도전, 자기관리, 자기계발,퍼스널브랜딩, 이미지메이킹,교육, 독서법, 글쓰기,창의/마케팅, 창의력, 콘텐츠,취업, 직업관, 인생이모작",https://www.hooh.kr/sub/teacher/next.asp?m_idx=19010
19024,이수민,웨인힐스브라이언트A.I 대표,"AI/미래, 트렌드, 디지털기술, IT, Ai(인공지능), 빅데이터, 미래기술, 비즈니스, 블록체인,경영/조직, 스타트업,경제, 투자, 디지털자산,세일즈, 협상, 설득, 유통, 판매",https://www.hooh.kr/sub/teacher/next.asp?m_idx=19024
19030,임현서,"유튜버, 공인중개사,변호사","동기부여, 열정, 삶의자세, 비전, 마인드셋,AI/미래, 디지털기술, 핀테크,경영/조직, 창업, 스타트업,경제, 세무/법률,교육, 자녀교육, 공부법,취업, 진로",https://www.hooh.kr/sub/teacher/next.asp?m_idx=19030
19033,이동찬,"교육학자, 변호사","동기부여, 인생스토리, 도전, 자기관리, 자기계발,교육, 자녀교육, 공부법, 성교육, 독서법, 부모교육,취업, 진로",https://www.hooh.kr/sub/teacher/next.asp?m_idx=19033
19035,서미숙,꿈꾸는서여사 대표,"동기부여, 열정, 삶의자세, 자기계발,경제, 재테크, 투자, 노후",https://www.hooh.kr/sub/teacher/next.asp?m_idx=19035
19038,김항심,"한국아동인권광주센터장, 전문강사","경영/조직, 리더십,소통, 커뮤니케이션, 가족, 부부,교육, 자녀교육, 성교육, 인성, 부모교육, 법정의무교육",https://www.hooh.kr/sub/teacher/next.asp?m_idx=19038
19043,서준석,치과의사,"동기부여, 열정, 자기관리, 자기계발, 마인드셋,건강, 정신,교육, 자녀교육, 공부법, 입시, 독서법, 부모교육,취업, 진로",https://www.hooh.kr/sub/teacher/next.asp?m_idx=19043
19049,이상호,"디지털 디코더,  디코드엑스 대표","AI/미래, 디지털기술, Ai(인공지능), DX, 미래기술, 비즈니스,경영/조직, 경영, 리더십, 조직문화, 혁신, 조직관리, 조직활성화, 경영전략, 변화",https://www.hooh.kr/sub/teacher/next.asp?m_idx=19049
19053,김은애,그룹엠 코리아 북동아시아 총괄부사장,"인문학, 고전,경영/조직, 리더십, 조직문화, 조직관리, 목표관리, 조직활성화, 협력, 협업, 상생,소통, 커뮤니케이션",https://www.hooh.kr/sub/teacher/next.asp?m_idx=19053
19057,김남헌,늘봄 의원 원장,"건강, 식이요법, 의학, 노후, 정신",https://www.hooh.kr/sub/teacher/next.asp?m_idx=19057
19066,강상우,교육 컨설턴트,"교육, 자녀교육, 공부법, 입시, 부모교육",https://www.hooh.kr/sub/teacher/next.asp?m_idx=19066
19070,한기일,영화전문작가,"인문학, 역사, 미술, 예술, 문화, 영화",https://www.hooh.kr/sub/teacher/next.asp?m_idx=19070
19127,이상림,서울대인구정책연구센터 책임연구원,"AI/미래, 트렌드, 산업,경영/조직, 변화",https://www.hooh.kr/sub/teacher/next.asp?m_idx=19127
19145,김경옥,"커리어 전략가, 크로커스 대표","동기부여, 성공, 자기관리, 자기계발, 비전,경영/조직, 리더십,소통,취업, 면접, 이력서(자소서)",https://www.hooh.kr/sub/teacher/next.asp?m_idx=19145
19171,신송희,한국식생활교육연구소 대표,"경제, 세무/법률",https://www.hooh.kr/sub/teacher/next.asp?m_idx=19171
19192,양민찬,시대(時代) 인재경영연구소 대표,"경영/조직, 리더십, 조직관리, 조직활성화, 경영전략,퍼스널브랜딩, MBTI,교육, 독서법, 글쓰기,창의/마케팅, 마케팅,취업, 면접, 이력서(자소서)",https://www.hooh.kr/sub/teacher/next.asp?m_idx=19192
19230,이성화,레크레이션MC,"힐링, 웃음, 행복, 유머, 실습&체험",https://www.hooh.kr/sub/teacher/next.asp?m_idx=19230
19274,이구연,바디유 수면건강 아카데미 원장,"동기부여, 도전, 자기관리, 삶의자세, 마인드셋,인문학, 과학,건강, 스트레스, 식이요법, 의학, 노후, 심리, 정신, 운동,힐링",https://www.hooh.kr/sub/teacher/next.asp?m_idx=19274
19349,김희수,,"열정, 인생스토리, 도전, 성공, 자기관리, 삶의자세, 자기계발, 꿈, 비전,부동산,소통, 커뮤니케이션, 관계, 스피치, 가족, 부부, 프레젠테이션, 연애,자녀교육, 공부법, 입시,고객관리,취업, 진로",https://www.hooh.kr/sub/teacher/next.asp?m_idx=19349
19350,이현주,"숭실대 경영학부 겸임교수, 엘엠디 대표","동기부여,AI/미래, 트렌드, 비즈니스,경영/조직, 리더십, 조직활성화, 창업, 스타트업,소통, 커뮤니케이션, 관계,창의/마케팅, 창의력, 마케팅, 콘텐츠, SNS,세일즈, 협상, 설득, 고객관리,힐링, 워라벨,취업, 직업관",https://www.hooh.kr/sub/teacher/next.asp?m_idx=19350
19377,윤시하,"성인전문 피아노학원 원장, 유튜브 크리에이터","동기부여, 자기계발,인문학, 음악,교육, 공부법,힐링, 공연&강연,취업, 진로, 직업관",https://www.hooh.kr/sub/teacher/next.asp?m_idx=19377
19418,유성환,서울대학교 아시아언어문명학부 교수,"인문학, 역사, 고전, 예술, 세계, 문화",https://www.hooh.kr/sub/teacher/next.asp?m_idx=19418
19431,민혜영,좋은생각 교육연구소 대표,"경영/조직, 리더십, 조직문화, 조직활성화,소통, 커뮤니케이션,건강, 스트레스, 웃음,교육, 독서법, 법정의무교육,취업, 진로",https://www.hooh.kr/sub/teacher/next.asp?m_idx=19431
23665,구교현,연세대학교 연구교수,"동기부여, 열정, 프로정신, 인생스토리, 도전, 성공, 자기관리, 삶의자세, 자기계발, 꿈, 비전,융합,인문학, 고전, 철학, 문화, 문학,리더십,소통, 커뮤니케이션,힐링, 희망, 마음,인생이모작",https://www.hooh.kr/sub/teacher/next.asp?m_idx=23665
23669,김도형,교육법인(주) JNS 이사,"동기부여, 삶의자세, 자기계발,소통, 커뮤니케이션, 관계, 스피치, 프레젠테이션,퍼스널브랜딩, CS,세일즈, 협상, 설득",https://www.hooh.kr/sub/teacher/next.asp?m_idx=23669
23690,양원주,청소년 상담 심리 전문가,"교육, 자녀교육, 육아, 독서법, 인성, 부모교육, 글쓰기,창의/마케팅, 창의력, SNS",https://www.hooh.kr/sub/teacher/next.asp?m_idx=23690
23714,정태용,연세대학교 국제학대학원 교수,"사회/환경, ESG",https://www.hooh.kr/sub/teacher/next.asp?m_idx=23714
23729,김지영,그림책 작가,"동기부여, 꿈,소통, 관계,교육, 독서법, 글쓰기,창의/마케팅, 상상력, 창의력,힐링, 마음",https://www.hooh.kr/sub/teacher/next.asp?m_idx=23729
23735,임승희,"인덕대학교 조교수, 스타일리스트","퍼스널브랜딩, 이미지메이킹, 뷰티, 패션, 퍼스널컬러, 호감, 스타일링",https://www.hooh.kr/sub/teacher/next.asp?m_idx=23735
23748,조은주,디지틀조선일보 C&M 대표,"동기부여, 열정, 성공, 자기계발,경영/조직, 리더십, CEO,소통, 스피치,퍼스널브랜딩, 이미지메이킹,취업, 면접, 진로",https://www.hooh.kr/sub/teacher/next.asp?m_idx=23748
23755,류영주,"대구가톨릭대학 교수, 창의뇌연구소 소장","동기부여, 삶의자세, 자기계발,인문학, 철학, 과학, 뇌과학",https://www.hooh.kr/sub/teacher/next.asp?m_idx=23755
23772,태지원 (유랑선생),"교사, 작가","인문학, 미술, 예술, 문화,힐링, 마음,사회/환경, 사회이슈",https://www.hooh.kr/sub/teacher/next.asp?m_idx=23772
23780,류시현,광주교육대학교 사회과교육과 교수,"인문학, 역사, 고전, 미술, 문화, 한국사, 영화",https://www.hooh.kr/sub/teacher/next.asp?m_idx=23780
23802,윤소영,"마케팅 광고 대행사 (주)스완컴퍼니위드 대표, ‘인터넷 마케팅론’ 외래교수, 한국코치협회 인증코치 KAC","퍼스널브랜딩, 이미지메이킹,창의/마케팅, 광고, 마케팅, 콘텐츠, SNS",https://www.hooh.kr/sub/teacher/next.asp?m_idx=23802
23804,이창만,연금 컨설턴트,"경제, 금융, 자산관리, 재무설계, 노후, 세무/법률",https://www.hooh.kr/sub/teacher/next.asp?m_idx=23804
23807,예병일,연세대학교 원주의과대학 의학교육학과 교수,"인문학,건강, 의학,창의/마케팅, 창의력",https://www.hooh.kr/sub/teacher/next.asp?m_idx=23807
23816,박승준,경희대학교 의과대학 약리학교실 교수,"건강, 스트레스, 비만, 식이요법, 의학, 노후",https://www.hooh.kr/sub/teacher/next.asp?m_idx=23816
23818,노윤주,대홍기획 기획자(AP),"교육, 글쓰기,창의/마케팅, 창의력, 광고, 마케팅, 콘텐츠,힐링, 여행",https://www.hooh.kr/sub/teacher/next.asp?m_idx=23818
23819,추헌재,변호사,"동기부여, 프로정신, 자기계발,인문학",https://www.hooh.kr/sub/teacher/next.asp?m_idx=23819
23821,이재호,계명대학교 의과대학 해부학교실 교수,"AI/미래, 트렌드,인문학, 역사, 예술,건강, 의학",https://www.hooh.kr/sub/teacher/next.asp?m_idx=23821
23824,박희선,주)대동로보틱스 로봇사업본부 본부장,"동기부여, 인생스토리, 자기관리, 삶의자세,AI/미래, 트렌드, 디지털기술, Ai(인공지능), DX, 빅데이터, 미래기술, 사물인터넷, 로봇, 산업, 비즈니스, 융합,경영/조직, 경영전략,퍼스널브랜딩,창의/마케팅, 마케팅",https://www.hooh.kr/sub/teacher/next.asp?m_idx=23824
23827,송경원,"영화평론가, 《씨네21》 편집장","인문학, 영화,교육, 글쓰기",https://www.hooh.kr/sub/teacher/next.asp?m_idx=23827
23843,이종관,성균관대학교 철학과 명예교수,"인문학, 철학, 예술, 세계, 문화",https://www.hooh.kr/sub/teacher/next.asp?m_idx=23843
23860,최영,"다독스마트러닝연구소 대표, AI강사","AI/미래, 디지털기술, IT, Ai(인공지능), DX, 비즈니스,경영/조직, 혁신, 조직관리, 경영전략, 변화",https://www.hooh.kr/sub/teacher/next.asp?m_idx=23860
23863,고경정,탤런트 에듀케이션 대표,"경영/조직, 리더십, 조직문화, 조직활성화, 협력, 협업, 상생,소통, 커뮤니케이션, 프레젠테이션,퍼스널브랜딩, CS, MBTI,건강, 스트레스,교육, 법정의무교육,취업, 진로, 직업관",https://www.hooh.kr/sub/teacher/next.asp?m_idx=23863
23867,이유정,부모교육 강사,"소통, 커뮤니케이션, 가족,교육, 자녀교육, 육아, 여성학, 성교육, 부모교육,취업, 직업관",https://www.hooh.kr/sub/teacher/next.asp?m_idx=23867
23869,김보미,한국열린사이버대 상담심리학과 특임교수,"동기부여, 삶의자세,인문학, 예술,건강, 심리, 정신,교육, 부모교육,힐링, 희망, 마음, 나눔, 봉사",https://www.hooh.kr/sub/teacher/next.asp?m_idx=23869
23895,장혜정,에듀앤유 대표,"인문학, 미술, 음악,경영/조직, 리더십, 조직활성화,소통, 커뮤니케이션,퍼스널브랜딩, CS, 퍼스널컬러, MBTI,건강, 스트레스,힐링, 희망, 마음",https://www.hooh.kr/sub/teacher/next.asp?m_idx=23895
23896,조선호,모아컨설팅 대표 강사,"경영/조직, 경영, 리더십, 조직문화, 조직활성화, 협력, 협업, 상생,소통, 커뮤니케이션,퍼스널브랜딩, CS,사회/환경, ESG",https://www.hooh.kr/sub/teacher/next.asp?m_idx=23896
23899,김지윤,와이즈에듀컴퍼니 대표,"경영/조직, 리더십, 조직문화, 조직관리, 조직활성화,퍼스널브랜딩, CS",https://www.hooh.kr/sub/teacher/next.asp?m_idx=23899
23910,강충호,아주대학교 융합ESG학과 특임교수,"경영/조직, 경영,사회/환경, ESG",https://www.hooh.kr/sub/teacher/next.asp?m_idx=23910
23920,신지영,한국ESG연구원 대표,"경영/조직, 경영,사회/환경, ESG",https://www.hooh.kr/sub/teacher/next.asp?m_idx=23920
23929,김종서,경기대학교 산학협력단 교수,"AI/미래, 빅데이터, 우주,인문학, 과학, 뇌과학",https://www.hooh.kr/sub/teacher/next.asp?m_idx=23929
23933,진성한,(주)한국산업기술경영연구원 대표,"경영/조직, 경영, 조직관리,사회/환경, ESG",https://www.hooh.kr/sub/teacher/next.asp?m_idx=23933
24061,김도영,네이버 브랜드 경험 기획자,"교육, 독서법, 글쓰기,창의/마케팅, 창의력, 광고, 마케팅",https://www.hooh.kr/sub/teacher/next.asp?m_idx=24061
24065,하수미,조직문화전문가,"경영/조직, 리더십, 조직문화, 혁신, 조직관리, 조직활성화, 변화, 협력, 협업, 상생,소통, 관계",https://www.hooh.kr/sub/teacher/next.asp?m_idx=24065
24138,진원재,아워홈 인사 상무,"인문학, 과학,경영/조직, 경영, 리더십, 조직문화, 조직관리, 조직활성화, 협력, 협업, 상생",https://www.hooh.kr/sub/teacher/next.asp?m_idx=24138
24169,김재준,안전관리 교육 전문가,"동기부여, 프로정신, 자기관리,경영/조직, 혁신, 경영전략, CEO, 변화, 위기관리, 협력, 협업, 상생,교육, 법정의무교육,사회/환경, ESG",https://www.hooh.kr/sub/teacher/next.asp?m_idx=24169
24217,유규종,서울사이버대학교 겸임교수,"동기부여, 도전, 비전,경영/조직, 조직문화, 조직활성화,소통, 커뮤니케이션,건강,힐링, 행복, 워라벨, 실습&체험",https://www.hooh.kr/sub/teacher/next.asp?m_idx=24217
24268,최원열,세무회계 오월 세무사 대표,"동기부여, 자기관리, 자기계발,경영/조직, 경영전략, CEO,경제, 자산관리, 재무설계, 부동산, 재테크, 노후, 세무/법률",https://www.hooh.kr/sub/teacher/next.asp?m_idx=24268
24298,유원열,큰사람기업교육원 원장,"경영/조직, 리더십, 조직문화, 조직활성화, 협력, 협업, 상생,소통, 커뮤니케이션,창의/마케팅, 상상력, 창의력,힐링, 실습&체험",https://www.hooh.kr/sub/teacher/next.asp?m_idx=24298
24312,서진수,컨시어지소프트 대표 / 세종사이버대학교 겸임교수,"AI/미래, IT, Ai(인공지능), 빅데이터, 산업",https://www.hooh.kr/sub/teacher/next.asp?m_idx=24312
24910,김준태,노무법인 태민 대표노무사,"동기부여, 자기관리,경영/조직, 경영, 조직문화, 조직관리, 위기관리, 협력, 협업, 상생,경제, 세무/법률",https://www.hooh.kr/sub/teacher/next.asp?m_idx=24910
24925,이동환,조이 오브 요가 협회 장,"건강, 스트레스, 정신, 운동,힐링, 행복, 마음, 실습&체험",https://www.hooh.kr/sub/teacher/next.asp?m_idx=24925
24942,맹성현,카이스트 전산학부 교수,"AI/미래, 디지털기술, IT, Ai(인공지능), DX, 빅데이터, 미래기술,경영/조직, 리더십, 혁신,교육, 자녀교육",https://www.hooh.kr/sub/teacher/next.asp?m_idx=24942
24947,권현욱,"아이엑셀러 닷컴 대표, 유튜브 엑셀러TV","AI/미래, Ai(인공지능), DX",https://www.hooh.kr/sub/teacher/next.asp?m_idx=24947
24948,박정혜,"문학치료학 박사, 정신건강간호사","인문학, 예술, 문화, 문학, 시,소통, 커뮤니케이션, 가족,건강, 스트레스, 심리, 정신,교육, 자녀교육, 인성, 부모교육, 글쓰기,힐링, 희망, 마음",https://www.hooh.kr/sub/teacher/next.asp?m_idx=24948
24949,박기삼,뜨거운AI 대표,"AI/미래, 디지털기술, IT, Ai(인공지능), DX, 미래기술, 비즈니스,경영/조직, 리더십, 혁신, 조직관리, 조직활성화, 변화,창의/마케팅, 창의력, 콘텐츠, SNS",https://www.hooh.kr/sub/teacher/next.asp?m_idx=24949
24955,이정아,메타 AI연구소 대표,"IT, Ai(인공지능), DX, 빅데이터, 융합,힐링, 실습&체험",https://www.hooh.kr/sub/teacher/next.asp?m_idx=24955
24961,윤종두,AI 아트랩 대표,"AI/미래, 트렌드, 디지털기술, IT, Ai(인공지능), 미래기술,창의/마케팅, 마케팅",https://www.hooh.kr/sub/teacher/next.asp?m_idx=24961
24969,손민영,프로매니아 대표,"AI/미래, Ai(인공지능),창의/마케팅, 마케팅, 콘텐츠, SNS",https://www.hooh.kr/sub/teacher/next.asp?m_idx=24969
23056,정주연(오로르),스토리플래닛 대표,"인문학, 예술, 세계, 문화, 음악,힐링",https://www.hooh.kr/sub/teacher/next.asp?m_idx=23056
23065,한이준,미술전시 해설가,"인문학, 고전, 미술, 예술, 세계, 문화,창의/마케팅, 콘텐츠,취업, 직업관",https://www.hooh.kr/sub/teacher/next.asp?m_idx=23065
23071,송준서,재즈피아니스트,"인문학, 예술, 문화, 영화, 음악,힐링, 공연&강연",https://www.hooh.kr/sub/teacher/next.asp?m_idx=23071
23081,이성하(채운),온앤온 자기성장발전소 대표,"동기부여, 자기관리, 삶의자세, 자기계발,소통, 커뮤니케이션,퍼스널브랜딩, 이미지메이킹, CS,힐링, 자존감,취업, 인생이모작",https://www.hooh.kr/sub/teacher/next.asp?m_idx=23081
23118,이홍구,창업피아 대표,"동기부여, 도전, 성공, 자기계발,경영/조직, 경영, 경영전략, 창업,세일즈, 유통, 판매",https://www.hooh.kr/sub/teacher/next.asp?m_idx=23118
23120,위장원,퍼스널 브랜딩 전문강사,"동기부여, 열정, 프로정신, 삶의자세, 자기계발,퍼스널브랜딩, 호감",https://www.hooh.kr/sub/teacher/next.asp?m_idx=23120
23154,조성화,환경과교육연구소 선임연구원,"경영/조직, 경영,교육, 공부법, 입시, 부모교육,사회/환경, ESG",https://www.hooh.kr/sub/teacher/next.asp?m_idx=23154
23162,안갑철,법무법인 감명 변호사,"교육, 성교육",https://www.hooh.kr/sub/teacher/next.asp?m_idx=23162
23166,이진아,"브랜드-유 리더십센터 소장, 미래글로벌 공동체재단 ESG연구센터 부센터장","경영/조직, 리더십, 혁신, 조직관리, 조직활성화, 변화,소통, 커뮤니케이션, 관계, 가족, 부부,교육, 자녀교육, 육아, 여성학, 부모교육,힐링, 워라벨,사회/환경, ESG",https://www.hooh.kr/sub/teacher/next.asp?m_idx=23166
23192,주지영,"스트레스 디렉터, 릴렉스 컨설턴트","동기부여, 열정, 프로정신, 자기관리,건강, 스트레스, 운동,힐링, 실습&체험",https://www.hooh.kr/sub/teacher/next.asp?m_idx=23192
23210,김흥래,CG전문 영화배우,"동기부여, 열정, 프로정신, 인생스토리, 도전, 성공, 자기관리, 삶의자세, 자기계발, 꿈, 비전,인문학, 예술, 문화, 영화, 음악,창의/마케팅, 상상력, 창의력,힐링, 희망, 웃음, 공연&강연,취업, 직업관",https://www.hooh.kr/sub/teacher/next.asp?m_idx=23210
23648,정태준,아빠진로아카데미,"소통, 관계, 가족,교육, 자녀교육, 부모교육,취업, 면접, 이력서(자소서), 진로, 직업관",https://www.hooh.kr/sub/teacher/next.asp?m_idx=23648
22870,윤수진,함께위드인 대표,"동기부여, 자기관리, 삶의자세, 자기계발, 마인드셋,경영/조직, 조직문화, 조직활성화,소통, 커뮤니케이션,건강, 스트레스, 심리,교육, 인성",https://www.hooh.kr/sub/teacher/next.asp?m_idx=22870
22872,김동환,블록체인 전문강사,"AI/미래, 트렌드, 디지털기술, 블록체인,경제, 금융, 재테크, 투자, 디지털자산",https://www.hooh.kr/sub/teacher/next.asp?m_idx=22872
22873,박혜림,그레이숲풀 대표,"동기부여, 자기관리,경영/조직, 리더십,소통, 커뮤니케이션, 관계,건강, 스트레스,힐링,취업, 진로, 인생이모작",https://www.hooh.kr/sub/teacher/next.asp?m_idx=22873
22880,성일광,서강대학교 유로메나 연구소 연구교수,"인문학, 세계, 문화,경영/조직, 경영전략, 위기관리,경제, 경제전망,사회/환경, 정치, 국제정세, 사회이슈",https://www.hooh.kr/sub/teacher/next.asp?m_idx=22880
22904,정은숙,나무인 주식회사 대표,"동기부여, 열정, 도전,경제, 자산관리, 부동산, 재테크, 투자, 노후,교육, 자녀교육, 독서법, 부모교육",https://www.hooh.kr/sub/teacher/next.asp?m_idx=22904
22951,설지용,두뇌발전소,"인문학, 뇌과학,소통, 커뮤니케이션, 관계, 가족,퍼스널브랜딩, MBTI,교육, 자녀교육, 육아, 부모교육",https://www.hooh.kr/sub/teacher/next.asp?m_idx=22951
22955,김규태,인엑스(INEX) CSO,"AI/미래, 트렌드, 디지털기술, IT, DX, 빅데이터, 모바일웹, 산업, 비즈니스, 블록체인, 핀테크, 융합,리더십, 조직문화, 혁신, 창업, 스타트업,취업, 면접, 이력서(자소서), 진로, 직업관",https://www.hooh.kr/sub/teacher/next.asp?m_idx=22955
22957,손정필,상담심리 전문가,"동기부여, 자기관리, 삶의자세, 자기계발,리더십, 조직문화,소통, 관계",https://www.hooh.kr/sub/teacher/next.asp?m_idx=22957
23010,오연경,내리사랑교육연구소 대표,"교육, 자녀교육, 육아, 인성, 부모교육",https://www.hooh.kr/sub/teacher/next.asp?m_idx=23010
23013,김석,내과의사,"교육, 자녀교육, 공부법, 육아, 독서법, 부모교육",https://www.hooh.kr/sub/teacher/next.asp?m_idx=23013
23021,최윤정,스피치 아카데미 라엘 대표,"소통, 커뮤니케이션, 스피치, 프레젠테이션,취업, 면접",https://www.hooh.kr/sub/teacher/next.asp?m_idx=23021
23022,김동진,작가,"인문학, 예술, 문학, 영화,교육, 글쓰기",https://www.hooh.kr/sub/teacher/next.asp?m_idx=23022
23028,정해욱,성우,"동기부여, 자기관리,소통, 커뮤니케이션, 스피치,세일즈, 설득",https://www.hooh.kr/sub/teacher/next.asp?m_idx=23028
20592,조승희,개그우먼,"교육, 육아,힐링, 웃음, 행복, 유머, 공연&강연",https://www.hooh.kr/sub/teacher/next.asp?m_idx=20592
20615,박준형,다보듬 마음치유가족상담센터 센터장,"동기부여, 자기관리, 삶의자세, 자기계발,인문학, 미술,소통, 커뮤니케이션, 관계, 가족, 부부, 연애,건강, 스트레스, 심리, 정신,교육, 자녀교육, 육아, 성교육, 인성, 부모교육,힐링, 희망, 행복, 마음",https://www.hooh.kr/sub/teacher/next.asp?m_idx=20615
20618,최설민,"싸이즈업(Psy’s up) 대표, 작가","동기부여, 삶의자세,소통, 커뮤니케이션,건강, 심리,창의/마케팅, 콘텐츠",https://www.hooh.kr/sub/teacher/next.asp?m_idx=20618
20622,박유희,리본 컨설팅 대표,"경영/조직, 리더십, 조직문화, 조직활성화, 협력, 협업, 상생,소통, 커뮤니케이션,창의/마케팅,세일즈, 고객관리,힐링, 실습&체험",https://www.hooh.kr/sub/teacher/next.asp?m_idx=20622
20625,오성욱,심술난 연구소 대표,"동기부여, 마인드셋,경영/조직, 리더십, 조직활성화, 협력, 협업, 상생,소통, 커뮤니케이션, 관계, 스피치, 프레젠테이션,교육, 법정의무교육,세일즈, 설득,힐링, 실습&체험,취업, 면접, 이력서(자소서), 진로, 직업관",https://www.hooh.kr/sub/teacher/next.asp?m_idx=20625
18267,이홍열,KBS 청주방송총국 리포터,"동기부여, 열정, 인생스토리, 도전, 꿈, 비전, 마인드셋,소통, 커뮤니케이션, 관계, 스피치,세일즈, 협상, 설득, 판매, 고객관리,취업, 면접, 이력서(자소서), 진로, 직업관",https://www.hooh.kr/sub/teacher/next.asp?m_idx=18267
18305,강희진,"강사, 예술치료사","동기부여, 인생스토리, 비전,인문학, 미술,경영/조직, 조직활성화,소통, 커뮤니케이션,건강, 스트레스, 심리,힐링, 마음,취업, 이력서(자소서)",https://www.hooh.kr/sub/teacher/next.asp?m_idx=18305
18338,신의현,주식회사 에듀픽 대표,"창의/마케팅, 상상력, 창의력, 광고, 콘텐츠, SNS",https://www.hooh.kr/sub/teacher/next.asp?m_idx=18338
18907,김주리,"생각표현연구소 소장, 작가","소통, 스피치, 프레젠테이션,교육, 글쓰기,창의/마케팅, 창의력, 마케팅",https://www.hooh.kr/sub/teacher/next.asp?m_idx=18907
18908,이선영,바인스피치 교육 대표,"소통, 커뮤니케이션, 관계, 스피치, 연애",https://www.hooh.kr/sub/teacher/next.asp?m_idx=18908
18915,박하승,마인드모스트 대표,"동기부여, 열정, 도전, 성공, 자기관리, 삶의자세, 자기계발, 꿈, 비전,인문학,경영/조직, 경영, 리더십, 목표관리,소통, 커뮤니케이션,건강, 심리,교육, 부모교육",https://www.hooh.kr/sub/teacher/next.asp?m_idx=18915
18916,허일무,HIM변화디자인연구소 대표,"경영/조직, 경영, 리더십, 조직문화, 혁신, 조직관리, 조직활성화, 변화, 협력, 협업, 상생",https://www.hooh.kr/sub/teacher/next.asp?m_idx=18916
18921,이춘재,자두나무컨설팅 대표,"동기부여, 자기관리, 삶의자세, 자기계발,경영/조직, 창업,취업, 인생이모작",https://www.hooh.kr/sub/teacher/next.asp?m_idx=18921
18922,박성현,전문MC,"힐링, 웃음, 행복, 유머, 실습&체험",https://www.hooh.kr/sub/teacher/next.asp?m_idx=18922
18926,최란,커뮤니케이션 전문 강사,"소통, 커뮤니케이션, 스피치, 프레젠테이션,세일즈, 설득",https://www.hooh.kr/sub/teacher/next.asp?m_idx=18926
22230,박주용,유튜브 소금전문가,"경영/조직, 리더십, 창업,건강, 식이요법,창의/마케팅, 마케팅",https://www.hooh.kr/sub/teacher/next.asp?m_idx=22230
22231,문범윤,다이브 클리닉 대표원장,"퍼스널브랜딩, 뷰티,건강, 의학",https://www.hooh.kr/sub/teacher/next.asp?m_idx=22231
22233,김범수,인하대병원 정형외과 교수,"건강, 스트레스, 의학, 노후",https://www.hooh.kr/sub/teacher/next.asp?m_idx=22233
22238,이다혜,"씨네21팀장, 작가","인문학, 문화, 영화,교육, 글쓰기,창의/마케팅, 상상력, 창의력",https://www.hooh.kr/sub/teacher/next.asp?m_idx=22238
22239,임명선,"대학저널 진로입시문제 연구소장, 데오럭스교육그룹 전문위원","동기부여,소통, 가족,교육, 자녀교육, 공부법, 입시, 독서법, 인성, 부모교육,취업, 진로",https://www.hooh.kr/sub/teacher/next.asp?m_idx=22239
22240,이한나,정신건강 브랜드 이웃집블루 대표,"경영/조직, 리더십, 조직관리, 조직활성화,소통, 커뮤니케이션, 관계,건강, 스트레스, 의학, 심리, 정신,힐링, 희망, 마음",https://www.hooh.kr/sub/teacher/next.asp?m_idx=22240
22243,손영배,"전)진로진학상담교사, 재능디자인연구소 소장","교육, 자녀교육, 공부법,취업, 진로, 직업관",https://www.hooh.kr/sub/teacher/next.asp?m_idx=22243
22244,최서연,"한세대 ICT 융합학과 겸임교수, 비지트 공동대표","AI/미래, 트렌드, IT, Ai(인공지능), DX,교육, 자녀교육, 부모교육,창의/마케팅, 콘텐츠, SNS,취업, 진로",https://www.hooh.kr/sub/teacher/next.asp?m_idx=22244
22250,김원배,진로진학상담교사,"동기부여, 자기관리, 삶의자세, 자기계발, 꿈, 비전,교육, 자녀교육, 공부법, 독서법, 인성, 부모교육, 글쓰기,취업, 진로, 직업관",https://www.hooh.kr/sub/teacher/next.asp?m_idx=22250
22254,김은희,한국통합미래교육연구소 대표,"동기부여, 비전,소통, 관계,교육, 자녀교육, 공부법, 입시, 부모교육, 글쓰기,취업, 이력서(자소서), 진로",https://www.hooh.kr/sub/teacher/next.asp?m_idx=22254
22271,류한수,상명대학교 역사콘텐츠학과 교수,"인문학, 역사, 세계, 문화",https://www.hooh.kr/sub/teacher/next.asp?m_idx=22271
22274,이독실,과학 칼럼니스트,"AI/미래, IT, Ai(인공지능), 빅데이터, 미래기술, 메타버스,인문학, 역사, 과학,교육, 자녀교육,창의/마케팅, 창의력",https://www.hooh.kr/sub/teacher/next.asp?m_idx=22274
22279,김태균,"내과 의사, 유튜브 닥터딩요","건강, 스트레스, 비만, 식이요법, 의학, 노후",https://www.hooh.kr/sub/teacher/next.asp?m_idx=22279
22280,이경희,내마음심리상담연구소 소장,"소통, 커뮤니케이션, 관계,건강, 심리, 정신,교육, 자녀교육, 여성학, 인성, 부모교육,힐링, 마음",https://www.hooh.kr/sub/teacher/next.asp?m_idx=22280
22286,김영훈,연세대학교 심리학과 교수,"동기부여, 성공, 삶의자세,소통, 관계, 가족, 부부, 연애,건강, 심리,힐링, 행복, 마음",https://www.hooh.kr/sub/teacher/next.asp?m_idx=22286
22290,장효석,"유튜버 이리앨, 지식큐레이터","동기부여, 도전, 성공, 자기관리, 삶의자세, 자기계발, 마인드셋",https://www.hooh.kr/sub/teacher/next.asp?m_idx=22290
22293,한지영,키움증권 리서치센터 애널리스트,"경제, 금융, 주식, 경제전망, 투자",https://www.hooh.kr/sub/teacher/next.asp?m_idx=22293
22358,최홍섭,"마음AI 대표, 맨드언맨드 대표이사","AI/미래, 트렌드, 디지털기술, IT, Ai(인공지능), DX, 미래기술, 로봇, 산업, 비즈니스,경영/조직, 혁신, 경영전략",https://www.hooh.kr/sub/teacher/next.asp?m_idx=22358
22359,차영남,"영화배우, 작가","동기부여, 열정, 인생스토리, 도전, 자기관리, 삶의자세, 자기계발, 꿈, 마인드셋,취업, 직업관, 인생이모작",https://www.hooh.kr/sub/teacher/next.asp?m_idx=22359
22363,성기영,럭셔리홈갤러리 케이영 대표이사,"동기부여, 열정, 프로정신, 도전, 성공, 자기계발,소통, 커뮤니케이션, 관계, 스피치, 프레젠테이션,창의/마케팅, 광고, 마케팅,세일즈, 협상, 설득, 판매, 고객관리",https://www.hooh.kr/sub/teacher/next.asp?m_idx=22363
22412,이호,전북대학교 법의학 교수,"동기부여, 삶의자세,인문학,힐링, 행복",https://www.hooh.kr/sub/teacher/next.asp?m_idx=22412
22413,안우성,"성악가, 지휘자, 클래식 월담 대표","인문학, 고전, 예술, 세계, 문화, 음악",https://www.hooh.kr/sub/teacher/next.asp?m_idx=22413
22440,김서호,,"AI/미래, 트렌드, 디지털기술, IT, 빅데이터, 미래기술, 사물인터넷, 모바일웹, 사물통신, 로봇, 산업, 정보보안, 비즈니스, 블록체인, 핀테크, 융합,과학, 뇌과학",https://www.hooh.kr/sub/teacher/next.asp?m_idx=22440
22448,김석,건국대학교 철학과 교수,"인문학, 철학, 미술, 예술, 세계, 영화,건강, 심리, 정신",https://www.hooh.kr/sub/teacher/next.asp?m_idx=22448
22458,변형균,퓨처웨이브 대표,"AI/미래, IT, Ai(인공지능), 빅데이터, 비즈니스,경영/조직, 경영, 리더십, 혁신, 변화",https://www.hooh.kr/sub/teacher/next.asp?m_idx=22458
22459,조성민,"오렌지AI 대표, 작가, AI크리에이터","AI/미래, 디지털기술, Ai(인공지능), DX, 비즈니스, 메타버스,경영/조직, 경영전략,소통, 스피치,창의/마케팅, 마케팅, SNS,취업, 진로",https://www.hooh.kr/sub/teacher/next.asp?m_idx=22459
22482,이민희,강원대학교 사범대학 국어교육과 교수,"인문학, 역사, 고전, 문화, 문학, 영화,교육, 독서법",https://www.hooh.kr/sub/teacher/next.asp?m_idx=22482
22483,김영희,"작가, 산림교육전문가","동기부여, 자기관리, 삶의자세,힐링, 희망, 마음,사회/환경",https://www.hooh.kr/sub/teacher/next.asp?m_idx=22483
22489,김선정,"작가, 교사","소통, 커뮤니케이션, 관계, 가족,교육, 자녀교육, 공부법, 독서법, 인성, 부모교육",https://www.hooh.kr/sub/teacher/next.asp?m_idx=22489
22490,조민진,작가,"동기부여, 열정, 인생스토리, 도전, 삶의자세, 자기계발, 꿈,인문학, 예술,교육, 독서법, 글쓰기,힐링, 워라벨, 여행,취업, 진로, 직업관, 인생이모작",https://www.hooh.kr/sub/teacher/next.asp?m_idx=22490
22494,강성주(항성),국립과천과학관 연구사,"AI/미래, 트렌드, Ai(인공지능), 미래기술, 로봇, 핀테크, 우주,인문학, 과학,교육, 자녀교육, 부모교육,창의/마케팅, 상상력, 창의력",https://www.hooh.kr/sub/teacher/next.asp?m_idx=22494
22496,허희,문화평론가,"인문학, 예술, 문화, 문학, 시, 영화,소통, 관계, 연애,교육, 글쓰기",https://www.hooh.kr/sub/teacher/next.asp?m_idx=22496
22517,김선현,"교수, 심리학자, 작가","인문학, 미술,건강, 스트레스, 심리, 정신,힐링, 마음",https://www.hooh.kr/sub/teacher/next.asp?m_idx=22517
22521,조준호,전)LG 대표이사,"삶의자세, 자기계발,리더십, 조직문화, 조직관리",https://www.hooh.kr/sub/teacher/next.asp?m_idx=22521
22526,송영욱,더웰 대표,"경제, 금융, 주식, 자산관리, 재무설계, 재테크, 투자, 노후",https://www.hooh.kr/sub/teacher/next.asp?m_idx=22526
22540,김종완,㈜샘이나는세미나 대표,"동기부여, 성공, 자기계발,소통, 커뮤니케이션, 관계, 스피치,퍼스널브랜딩, 이미지메이킹,창의/마케팅, 콘텐츠,취업, 진로",https://www.hooh.kr/sub/teacher/next.asp?m_idx=22540
22559,윤인도,외국계대기업 소프트웨어 개발자,"AI/미래, 트렌드, 디지털기술, IT, Ai(인공지능), 빅데이터, 미래기술, 사물인터넷, 모바일웹, 사물통신, 로봇, 산업, 정보보안, 비즈니스, 블록체인, 핀테크, 융합,취업, 면접, 이력서(자소서), 진로, 직업관",https://www.hooh.kr/sub/teacher/next.asp?m_idx=22559
22577,김영회,동국대학교 세계불교학 연구소 연구교수,"인문학, 역사, 고전, 한국사, 문학, 음악",https://www.hooh.kr/sub/teacher/next.asp?m_idx=22577
22593,최정아,(주)굿인사이트 대표,"동기부여, 열정, 프로정신, 자기계발,인문학, 미술, 예술, 영화, 음악,소통, 커뮤니케이션, 부부,건강, 스트레스,창의/마케팅",https://www.hooh.kr/sub/teacher/next.asp?m_idx=22593
22669,고재열,"재미로재미연구소 대표, 트래블러스랩 운영","동기부여, 열정, 도전, 삶의자세, 자기계발,인문학, 세계,힐링, 행복, 여행,취업, 직업관",https://www.hooh.kr/sub/teacher/next.asp?m_idx=22669
22677,이정탁,(사)세계레크리에이션교육협회 대구/경북지부장,"동기부여, 열정,경영/조직, 리더십, 조직활성화,소통, 커뮤니케이션, 스피치,건강, 스트레스, 웃음, 노후,힐링, 웃음, 행복, 공연&강연, 실습&체험",https://www.hooh.kr/sub/teacher/next.asp?m_idx=22677
22689,유석영,창업 코칭 전문가,"동기부여, 자기계발,경영/조직, 리더십, 조직문화, 조직관리, 조직활성화, 경영전략, 창업, 스타트업",https://www.hooh.kr/sub/teacher/next.asp?m_idx=22689
22762,김효정,"빅데이터, 인공지능 강사","AI/미래, 디지털기술, IT, Ai(인공지능), DX, 빅데이터",https://www.hooh.kr/sub/teacher/next.asp?m_idx=22762
22775,정해승,전) 한화생명 전무,"동기부여, 자기관리, 삶의자세,경영/조직, 리더십,소통,건강, 스트레스, 심리",https://www.hooh.kr/sub/teacher/next.asp?m_idx=22775
22781,이유진,일상찻집 대표,"동기부여, 자기관리,인문학, 문화,건강,교육, 육아, 독서법, 글쓰기,창의/마케팅, SNS,힐링, 마음, 실습&체험",https://www.hooh.kr/sub/teacher/next.asp?m_idx=22781
22787,현형철,전문 MC,"힐링, 웃음, 행복, 유머",https://www.hooh.kr/sub/teacher/next.asp?m_idx=22787
22792,코마시 키미야,방송인,"인문학, 역사, 세계, 문화,사회/환경, 정치",https://www.hooh.kr/sub/teacher/next.asp?m_idx=22792
22793,이동국,"대박드림스 대표, 전 축구선수","동기부여, 열정, 프로정신, 인생스토리, 도전, 자기관리, 삶의자세, 마인드셋,소통, 가족, 부부,교육, 자녀교육, 인성, 부모교육",https://www.hooh.kr/sub/teacher/next.asp?m_idx=22793
22797,이준석,똑소 대표,"AI/미래, 디지털기술, IT, 빅데이터, 비즈니스,경영/조직, 창업, 스타트업,창의/마케팅, 마케팅",https://www.hooh.kr/sub/teacher/next.asp?m_idx=22797
22832,조훈희,한양대학교 부동산융합대학원 겸임교수,"동기부여, 열정, 프로정신, 인생스토리, 도전, 성공, 자기관리, 삶의자세, 자기계발, 꿈, 비전,경제, 자산관리, 재무설계, 부동산, 재테크, 투자, 노후",https://www.hooh.kr/sub/teacher/next.asp?m_idx=22832
22860,이주현,(주)에이블에이치 대표,"동기부여, 자기계발,AI/미래, Ai(인공지능),경영/조직, 리더십, 창업,소통, 커뮤니케이션,퍼스널브랜딩, MBTI,창의/마케팅, SNS,취업, 면접, 진로",https://www.hooh.kr/sub/teacher/next.asp?m_idx=22860
22861,소현규,AI 메타버스 연구원 원장,"AI/미래, 트렌드, 디지털기술, Ai(인공지능), 빅데이터, 모바일웹, 메타버스,교육, 자녀교육, 글쓰기,창의/마케팅, 마케팅, 콘텐츠, SNS",https://www.hooh.kr/sub/teacher/next.asp?m_idx=22861
22024,이은지,이제이에듀&컨설팅 대표,"경영/조직, 리더십, 조직문화, 조직활성화,소통, 커뮤니케이션, 관계,퍼스널브랜딩, 이미지메이킹, CS, 퍼스널컬러, MBTI,건강, 스트레스,취업, 면접, 이력서(자소서)",https://www.hooh.kr/sub/teacher/next.asp?m_idx=22024
22027,정소진,전문강사,"동기부여, 마인드셋,경영/조직, 리더십, 조직문화,소통, 커뮤니케이션, 관계,퍼스널브랜딩, CS, MBTI,건강, 스트레스,교육, 법정의무교육,힐링, 자존감",https://www.hooh.kr/sub/teacher/next.asp?m_idx=22027
22029,이채영,시너지드림 대표 강사,"경영/조직, 조직문화, 조직활성화,소통, 커뮤니케이션,퍼스널브랜딩, 이미지메이킹, CS,건강, 스트레스,취업, 직업관",https://www.hooh.kr/sub/teacher/next.asp?m_idx=22029
22031,오주현,교육컨설팅 호연 대표,"소통, 커뮤니케이션,퍼스널브랜딩, CS,건강, 스트레스,교육, 법정의무교육",https://www.hooh.kr/sub/teacher/next.asp?m_idx=22031
22036,김미라,미라클 컨텐츠 연구소 대표,"경영/조직, 리더십, 조직문화, 조직관리, CEO,소통, 커뮤니케이션",https://www.hooh.kr/sub/teacher/next.asp?m_idx=22036
22042,김민경,마인드 디자인 대표,"경영/조직, 조직문화,소통, 커뮤니케이션,퍼스널브랜딩, 이미지메이킹, CS, 뷰티,교육, 법정의무교육",https://www.hooh.kr/sub/teacher/next.asp?m_idx=22042
22044,김은희,WOOM교육 컨설팅 대표,"동기부여, 열정, 프로정신, 인생스토리, 도전, 성공, 자기관리, 삶의자세, 자기계발, 꿈, 비전,경영/조직, 리더십, 조직문화, 조직관리, 목표관리, 조직활성화, 변화,소통, 커뮤니케이션, 관계, 스피치, 가족, 부부, 프레젠테이션",https://www.hooh.kr/sub/teacher/next.asp?m_idx=22044
22045,이현정,한국감성예술교육연구소,"인문학, 예술,소통, 커뮤니케이션,건강, 스트레스, 정신,힐링, 행복, 마음",https://www.hooh.kr/sub/teacher/next.asp?m_idx=22045
22047,김은정,와인강사,"인문학,힐링, 마음, 실습&체험",https://www.hooh.kr/sub/teacher/next.asp?m_idx=22047
22071,조병윤,하브루타 생각열매 연구소 대표,"동기부여, 열정, 인생스토리, 자기관리, 삶의자세, 자기계발, 꿈, 비전,인문학,경영/조직, 리더십,소통, 커뮤니케이션, 관계,퍼스널브랜딩, MBTI,교육, 자녀교육, 독서법,창의/마케팅, 마케팅,힐링, 자존감,취업, 진로",https://www.hooh.kr/sub/teacher/next.asp?m_idx=22071
22082,남채민,채민유어온이미지 대표,"경영/조직, 조직활성화,소통, 커뮤니케이션, 관계, 스피치, 프레젠테이션,퍼스널브랜딩, 이미지메이킹, CS, 뷰티, 패션, 퍼스널컬러, 호감, 스타일링, MBTI,취업, 면접, 이력서(자소서)",https://www.hooh.kr/sub/teacher/next.asp?m_idx=22082
22084,신디리(이윤정),SR교육센터 대표,"인문학, 문학,소통, 커뮤니케이션, 관계,건강, 스트레스,교육, 독서법, 인성,힐링, 마음",https://www.hooh.kr/sub/teacher/next.asp?m_idx=22084
22085,주혜림,"림스카이, 우리드림 대표","경영/조직, 조직문화, 조직활성화,소통, 커뮤니케이션, 스피치,퍼스널브랜딩, 이미지메이킹, CS, 호감,건강, 스트레스,취업, 면접, 이력서(자소서), 진로, 직업관",https://www.hooh.kr/sub/teacher/next.asp?m_idx=22085
22090,전은지,㈜한국역량교육진흥원 대표,"경영/조직, 리더십, 조직활성화, 창업,소통, 커뮤니케이션, 스피치,퍼스널브랜딩, 이미지메이킹, MBTI,창의/마케팅, SNS,취업, 진로, 인생이모작",https://www.hooh.kr/sub/teacher/next.asp?m_idx=22090
22091,길강빈,제이더블유컨설팅 대표,"동기부여, 자기관리, 자기계발, 마인드셋,경영/조직, 조직문화, 조직활성화, 협력, 협업, 상생, 창업,소통, 커뮤니케이션,취업, 면접, 이력서(자소서), 진로, 직업관, 인생이모작",https://www.hooh.kr/sub/teacher/next.asp?m_idx=22091
22094,원은정,한국청소년센터 대표,"인문학, 영화,소통, 커뮤니케이션, 관계,교육, 자녀교육, 부모교육",https://www.hooh.kr/sub/teacher/next.asp?m_idx=22094
22098,정택수,"심리상담전문가, 한국자살예방센터장","동기부여, 삶의자세,소통, 커뮤니케이션, 관계,건강, 스트레스, 심리, 정신,힐링, 희망, 마음, 자존감",https://www.hooh.kr/sub/teacher/next.asp?m_idx=22098
22104,민지나,강남나이스스피치 대표,"경영/조직, 창업,소통, 커뮤니케이션, 스피치, 프레젠테이션,퍼스널브랜딩, CS,세일즈, 협상, 설득,취업, 면접",https://www.hooh.kr/sub/teacher/next.asp?m_idx=22104
22106,안광훈,늘해랑스피치커뮤니케이션 대표,"소통, 커뮤니케이션, 스피치, 프레젠테이션,교육, 글쓰기,취업, 면접, 이력서(자소서)",https://www.hooh.kr/sub/teacher/next.asp?m_idx=22106
22107,이샛별,"성우, MC, 스피치 강사","동기부여, 인생스토리,소통, 스피치,퍼스널브랜딩",https://www.hooh.kr/sub/teacher/next.asp?m_idx=22107
22133,양혜림,바라던교육컨설팅 대표 강사,"소통, 커뮤니케이션, 관계,퍼스널브랜딩, 이미지메이킹, CS, 퍼스널컬러, MBTI,건강, 스트레스, 심리,법정의무교육,힐링, 행복, 마음, 실습&체험,취업, 면접, 이력서(자소서)",https://www.hooh.kr/sub/teacher/next.asp?m_idx=22133
22138,이성호,수스피치리더십센터 대표,"경영/조직, 리더십, 혁신, 조직활성화, 경영전략, 변화,소통, 커뮤니케이션, 스피치,퍼스널브랜딩, CS,교육, 글쓰기,창의/마케팅, 창의력,취업, 면접",https://www.hooh.kr/sub/teacher/next.asp?m_idx=22138
22144,이주영,씨스타이미지 대표,"동기부여, 자기관리, 자기계발,퍼스널브랜딩, 이미지메이킹, 패션, 퍼스널컬러, 스타일링,건강, 스트레스, 심리,힐링, 마음",https://www.hooh.kr/sub/teacher/next.asp?m_idx=22144
22168,고득성,삼성회계법인 대표 파트너,"경제, 금융, 자산관리, 재무설계, 경제전망, 부동산, 재테크, 투자, 노후",https://www.hooh.kr/sub/teacher/next.asp?m_idx=22168
22179,황병일,네이처슬립(수면코칭연구소) 대표,"건강, 스트레스, 정신",https://www.hooh.kr/sub/teacher/next.asp?m_idx=22179
22185,최성남,코칭연구소 지음 대표,"동기부여, 열정, 성공, 자기관리,경영/조직, 리더십, 조직활성화, 위기관리, 협력, 협업, 상생,교육, 법정의무교육",https://www.hooh.kr/sub/teacher/next.asp?m_idx=22185
22189,박영섭,"금융감독원강사, 작가","동기부여, 자기계발,경제, 금융, 재테크, 투자,소통, 스피치",https://www.hooh.kr/sub/teacher/next.asp?m_idx=22189
22192,김소진,제니휴먼리소스 대표,"동기부여, 인생스토리, 자기관리, 삶의자세, 자기계발, 비전",https://www.hooh.kr/sub/teacher/next.asp?m_idx=22192
22195,황상열,"작가, 책쓰기에도 공식이 있다 저자","동기부여, 열정, 도전, 성공, 자기관리, 삶의자세, 자기계발,AI/미래, Ai(인공지능),인문학,경제, 부동산, 재테크,교육, 글쓰기",https://www.hooh.kr/sub/teacher/next.asp?m_idx=22195
22196,이미경,행복노리터 대표,"경영/조직, 리더십, 조직관리, 조직활성화,소통, 커뮤니케이션, 스피치, 프레젠테이션,교육, 글쓰기,창의/마케팅, 마케팅, 콘텐츠, SNS",https://www.hooh.kr/sub/teacher/next.asp?m_idx=22196
22206,이상엽,JTBC 기자,"동기부여, 열정, 프로정신, 인생스토리, 도전, 삶의자세,힐링, 희망, 마음",https://www.hooh.kr/sub/teacher/next.asp?m_idx=22206
22219,김민영,자주스쿨 대표,"소통, 관계, 가족, 부부,퍼스널브랜딩, MBTI,교육, 성교육, 부모교육",https://www.hooh.kr/sub/teacher/next.asp?m_idx=22219
26216,허봉수,"서울본원 EBM센터(한의원, 유전체연구소) 센터장","건강, 식이요법, 의학",https://www.hooh.kr/sub/teacher/next.asp?m_idx=26216
26218,류은경,소설가,"인문학, 역사, 예술, 문학,교육, 글쓰기,힐링, 종교, 행복",https://www.hooh.kr/sub/teacher/next.asp?m_idx=26218
26224,이채욱,윤선생 R&D 이사,"AI/미래, 트렌드, Ai(인공지능),교육, 자녀교육, 공부법, 입시, 부모교육,취업, 진로",https://www.hooh.kr/sub/teacher/next.asp?m_idx=26224
26230,김규봉,글로벌 비즈니스 협동조합 이사장,"인문학, 역사, 미술, 예술, 세계,경영/조직, 리더십",https://www.hooh.kr/sub/teacher/next.asp?m_idx=26230
26238,배선우,한국대학교육협의회 사정관 연수 강사,"교육, 자녀교육, 공부법, 입시, 부모교육,취업, 진로",https://www.hooh.kr/sub/teacher/next.asp?m_idx=26238
26267,백희진,네이마리 부동산 연구소 대표,"경제, 자산관리, 부동산, 재테크, 투자, 경매",https://www.hooh.kr/sub/teacher/next.asp?m_idx=26267
26276,이재경,길벗심리상담연구소 대표,"경영/조직, 리더십, 조직관리,소통, 커뮤니케이션, 관계,건강, 스트레스, 심리,취업, 인생이모작",https://www.hooh.kr/sub/teacher/next.asp?m_idx=26276
26301,전창록,대구대학교 초빙교수,"경영/조직, 창업,경제, 노후,사회/환경, 사회이슈",https://www.hooh.kr/sub/teacher/next.asp?m_idx=26301
26317,김병연,블레스티 엔터테인먼트 대표,"동기부여, 마인드셋,인문학, 예술,건강, 의학,교육, 공부법",https://www.hooh.kr/sub/teacher/next.asp?m_idx=26317
26321,편은지,KBS 예능 PD,"창의/마케팅, 마케팅, 콘텐츠",https://www.hooh.kr/sub/teacher/next.asp?m_idx=26321
26344,정현경,(사)청년지식융합협회 회장,"동기부여, 도전, 자기관리, 자기계발,경영/조직, 리더십,경제, 자산관리, 재무설계, 재테크, 노후,사회/환경, ESG",https://www.hooh.kr/sub/teacher/next.asp?m_idx=26344
26393,김동헌,열린사이버대학교 특임교수,"경영/조직, 리더십, 혁신, 위기관리,세무/법률,소통, 커뮤니케이션",https://www.hooh.kr/sub/teacher/next.asp?m_idx=26393
26403,신혜진,서울과학기술대학교 교양대학 인문사회교양학부,"인문학, 영화,소통, 관계,건강, 심리, 정신,교육, 자녀교육, 부모교육,취업, 진로",https://www.hooh.kr/sub/teacher/next.asp?m_idx=26403
26409,박범,와인 강사,"인문학, 문화,힐링, 행복, 마음, 실습&체험",https://www.hooh.kr/sub/teacher/next.asp?m_idx=26409
26424,유병웅,안전드림컨설팅 컨설턴트,"동기부여, 삶의자세,경영/조직, 리더십,경제, 부동산, 경매,퍼스널브랜딩, CS,교육, 법정의무교육,취업, 인생이모작",https://www.hooh.kr/sub/teacher/next.asp?m_idx=26424
26438,곽경일,데이터 분석 전문가,"AI/미래, 트렌드, 디지털기술, IT, Ai(인공지능), DX, 빅데이터, 비즈니스",https://www.hooh.kr/sub/teacher/next.asp?m_idx=26438
26587,조정옥,성균관대학교 철학과 초빙교수,"인문학, 철학, 미술, 예술, 문화, 문학,힐링, 종교, 행복",https://www.hooh.kr/sub/teacher/next.asp?m_idx=26587
26606,문근식,한양대학교 공공정책 대학원 특임교수,"사회/환경, 정치, 남북관계, 분단",https://www.hooh.kr/sub/teacher/next.asp?m_idx=26606
26620,김병곤,k헬스케어 운동연구소 대표,"건강, 노후, 운동",https://www.hooh.kr/sub/teacher/next.asp?m_idx=26620
26002,김필수,CEO 멘탈코칭 전문기업 리셋컨설팅 대표,"인문학,경영/조직, 리더십, 조직문화, CEO,힐링, 행복, 마음",https://www.hooh.kr/sub/teacher/next.asp?m_idx=26002
26006,김정훈,"유튜브 ‘상냥한 주디’채널을 운영, 상냥한주디가 알려주는 N잡러를 위한 미리캔버스 저자","동기부여, 자기계발,AI/미래, Ai(인공지능),인문학, 미술, 예술,퍼스널브랜딩,교육, 글쓰기,창의/마케팅, 마케팅, 콘텐츠, SNS, 디자인,취업, 직업관, 인생이모작",https://www.hooh.kr/sub/teacher/next.asp?m_idx=26006
26009,엄정식,"공군사관학교 교수, 우주안보 전문가, 미래전의 도전과 항공우주산업 저자","AI/미래, 미래기술, 산업, 융합, 우주,취업, 진로, 직업관",https://www.hooh.kr/sub/teacher/next.asp?m_idx=26009
26013,이언영,장안대학교 K스타일리스트과 부교수,"소통, 스피치,퍼스널브랜딩, 이미지메이킹, 뷰티, 패션, 스타일링,취업, 진로",https://www.hooh.kr/sub/teacher/next.asp?m_idx=26013
26014,최재훈,마음숲길 대표,"소통, 관계, 가족,건강, 심리,힐링, 행복, 마음, 나눔",https://www.hooh.kr/sub/teacher/next.asp?m_idx=26014
26016,박민수,"가정의학과 전문의, 유튜브 박민수박사 운영","건강, 비만, 식이요법, 의학",https://www.hooh.kr/sub/teacher/next.asp?m_idx=26016
26023,박윤정,임상심리전문가,"소통, 관계, 가족, 부부,건강, 스트레스, 심리,교육, 자녀교육, 육아, 인성, 부모교육",https://www.hooh.kr/sub/teacher/next.asp?m_idx=26023
26038,정상원,"스포츠 약사, 블로그 까망약사의 약수첩, 당신의 마지막 다이어트 저자","건강, 비만, 식이요법, 의학",https://www.hooh.kr/sub/teacher/next.asp?m_idx=26038
26043,우승엽,생존21 도시재난 연구소 소장,"동기부여, 자기관리, 삶의자세, 자기계발,힐링, 실습&체험",https://www.hooh.kr/sub/teacher/next.asp?m_idx=26043
26046,임채원,"변호사, 유튜브 임변불패 운영","경제, 재테크, 노후, 세무/법률",https://www.hooh.kr/sub/teacher/next.asp?m_idx=26046
26056,정그린,그린코칭솔루션 대표,"동기부여, 열정, 도전, 마인드셋,경영/조직, 리더십, 조직문화, CEO,건강, 심리",https://www.hooh.kr/sub/teacher/next.asp?m_idx=26056
26060,정승훈,스마트에듀빌더 대표,"AI/미래, Ai(인공지능),인문학, 역사, 미술, 문화, 영화,교육, 자녀교육, 공부법, 독서법, 부모교육, 글쓰기,힐링, 마음,사회/환경,취업, 진로, 인생이모작",https://www.hooh.kr/sub/teacher/next.asp?m_idx=26060
25864,곽동훈,인문학작가,"인문학, 역사, 고전, 철학, 세계, 문화",https://www.hooh.kr/sub/teacher/next.asp?m_idx=25864
25873,김재산,작가,"동기부여, 열정, 프로정신, 도전, 자기관리, 삶의자세, 자기계발,창의/마케팅, 상상력, 창의력, 광고, 마케팅, 콘텐츠",https://www.hooh.kr/sub/teacher/next.asp?m_idx=25873
25927,정이안,정이안한의 원장,"건강, 스트레스, 식이요법, 노후, 심리, 한의학",https://www.hooh.kr/sub/teacher/next.asp?m_idx=25927
25928,문성택,"한의사, 유튜브 공빠tv 운영","소통, 가족,건강, 노후, 한의학,창의/마케팅, SNS,힐링, 행복,취업, 인생이모작",https://www.hooh.kr/sub/teacher/next.asp?m_idx=25928
25938,이동신,국제AI협회 부회장,"AI/미래, Ai(인공지능),경제, 노후,창의/마케팅, 콘텐츠,취업, 인생이모작",https://www.hooh.kr/sub/teacher/next.asp?m_idx=25938
25945,박정규,강릉원주대학교 사학과 교수,"인문학, 역사, 철학, 세계",https://www.hooh.kr/sub/teacher/next.asp?m_idx=25945
25960,이재학,고려대학교 서어서문학과 교수,"인문학, 역사, 세계, 문화,경영/조직",https://www.hooh.kr/sub/teacher/next.asp?m_idx=25960
25961,맹성렬,우석대학교 전기전자공학과 교수,"AI/미래, 미래기술, 우주,인문학, 역사, 세계, 문화,창의/마케팅, 상상력",https://www.hooh.kr/sub/teacher/next.asp?m_idx=25961
25969,김철민,한국외국어대학교 교수,"인문학, 역사, 세계, 문화,사회/환경, 국제정세",https://www.hooh.kr/sub/teacher/next.asp?m_idx=25969
25981,김동환,원더프레임 대표,"경제, 금융, 재무설계, 재테크, 투자, 디지털자산",https://www.hooh.kr/sub/teacher/next.asp?m_idx=25981
25989,우경하,"나연구소 대표, 100권 작가","동기부여, 자기관리, 삶의자세, 자기계발,인문학, 문학,퍼스널브랜딩,교육, 독서법, 글쓰기",https://www.hooh.kr/sub/teacher/next.asp?m_idx=25989
25991,김성형,한국협상아카데미 대표,"소통, 커뮤니케이션, 관계,세일즈, 협상, 설득",https://www.hooh.kr/sub/teacher/next.asp?m_idx=25991
25995,이영철,"연금비타민 Lab 대표, 행복을 부르는 쉬운 연금투자 저자","경제, 금융, 자산관리, 재무설계, 재테크, 투자, 노후",https://www.hooh.kr/sub/teacher/next.asp?m_idx=25995
25131,김아영,국악 크로스오버밴드,"동기부여, 열정, 프로정신, 도전, 삶의자세, 꿈, 비전,힐링, 공연&강연",https://www.hooh.kr/sub/teacher/next.asp?m_idx=25131
25180,박준영,산업인류학연구소 소장,"동기부여, 자기관리, 꿈, 비전,AI/미래, Ai(인공지능), 산업, 핀테크,인문학, 문화,경영/조직, 리더십, 조직문화,힐링, 여행",https://www.hooh.kr/sub/teacher/next.asp?m_idx=25180
25182,주병권,고려대학교 전기전자공학부 교수,"AI/미래, 트렌드, 디지털기술, IT, 미래기술, 사물인터넷, 산업, 융합",https://www.hooh.kr/sub/teacher/next.asp?m_idx=25182
25196,조영무,NH금융연구소 소장,"경영/조직, 경영, CEO,경제, 금융, 경제전망,사회/환경, 국제정세",https://www.hooh.kr/sub/teacher/next.asp?m_idx=25196
25198,조성준,강북삼성병원 정신건강의학과 교수,"건강, 스트레스, 심리, 정신,힐링, 마음",https://www.hooh.kr/sub/teacher/next.asp?m_idx=25198
25205,김성신,한양대학교 데이터사이언스학과 부교수,"AI/미래, Ai(인공지능),인문학, 과학, 뇌과학",https://www.hooh.kr/sub/teacher/next.asp?m_idx=25205
25235,전은경,디자인 & 콘텐츠 디렉터,"경영/조직, 경영,창의/마케팅, 창의력, 광고, 마케팅, 콘텐츠, 디자인,사회/환경, ESG",https://www.hooh.kr/sub/teacher/next.asp?m_idx=25235
25244,민아림,민앤민 소아청소년과의원 대표원장,"건강, 스트레스, 식이요법, 의학,교육, 육아",https://www.hooh.kr/sub/teacher/next.asp?m_idx=25244
25253,명대성,"작가, 직장문화연구소 워키 대표","경영/조직, 리더십, 조직문화, 조직관리,소통, 커뮤니케이션, 관계",https://www.hooh.kr/sub/teacher/next.asp?m_idx=25253
25265,배문진,(주)비투케이브랜딩 대표,"경영/조직, 경영, 경영전략, 위기관리, 창업, 스타트업,세일즈, 판매, 고객관리",https://www.hooh.kr/sub/teacher/next.asp?m_idx=25265
25299,변진서,유튜브  ‘유투북 변진서’ 운영,"동기부여, 자기관리, 삶의자세, 꿈,인문학, 문학,퍼스널브랜딩,건강, 심리, 정신,교육, 독서법,창의/마케팅, 콘텐츠, SNS,힐링, 행복, 마음,취업, 진로, 직업관",https://www.hooh.kr/sub/teacher/next.asp?m_idx=25299
25693,배준수,롯데문화센터 강사,"동기부여, 삶의자세,건강, 심리,힐링, 희망",https://www.hooh.kr/sub/teacher/next.asp?m_idx=25693
25695,김동기,변호사,"경제, 금융, 경제전망,사회/환경, 정치, 남북관계, 국제정세",https://www.hooh.kr/sub/teacher/next.asp?m_idx=25695
25727,박우식,김포투데이 대표,"경영/조직, 리더십, 조직관리, 경영전략, CEO,소통, 커뮤니케이션,사회/환경, 정치,취업, 면접, 이력서(자소서), 인생이모작",https://www.hooh.kr/sub/teacher/next.asp?m_idx=25727
25729,명승운,경기대학교 명예교수,"과학,건강, 의학",https://www.hooh.kr/sub/teacher/next.asp?m_idx=25729
25798,최지현,"셀럽컴퍼니 대표, 스타일리스트","동기부여, 꿈, 비전,경영/조직, 리더십, 창업,퍼스널브랜딩, 이미지메이킹, 패션, 퍼스널컬러, 스타일링,창의/마케팅, 콘텐츠, SNS,취업, 면접, 직업관",https://www.hooh.kr/sub/teacher/next.asp?m_idx=25798
25804,박중근,캠프코리아 대표,"경영/조직, 리더십, 조직문화, 조직활성화, CEO, 변화, 협력, 협업, 상생,소통, 커뮤니케이션",https://www.hooh.kr/sub/teacher/next.asp?m_idx=25804
24982,강경일,"챗GPT 디지털융합 연구 및 디지털 수익화, 오피스 활용 전문강사","AI/미래, 디지털기술, IT, Ai(인공지능), 빅데이터, 사물인터넷, 비즈니스, 메타버스,교육, 글쓰기,사회/환경, ESG",https://www.hooh.kr/sub/teacher/next.asp?m_idx=24982
24983,이신우,"㈜두온교육 대표, 미래이음연구소 소장","동기부여, 도전, 자기계발,AI/미래, 디지털기술, IT, Ai(인공지능), DX, 미래기술,창의/마케팅, 콘텐츠, 디자인",https://www.hooh.kr/sub/teacher/next.asp?m_idx=24983
24993,정유희,공부로드맵학원 대표,"동기부여, 자기계발, 꿈, 비전,교육, 자녀교육, 공부법, 입시,취업, 진로",https://www.hooh.kr/sub/teacher/next.asp?m_idx=24993
24997,강태형,초등교사,"인문학, 역사, 한국사, 과학",https://www.hooh.kr/sub/teacher/next.asp?m_idx=24997
24998,박점희,바론디지털교육연구소 대표,"AI/미래, Ai(인공지능),교육, 자녀교육, 공부법, 부모교육, 글쓰기",https://www.hooh.kr/sub/teacher/next.asp?m_idx=24998
25008,임민혁,전)프로축구선수,"동기부여, 열정, 프로정신, 인생스토리, 도전, 성공, 자기관리, 삶의자세, 자기계발, 꿈, 비전,건강, 운동,취업, 직업관",https://www.hooh.kr/sub/teacher/next.asp?m_idx=25008
25017,이종철,"제이씨앤컴퍼니 대표, 한국열린사이버대학교 특임교수","AI/미래, 트렌드, 산업, 융합,경영/조직, 경영, 혁신, 경영전략, 위기관리, 창업, 스타트업,사회/환경, ESG, 사회이슈",https://www.hooh.kr/sub/teacher/next.asp?m_idx=25017
25023,정현희,요가강사,"건강, 스트레스, 비만, 운동,힐링, 실습&체험",https://www.hooh.kr/sub/teacher/next.asp?m_idx=25023
25046,박정연,㈜코어사이언스 대표,"인문학, 철학, 과학,소통, 커뮤니케이션, 관계,건강, 스트레스, 웃음, 심리,교육, 자녀교육,힐링, 희망, 행복, 마음, 자존감",https://www.hooh.kr/sub/teacher/next.asp?m_idx=25046
25051,안재윤,미래교육 아카데미 대표,"동기부여, 인생스토리, 도전, 삶의자세, 자기계발, 꿈,경영/조직, 리더십,소통, 커뮤니케이션, 관계, 가족, 부부,건강, 노후,힐링, 희망, 행복, 마음",https://www.hooh.kr/sub/teacher/next.asp?m_idx=25051
25052,은병수,㈜은카운슬(은디자인) 대표,"동기부여, 비전,인문학, 미술, 예술, 문화,경영/조직, 리더십, 혁신,창의/마케팅, 상상력, 창의력, 콘텐츠",https://www.hooh.kr/sub/teacher/next.asp?m_idx=25052
25057,정규영,(주)씨세븐플래닝즈 대표,"동기부여, 자기계발,창의/마케팅, 창의력, 광고, 마케팅",https://www.hooh.kr/sub/teacher/next.asp?m_idx=25057
25065,배상기,한국전문대학교육협의회 진학지원센터 센터장,"교육, 자녀교육, 공부법, 입시, 부모교육,진로",https://www.hooh.kr/sub/teacher/next.asp?m_idx=25065
25075,이종희,공간별교육컨설팅연구소 대표,"교육, 자녀교육, 공부법, 육아, 인성, 부모교육,취업, 진로",https://www.hooh.kr/sub/teacher/next.asp?m_idx=25075
25077,안소린,유튜브 소린TV 운영,"동기부여, 열정, 자기관리, 자기계발,교육, 자녀교육, 공부법, 입시,창의/마케팅, 콘텐츠",https://www.hooh.kr/sub/teacher/next.asp?m_idx=25077
25079,박수용,자기 계발 작가,"동기부여, 열정, 인생스토리, 도전, 성공, 자기관리, 삶의자세, 자기계발, 꿈, 마인드셋,퍼스널브랜딩,교육, 독서법, 글쓰기,창의/마케팅, 마케팅, 콘텐츠,취업, 진로, 직업관",https://www.hooh.kr/sub/teacher/next.asp?m_idx=25079
25082,조흥국,부산대학교 국제전문대학원,"산업,역사, 문화,경제",https://www.hooh.kr/sub/teacher/next.asp?m_idx=25082
25090,유형재,포인트넥스트 대표이사,"AI/미래, 트렌드, 디지털기술, IT, Ai(인공지능), 융합,교육, 글쓰기,창의/마케팅, 마케팅, 콘텐츠, SNS,취업, 직업관",https://www.hooh.kr/sub/teacher/next.asp?m_idx=25090
25092,김성준,(주) 시몬스 디자인 스튜디오 대표 / 몽클로스 대표,"경영/조직, 경영, 조직문화, 조직관리, 조직활성화, 경영전략,창의/마케팅, 상상력, 창의력, 광고, 마케팅, 콘텐츠,사회/환경, ESG",https://www.hooh.kr/sub/teacher/next.asp?m_idx=25092
25097,김용석,브랜드 컨설턴트,"동기부여, 열정, 프로정신,경영/조직, 창업, 스타트업,퍼스널브랜딩, 패션,창의/마케팅, 마케팅, 콘텐츠",https://www.hooh.kr/sub/teacher/next.asp?m_idx=25097
25100,권오형,브랜티스트의 대표,"동기부여, 열정, 도전, 성공, 자기계발, 꿈, 비전, 마인드셋,인문학, 예술,경영/조직, 경영, 경영전략, 창업, 스타트업,퍼스널브랜딩,취업, 이력서(자소서), 진로",https://www.hooh.kr/sub/teacher/next.asp?m_idx=25100
25101,서준원,브랜드 콘텐츠 기획하는 마케팅 에디터 & 작가,"동기부여, 프로정신,창의/마케팅, 창의력, 광고, 마케팅, 콘텐츠,취업, 진로",https://www.hooh.kr/sub/teacher/next.asp?m_idx=25101
25103,박병태,가톨릭대학교 보건의료경영대학원 연구교수,"동기부여, 프로정신, 삶의자세, 자기계발,경영/조직, 경영, 리더십, 조직문화, 조직관리, 목표관리, 조직활성화, 경영전략, 협력, 협업, 상생,창의/마케팅, 마케팅",https://www.hooh.kr/sub/teacher/next.asp?m_idx=25103
25107,최연일,"베스트에셋부동산연구소 대표, 한국열린사이버대학교 부동산금융자산학과 겸임교수","경제, 부동산, 세무/법률",https://www.hooh.kr/sub/teacher/next.asp?m_idx=25107
26702,정수연,런앤브릿지 대표,"동기부여, 자기관리, 자기계발, 마인드셋,경영/조직, 경영, 리더십, 조직문화, 조직관리,창의/마케팅",https://www.hooh.kr/sub/teacher/next.asp?m_idx=26702
26705,최미선,여행가,"힐링, 행복, 마음, 여행",https://www.hooh.kr/sub/teacher/next.asp?m_idx=26705
26706,우지현,PLANWE 대표,"동기부여, 자기관리,경영/조직, 리더십, 조직문화, 조직관리, 조직활성화,소통, 커뮤니케이션,퍼스널브랜딩, CS",https://www.hooh.kr/sub/teacher/next.asp?m_idx=26706
26712,백명진,라헬코칭교육 대표 원장,"소통, 커뮤니케이션, 관계,교육, 부모교육,힐링",https://www.hooh.kr/sub/teacher/next.asp?m_idx=26712
26718,이원율,헤럴드경제기자,"인문학, 미술, 예술, 세계, 문화",https://www.hooh.kr/sub/teacher/next.asp?m_idx=26718
26720,차인표,배우,"동기부여, 인생스토리, 삶의자세,인문학,힐링, 나눔, 공연&강연",https://www.hooh.kr/sub/teacher/next.asp?m_idx=26720
26722,김남금,인문학강사,"인문학, 예술, 세계,교육, 글쓰기,힐링, 여행,취업, 인생이모작",https://www.hooh.kr/sub/teacher/next.asp?m_idx=26722
26726,안병택,바디안 대표원장,"건강, 스트레스, 식이요법, 노후, 운동",https://www.hooh.kr/sub/teacher/next.asp?m_idx=26726
26741,임수현,유튜브 ''''써니피디아'''' 운영,"동기부여, 자기계발,인문학, 과학,퍼스널브랜딩, MBTI,교육, 독서법, 글쓰기,힐링,사회/환경,취업, 진로",https://www.hooh.kr/sub/teacher/next.asp?m_idx=26741
26744,이재진,유튜브  ''''''''마라닉TV'''''''' 운영자,"동기부여, 인생스토리, 자기관리,건강, 운동",https://www.hooh.kr/sub/teacher/next.asp?m_idx=26744
26749,안일구,플루트아트센터(FAC) 대표,"동기부여, 삶의자세, 자기계발,인문학, 예술, 세계, 음악,힐링, 마음, 공연&강연",https://www.hooh.kr/sub/teacher/next.asp?m_idx=26749
26760,남기환,작가,"인문학, 고전, 세계,힐링, 행복, 마음, 여행",https://www.hooh.kr/sub/teacher/next.asp?m_idx=26760
26770,박주용,카이스트 문화기술대학원 교수,"AI/미래, 디지털기술, Ai(인공지능), 빅데이터,인문학, 예술, 문화, 과학,창의/마케팅, 창의력",https://www.hooh.kr/sub/teacher/next.asp?m_idx=26770
26781,강덕호,HENIX/ UNITEX 대표,"동기부여, 열정, 인생스토리,경영/조직, 경영, 리더십, 조직문화, 조직관리, 경영전략, CEO, 창업",https://www.hooh.kr/sub/teacher/next.asp?m_idx=26781
26782,유수연,서울의료원 신경과 과장,"인문학, 영화, 뇌과학,건강, 의학",https://www.hooh.kr/sub/teacher/next.asp?m_idx=26782
26799,양지현,EBS 중학 검수교사,"교육, 자녀교육, 공부법",https://www.hooh.kr/sub/teacher/next.asp?m_idx=26799
26810,성해빈,가수,"힐링, 마음, 공연&강연",https://www.hooh.kr/sub/teacher/next.asp?m_idx=26810
26811,코다브릿지,가요 듀오,"힐링, 공연&강연",https://www.hooh.kr/sub/teacher/next.asp?m_idx=26811
26814,인썬,가수,"힐링, 공연&강연",https://www.hooh.kr/sub/teacher/next.asp?m_idx=26814
26822,조예은,앙상블 노엘 대표,"힐링, 공연&강연",https://www.hooh.kr/sub/teacher/next.asp?m_idx=26822
26828,코지재즈오피스,재즈 트리오,"힐링, 공연&강연",https://www.hooh.kr/sub/teacher/next.asp?m_idx=26828
26832,엠씨리밴드,재즈밴드,"힐링, 공연&강연",https://www.hooh.kr/sub/teacher/next.asp?m_idx=26832
26836,이경실,라이프의원 원장,"건강, 스트레스, 비만, 식이요법, 의학",https://www.hooh.kr/sub/teacher/next.asp?m_idx=26836
26841,그라나다,국악 퍼포먼스 밴드,"힐링, 공연&강연",https://www.hooh.kr/sub/teacher/next.asp?m_idx=26841
26843,비단,창작국악팀,"인문학, 역사, 예술, 문화, 한국사, 음악,힐링, 공연&강연",https://www.hooh.kr/sub/teacher/next.asp?m_idx=26843
26865,김해성,매직헌터,"힐링, 행복, 공연&강연",https://www.hooh.kr/sub/teacher/next.asp?m_idx=26865
26876,김혜진,캘리그라피 아티스트,"인문학, 예술,힐링, 공연&강연, 실습&체험",https://www.hooh.kr/sub/teacher/next.asp?m_idx=26876
26885,김용임,마들인성교육연구소,"경영/조직, 리더십,교육, 자녀교육, 육아, 부모교육",https://www.hooh.kr/sub/teacher/next.asp?m_idx=26885
26912,김동조,파워혁신연구소 김동조소장,"동기부여, 열정, 프로정신, 도전, 성공, 자기계발, 꿈,경영/조직, 혁신, 변화, 위기관리,창의/마케팅, 창의력",https://www.hooh.kr/sub/teacher/next.asp?m_idx=26912
26074,박민선,작가,"동기부여, 자기관리, 삶의자세, 자기계발,경영/조직, 리더십, 조직문화, 조직관리, 목표관리,소통, 커뮤니케이션, 관계,퍼스널브랜딩,교육, 글쓰기",https://www.hooh.kr/sub/teacher/next.asp?m_idx=26074
26079,류승재,"수학강사, 작가","교육, 자녀교육, 공부법, 입시, 부모교육",https://www.hooh.kr/sub/teacher/next.asp?m_idx=26079
26086,김규리,한국컬러테라피연구소 대표,"퍼스널브랜딩, 퍼스널컬러, 호감",https://www.hooh.kr/sub/teacher/next.asp?m_idx=26086
26089,이소정,(현) 글이랑 글책연구소 대표,"퍼스널브랜딩, 이미지메이킹,교육, 독서법, 글쓰기",https://www.hooh.kr/sub/teacher/next.asp?m_idx=26089
26094,박준하,"전통주 소믈리에, 기자","인문학, 문화,힐링, 워라벨",https://www.hooh.kr/sub/teacher/next.asp?m_idx=26094
26142,조남희,JOY 행복상담원장,"소통, 관계, 가족, 부부,교육, 자녀교육, 부모교육,힐링, 행복, 마음",https://www.hooh.kr/sub/teacher/next.asp?m_idx=26142
23036,박상희,(주)마노컨설팅 대표,"동기부여, 삶의자세, 자기계발,경영/조직, 창업,소통,퍼스널브랜딩, CS,창의/마케팅, 마케팅, 디자인,세일즈, 고객관리",https://www.hooh.kr/sub/teacher/next.asp?m_idx=23036
23046,표성미,아빠사랑팜 대표,"동기부여, 열정, 인생스토리, 도전, 꿈, 비전,경영/조직, 경영, 창업,취업, 인생이모작",https://www.hooh.kr/sub/teacher/next.asp?m_idx=23046
18049,이시한,"SH미래인재연구소 대표, 성신여자대학교 겸임교수","AI/미래, 트렌드, Ai(인공지능),인문학, 고전,경영/조직, 리더십,교육, 자녀교육, 독서법,창의/마케팅, 창의력",https://www.hooh.kr/sub/teacher/next.asp?m_idx=18049
18086,한영훈,마술사,"동기부여, 열정, 프로정신, 꿈,힐링, 공연&강연,취업, 진로",https://www.hooh.kr/sub/teacher/next.asp?m_idx=18086
26959,김남민,(주)POP컨설팅 대표,"경영/조직, 경영, 리더십, 조직문화, 조직관리, 목표관리, 조직활성화, 경영전략, CEO",https://www.hooh.kr/sub/teacher/next.asp?m_idx=26959
27005,최재식,한손파이터,"동기부여, 열정, 프로정신, 인생스토리, 삶의자세, 꿈, 마인드셋,힐링, 희망, 웃음, 행복",https://www.hooh.kr/sub/teacher/next.asp?m_idx=27005
27006,이승용,치킨라이스 콘텐츠 이사,"경영/조직, 창업, 스타트업,창의/마케팅, 마케팅, 콘텐츠, 디자인,세일즈, 유통, 판매",https://www.hooh.kr/sub/teacher/next.asp?m_idx=27006
27018,김충환,평화통일연구원 이사장,"동기부여, 프로정신, 자기계발,역사, 한국사,리더십,건강, 노후,남북관계, 분단,진로, 직업관, 인생이모작",https://www.hooh.kr/sub/teacher/next.asp?m_idx=27018
27148,강주영,행크에듀 강사,"경제, 부동산, 재테크, 투자",https://www.hooh.kr/sub/teacher/next.asp?m_idx=27148
27162,권종오,SBS 스포츠취재 부국장 기자,"동기부여, 프로정신, 성공, 삶의자세, 자기계발, 꿈, 비전",https://www.hooh.kr/sub/teacher/next.asp?m_idx=27162
27168,조유나,한국개척영업컨설팅연구소대표,"동기부여, 열정, 도전, 성공, 마인드셋,세일즈, 설득, 고객관리",https://www.hooh.kr/sub/teacher/next.asp?m_idx=27168
27180,김동현,봅슬레이 선수,"동기부여, 열정, 프로정신, 도전, 성공, 꿈, 마인드셋,건강, 운동,힐링, 희망, 행복",https://www.hooh.kr/sub/teacher/next.asp?m_idx=27180
27188,이영권,주식회사램즈 대표이사,"동기부여, 삶의자세,힐링, 종교, 행복, 마음",https://www.hooh.kr/sub/teacher/next.asp?m_idx=27188
27191,김수범,미리캠퍼스 대표,"동기부여, 마인드셋,AI/미래, 산업,창의/마케팅, 마케팅",https://www.hooh.kr/sub/teacher/next.asp?m_idx=27191
27195,김남희,커넥팅리더스 대표,"경영/조직, 리더십, 조직관리,소통, 커뮤니케이션, 관계,세일즈, 협상, 설득, 판매, 고객관리",https://www.hooh.kr/sub/teacher/next.asp?m_idx=27195
27200,이동현,"사고의 틀을 깨는 영어, 유튜브 ‘원깨비 영어’ 운영","교육, 자녀교육, 공부법, 입시, 부모교육, 글쓰기",https://www.hooh.kr/sub/teacher/next.asp?m_idx=27200
27201,김정란,피우스인베스트 대표,"경제, 금융, 주식, 자산관리, 재무설계, 재테크, 투자",https://www.hooh.kr/sub/teacher/next.asp?m_idx=27201
27205,최미경,윤슬교육연구소 소장,"동기부여, 자기관리,경영/조직, 리더십, 조직문화, 조직활성화,소통, 커뮤니케이션, 스피치,퍼스널브랜딩, 이미지메이킹, 퍼스널컬러, MBTI,힐링, 실습&체험,취업, 면접, 이력서(자소서), 진로, 직업관",https://www.hooh.kr/sub/teacher/next.asp?m_idx=27205
27228,유지나,동국대학교 교수,"인문학, 영화",https://www.hooh.kr/sub/teacher/next.asp?m_idx=27228
27234,잠골버스,유튜브,"힐링, 공연&강연",https://www.hooh.kr/sub/teacher/next.asp?m_idx=27234
27248,류종은,기자,"AI/미래, 트렌드, 미래기술, 로봇, 산업,교육, 글쓰기,사회/환경, 국제정세, 사회이슈",https://www.hooh.kr/sub/teacher/next.asp?m_idx=27248
27250,홍대선,작가,"동기부여,인문학, 역사, 철학, 문화",https://www.hooh.kr/sub/teacher/next.asp?m_idx=27250
27251,손현정,라이프코치,"동기부여, 도전, 성공, 자기관리, 삶의자세, 비전, 마인드셋,인문학, 세계, 문화, 뇌과학,경영/조직, 경영전략, CEO, 창업, 스타트업,퍼스널브랜딩,교육, 자녀교육, 공부법, 부모교육,창의/마케팅, 상상력,힐링, 행복, 마음, 자존감,사회/환경, 사회이슈",https://www.hooh.kr/sub/teacher/next.asp?m_idx=27251
27258,윤병호,인브릿지인 대표,"동기부여, 마인드셋,AI/미래, 트렌드, 디지털기술, 산업,경영/조직, 경영, 리더십, 조직문화, 조직관리, 목표관리, 조직활성화, 창업,소통, 프레젠테이션,퍼스널브랜딩,건강, 스트레스,교육, 글쓰기,취업, 면접, 이력서(자소서), 진로",https://www.hooh.kr/sub/teacher/next.asp?m_idx=27258
27259,이은정,열린미래교육연구원 대표원장,"퍼스널브랜딩, 이미지메이킹, 퍼스널컬러,힐링, 실습&체험",https://www.hooh.kr/sub/teacher/next.asp?m_idx=27259
27260,이지순,전문강사,"경영/조직, 리더십, 조직활성화,소통, 커뮤니케이션, 관계,퍼스널브랜딩, MBTI,힐링,사회/환경, ESG,취업, 직업관",https://www.hooh.kr/sub/teacher/next.asp?m_idx=27260
27266,장지수,라우라 파트너스 대표,"경영/조직, 리더십, 조직문화, 조직관리, 목표관리, 조직활성화,소통, 커뮤니케이션, 스피치, 프레젠테이션,퍼스널브랜딩, 이미지메이킹, CS, 퍼스널컬러,건강, 스트레스,교육, 글쓰기,창의/마케팅, 마케팅",https://www.hooh.kr/sub/teacher/next.asp?m_idx=27266
27270,이강엽,커리어튜터 대표,"동기부여, 인생스토리, 삶의자세, 자기계발,경영/조직, 창업,취업, 면접, 이력서(자소서), 진로, 직업관, 인생이모작",https://www.hooh.kr/sub/teacher/next.asp?m_idx=27270
27271,최근영,독서교육강사,"동기부여, 삶의자세,AI/미래, IT, Ai(인공지능), 융합,인문학, 영화,경영/조직, 창업,퍼스널브랜딩,교육, 자녀교육, 공부법, 입시, 독서법, 부모교육, 글쓰기,창의/마케팅, 창의력,취업, 면접, 이력서(자소서), 진로",https://www.hooh.kr/sub/teacher/next.asp?m_idx=27271
27272,노희숙,HS스마트교육센터 센터장,"경영/조직, 조직문화, 조직활성화, 협력, 협업, 상생,소통, 커뮤니케이션, 관계,건강, 스트레스, 비만, 심리,힐링, 마음",https://www.hooh.kr/sub/teacher/next.asp?m_idx=27272
27276,이해인,"커리어코칭 강사, 굿플레이스 교육컨설팅 대표","경영/조직, 리더십,소통, 커뮤니케이션, 관계,퍼스널브랜딩, 이미지메이킹, 퍼스널컬러, MBTI,창의/마케팅, 상상력,취업, 면접, 이력서(자소서), 진로, 직업관",https://www.hooh.kr/sub/teacher/next.asp?m_idx=27276
27295,박준우,노무법인 인재경영컨설팅 대표노무사,"경영/조직, 조직문화, 조직관리, 협력, 협업, 상생,교육, 성교육, 법정의무교육",https://www.hooh.kr/sub/teacher/next.asp?m_idx=27295
27296,백신영,HRD아트컨설팅 대표,"동기부여, 자기계발,경영/조직, 경영, 리더십, 조직문화, 조직관리, 목표관리, 조직활성화, 창업,소통, 커뮤니케이션, 스피치, 프레젠테이션,퍼스널브랜딩, 이미지메이킹, CS,건강, 스트레스,교육, 성교육, 법정의무교육,힐링, 실습&체험,취업",https://www.hooh.kr/sub/teacher/next.asp?m_idx=27296
27297,신원동,한국인재전략연구원 대표이사,"경영/조직, 경영, 리더십, 조직문화, 혁신, 조직관리, 목표관리, 조직활성화, 경영전략, CEO, 변화,창의/마케팅,취업, 면접, 진로",https://www.hooh.kr/sub/teacher/next.asp?m_idx=27297
27300,이재형,농협대학교 협동조합경영과 부교수,"경영/조직, 경영, 리더십, 조직문화, 조직관리, 목표관리, 조직활성화, 경영전략, 위기관리",https://www.hooh.kr/sub/teacher/next.asp?m_idx=27300
27309,김나정,작가,"인문학, 고전, 문학,교육, 독서법, 글쓰기",https://www.hooh.kr/sub/teacher/next.asp?m_idx=27309
27318,정인호,GGL리더십그룹대표,"인문학, 미술,경영/조직, 경영, 리더십, 조직문화, 혁신, 조직관리, 조직활성화, 변화, 위기관리,세일즈, 협상",https://www.hooh.kr/sub/teacher/next.asp?m_idx=27318
27319,김재은,행복플랫폼 ''''''''해피허브'''''''' 대표,"동기부여, 삶의자세,소통,건강, 스트레스, 웃음, 심리, 운동,힐링, 희망, 웃음, 행복, 마음",https://www.hooh.kr/sub/teacher/next.asp?m_idx=27319
27323,이종형,"사상의학자, 푸른섬 한의원 대표원장","건강, 스트레스, 비만, 식이요법, 한의학",https://www.hooh.kr/sub/teacher/next.asp?m_idx=27323
27324,이동조,아이디어코리아 대표,"동기부여, 자기관리, 자기계발, 비전,경영/조직, 경영, 혁신, 경영전략,퍼스널브랜딩,교육, 독서법, 글쓰기,창의/마케팅, 창의력",https://www.hooh.kr/sub/teacher/next.asp?m_idx=27324
27325,손미향,I.I.M.D 대표,"동기부여, 자기계발,경영/조직, 경영, 리더십, 조직문화, 조직관리, 목표관리, 조직활성화,소통,사회/환경, ESG",https://www.hooh.kr/sub/teacher/next.asp?m_idx=27325
27328,윤혜중,폴라리스커리어 대표,"동기부여, 자기계발,취업, 면접, 이력서(자소서), 진로, 직업관",https://www.hooh.kr/sub/teacher/next.asp?m_idx=27328
27339,정진호,더밸류즈 가치관경영연구소 소장,"경영/조직, 경영, 리더십, 조직문화, 조직관리, 목표관리, 조직활성화, 경영전략, 변화,ESG",https://www.hooh.kr/sub/teacher/next.asp?m_idx=27339
27344,이덕수,은퇴디자인연구소장,"경제, 금융, 자산관리, 재테크, 노후,취업, 인생이모작",https://www.hooh.kr/sub/teacher/next.asp?m_idx=27344
27350,황의방,황의방 한국사 연구소 소장,"동기부여, 자기관리, 꿈,인문학, 역사, 한국사,경영/조직, 리더십,소통, 커뮤니케이션,힐링, 행복",https://www.hooh.kr/sub/teacher/next.asp?m_idx=27350
27351,남기영,리드웨이브 대표,"동기부여, 자기관리, 자기계발, 꿈, 비전,경영/조직, 리더십, 조직문화, 조직관리, 조직활성화, 경영전략, 위기관리,소통, 커뮤니케이션",https://www.hooh.kr/sub/teacher/next.asp?m_idx=27351
27352,문희정,휴메인아트 스튜디오 대표,"동기부여, 삶의자세, 자기계발, 마인드셋,인문학, 미술, 예술,경영/조직, 리더십, 조직문화, 조직관리, 조직활성화, 협력, 협업, 상생,소통, 커뮤니케이션, 관계, 스피치,퍼스널브랜딩, MBTI,건강, 스트레스, 심리,힐링, 마음",https://www.hooh.kr/sub/teacher/next.asp?m_idx=27352
27358,김아현,에이스 휴먼브릿지 교육컨설팅연구소 대표,"경영/조직, 조직문화, 조직관리, 조직활성화,소통, 커뮤니케이션, 관계, 스피치,퍼스널브랜딩,건강, 스트레스, 심리,세일즈, 설득,힐링, 워라벨, 마음",https://www.hooh.kr/sub/teacher/next.asp?m_idx=27358
27360,노재영,파인드앤리커버솔루션,"동기부여, 자기관리, 자기계발, 비전,경영/조직, 목표관리",https://www.hooh.kr/sub/teacher/next.asp?m_idx=27360
27378,남상원,로프프리 대표,"동기부여, 꿈,AI/미래, Ai(인공지능),경영/조직, 스타트업,창의/마케팅, 콘텐츠, SNS,취업, 진로",https://www.hooh.kr/sub/teacher/next.asp?m_idx=27378
27382,전형원,3개국어 안내방송 버스기사,"소통, 커뮤니케이션,퍼스널브랜딩, CS,창의/마케팅, SNS",https://www.hooh.kr/sub/teacher/next.asp?m_idx=27382
27389,배티 (배상면),철벽수학 대표,"인문학,교육, 자녀교육, 공부법, 입시, 부모교육",https://www.hooh.kr/sub/teacher/next.asp?m_idx=27389
27406,김철수,프리랜서,"인문학, 세계,힐링, 행복, 여행",https://www.hooh.kr/sub/teacher/next.asp?m_idx=27406
27411,정병진,행동혁신연구소 소장,"동기부여, 열정, 도전, 삶의자세, 마인드셋,경영/조직, 조직활성화,소통, 커뮤니케이션,건강, 스트레스,힐링, 웃음, 행복, 마음",https://www.hooh.kr/sub/teacher/next.asp?m_idx=27411
27428,민경호,세계로미디어 대표,"동기부여, 자기계발,경영/조직, 창업,교육, 독서법, 글쓰기,힐링, 행복,취업, 면접, 이력서(자소서)",https://www.hooh.kr/sub/teacher/next.asp?m_idx=27428
27429,최승국,도계고등학교 교장,"동기부여, 자기관리, 삶의자세, 자기계발,교육, 자녀교육, 공부법, 입시, 부모교육",https://www.hooh.kr/sub/teacher/next.asp?m_idx=27429
27441,최유라,코딩 전문강사,"AI/미래, 디지털기술, IT, Ai(인공지능)",https://www.hooh.kr/sub/teacher/next.asp?m_idx=27441
27462,서희선,배우,"동기부여, 열정, 꿈,건강, 심리,취업, 진로, 직업관",https://www.hooh.kr/sub/teacher/next.asp?m_idx=27462
27498,강성은,캔바 전문강사,"AI/미래, Ai(인공지능),창의/마케팅, 창의력, 광고, 마케팅, 콘텐츠, SNS, 디자인",https://www.hooh.kr/sub/teacher/next.asp?m_idx=27498
27508,서연하,웰니스치유연구소 대표,"인문학, 역사, 예술,힐링, 행복, 마음, 실습&체험",https://www.hooh.kr/sub/teacher/next.asp?m_idx=27508
27524,천동희,(주)머찌동컴퍼니 대표,"동기부여, 자기계발,인문학,경제, 부동산,힐링",https://www.hooh.kr/sub/teacher/next.asp?m_idx=27524
27525,김봉준,태니지먼트 대표이사,"동기부여, 자기계발,경영/조직, 리더십, 조직문화, 조직관리, 목표관리, 조직활성화, 경영전략, 협력, 협업, 상생,소통, 커뮤니케이션",https://www.hooh.kr/sub/teacher/next.asp?m_idx=27525
27528,서점직원,UX / UI 디자이너,"AI/미래, 디지털기술, IT, Ai(인공지능), DX, 모바일웹, 비즈니스,창의/마케팅, 창의력, 디자인",https://www.hooh.kr/sub/teacher/next.asp?m_idx=27528
27529,김성연(우디),UX / UI 디자이너,"창의/마케팅, 상상력, 창의력, 콘텐츠, 디자인",https://www.hooh.kr/sub/teacher/next.asp?m_idx=27529
27530,이춘희,ux writing lab 대표,"창의/마케팅, 상상력, 창의력, 광고, 마케팅, 콘텐츠, 디자인",https://www.hooh.kr/sub/teacher/next.asp?m_idx=27530
27531,신종원,00대학 전공설계부 초빙조교수,"교육, 자녀교육, 공부법, 입시, 독서법, 부모교육, 글쓰기,취업, 진로",https://www.hooh.kr/sub/teacher/next.asp?m_idx=27531
27532,여동기,명지전문대학 겸임교수(산업경영공학과),"동기부여, 열정, 프로정신, 자기관리, 자기계발, 꿈,경영/조직, 경영, 리더십, 조직활성화, CEO, 변화,창의/마케팅, 마케팅,세일즈, 유통, 고객관리,취업, 면접, 이력서(자소서), 진로, 직업관",https://www.hooh.kr/sub/teacher/next.asp?m_idx=27532
27533,이윤설,잇컬러 대표,"인문학, 미술,퍼스널브랜딩, 이미지메이킹, 퍼스널컬러,힐링, 실습&체험",https://www.hooh.kr/sub/teacher/next.asp?m_idx=27533
27534,장기민,경희대학교 창업학 지도교수,"AI/미래, Ai(인공지능),경영/조직, 경영전략, 창업,소통, 커뮤니케이션,퍼스널브랜딩,창의/마케팅, 마케팅, 디자인,취업, 진로",https://www.hooh.kr/sub/teacher/next.asp?m_idx=27534
27535,최기일,상지대학교 군사학과 교수,"사회/환경, 남북관계, 분단, 통일",https://www.hooh.kr/sub/teacher/next.asp?m_idx=27535
27536,장순규,계명대학교 시각디자인전공 조교수,"창의/마케팅, 상상력, 창의력, 콘텐츠, 디자인",https://www.hooh.kr/sub/teacher/next.asp?m_idx=27536
27537,박수밀,한양대학교 연구교수,"인문학, 고전, 철학, 세계, 문학,교육, 글쓰기",https://www.hooh.kr/sub/teacher/next.asp?m_idx=27537
27538,김상임,블루밍경영연구소 대표코치,"동기부여, 비전,경영/조직, 리더십, 조직문화, 조직관리, 협력, 협업, 상생,소통, 커뮤니케이션,힐링, 마음",https://www.hooh.kr/sub/teacher/next.asp?m_idx=27538
27539,이희명,세계사 강사,"인문학, 역사, 세계, 한국사",https://www.hooh.kr/sub/teacher/next.asp?m_idx=27539
27542,임영균,갓기획 대표,"동기부여, 자기계발,경영/조직, 목표관리, 협력, 협업, 상생,소통, 프레젠테이션",https://www.hooh.kr/sub/teacher/next.asp?m_idx=27542
27543,김해동,계명대학교 환경공학과 교수,"인문학, 과학,사회/환경, ESG",https://www.hooh.kr/sub/teacher/next.asp?m_idx=27543
27549,김용성,충남대학교 기술교육과 교수,"AI/미래, IT, Ai(인공지능), 빅데이터, 미래기술,교육, 자녀교육, 부모교육",https://www.hooh.kr/sub/teacher/next.asp?m_idx=27549
27558,김태영,대통령실 경호처 경호안전교육원 교수,"경영/조직, 위기관리,소통, 커뮤니케이션,세일즈, 협상",https://www.hooh.kr/sub/teacher/next.asp?m_idx=27558
549,조달환,"영화배우, 캘리그라피 작가","동기부여, 열정, 인생스토리, 도전, 삶의자세, 꿈, 마인드셋,힐링, 행복",https://www.hooh.kr/sub/teacher/next.asp?m_idx=549
700,김숙기,나우미가족문화연구원 원장,"소통, 커뮤니케이션, 관계, 가족, 부부,교육, 자녀교육, 여성학, 부모교육",https://www.hooh.kr/sub/teacher/next.asp?m_idx=700
660,송동근,안양대학교 경영학과 겸임교수,"경영/조직, 리더십, 조직문화, 조직관리, 목표관리,경제, 주식, 재테크, 투자",https://www.hooh.kr/sub/teacher/next.asp?m_idx=660
661,김현아,성균관대 연기예술학과 겸임교수,"동기부여, 자기관리, 자기계발,소통, 관계, 스피치",https://www.hooh.kr/sub/teacher/next.asp?m_idx=661
663,서정민,"대학교수, 전 신문기자","인문학, 문화,힐링, 여행,사회/환경, 국제정세",https://www.hooh.kr/sub/teacher/next.asp?m_idx=663
686,신영일,"MC,전) 아나운서","동기부여, 자기계발,소통, 커뮤니케이션, 관계, 스피치, 가족",https://www.hooh.kr/sub/teacher/next.asp?m_idx=686
687,오연호,오마이뉴스 대표이사,"동기부여, 삶의자세, 자기계발, 꿈,힐링, 행복,사회/환경",https://www.hooh.kr/sub/teacher/next.asp?m_idx=687
688,박종호,풍월당 대표,"인문학, 예술, 음악,힐링, 공연&강연",https://www.hooh.kr/sub/teacher/next.asp?m_idx=688
689,박재희,민족문화컨텐츠 연구원 원장,"동기부여, 삶의자세,인문학, 역사, 고전, 문화, 한국사,경영/조직, 경영, 리더십, 조직관리, CEO, 위기관리",https://www.hooh.kr/sub/teacher/next.asp?m_idx=689
690,김종석,"개그맨, MC","동기부여, 열정, 프로정신, 인생스토리,교육, 자녀교육, 부모교육,창의/마케팅,힐링, 웃음, 유머",https://www.hooh.kr/sub/teacher/next.asp?m_idx=690
692,탁재형,"다큐멘터리PD, 여행 저널리스트","동기부여, 도전, 삶의자세,힐링, 여행",https://www.hooh.kr/sub/teacher/next.asp?m_idx=692
693,김희재,올댓스토리 대표,"AI/미래, 트렌드,인문학, 영화,창의/마케팅, 콘텐츠",https://www.hooh.kr/sub/teacher/next.asp?m_idx=693
694,김은광,익스트림 스노우보더,"동기부여, 열정, 프로정신, 인생스토리, 도전, 성공, 삶의자세, 마인드셋",https://www.hooh.kr/sub/teacher/next.asp?m_idx=694
710,강원래,"가수, 교수","동기부여, 열정, 인생스토리, 도전, 삶의자세, 마인드셋,힐링, 희망, 행복",https://www.hooh.kr/sub/teacher/next.asp?m_idx=710
711,김동현,이종격투기 선수,"동기부여, 열정, 프로정신, 인생스토리, 도전, 자기관리, 자기계발, 마인드셋,건강, 비만, 정신, 운동",https://www.hooh.kr/sub/teacher/next.asp?m_idx=711
713,강신주,철학자,"동기부여, 인생스토리, 삶의자세, 마인드셋,인문학, 역사, 고전, 철학, 문학",https://www.hooh.kr/sub/teacher/next.asp?m_idx=713
715,김지선,개그우먼,"동기부여, 인생스토리, 삶의자세, 마인드셋,건강, 웃음,교육, 자녀교육, 육아, 여성학, 부모교육,힐링, 웃음, 행복, 유머, 자존감",https://www.hooh.kr/sub/teacher/next.asp?m_idx=715
717,송샛별,스피치 강사,"동기부여, 인생스토리, 자기계발, 꿈,소통, 커뮤니케이션, 스피치, 프레젠테이션,취업, 면접",https://www.hooh.kr/sub/teacher/next.asp?m_idx=717
718,김민섭,경주요양병원 병원장,"동기부여, 인생스토리,인문학,건강, 스트레스, 의학,교육, 자녀교육, 성교육, 부모교육,힐링,취업, 진로",https://www.hooh.kr/sub/teacher/next.asp?m_idx=718
719,김윤이,고려대학교 겸임 교수,"AI/미래, 트렌드, IT, Ai(인공지능), 빅데이터, 사물인터넷, 모바일웹",https://www.hooh.kr/sub/teacher/next.asp?m_idx=719
720,서정욱,서정욱 갤러리 대표,"인문학, 철학, 미술, 예술",https://www.hooh.kr/sub/teacher/next.asp?m_idx=720
721,김대식,카이스트 교수,"AI/미래, 디지털기술, IT, Ai(인공지능), 빅데이터, 미래기술, 메타버스,인문학, 과학, 뇌과학",https://www.hooh.kr/sub/teacher/next.asp?m_idx=721
722,이재현,스카이랩씨투 대표,"소통, 커뮤니케이션, 스피치, 프레젠테이션,세일즈, 협상, 설득",https://www.hooh.kr/sub/teacher/next.asp?m_idx=722
724,임용한,KJ인문경영연구원 대표,"인문학, 역사, 고전, 세계, 문화, 한국사,경영/조직, 경영, 리더십",https://www.hooh.kr/sub/teacher/next.asp?m_idx=724
725,임원빈,해군사관학교 명예교수,"인문학, 역사, 철학, 한국사,경영/조직, 리더십, 혁신, 경영전략",https://www.hooh.kr/sub/teacher/next.asp?m_idx=725
726,이종범,"스포츠해설가, 전)야구선수","동기부여, 열정, 프로정신, 도전, 성공, 삶의자세, 마인드셋,경영/조직, 리더십",https://www.hooh.kr/sub/teacher/next.asp?m_idx=726
727,조용갑,"성악가, 전 권투선수","동기부여, 열정, 프로정신, 인생스토리, 도전, 성공, 삶의자세,인문학, 문학, 음악,힐링, 공연&강연",https://www.hooh.kr/sub/teacher/next.asp?m_idx=727
728,김광호,골프칼럼니스트,"동기부여, 인생스토리, 비전,경영/조직, 혁신, CEO, 변화,건강, 운동",https://www.hooh.kr/sub/teacher/next.asp?m_idx=728
729,김규환,"국회의원, 명장","동기부여, 열정, 인생스토리, 도전, 성공, 삶의자세, 자기계발, 꿈, 마인드셋,힐링, 희망",https://www.hooh.kr/sub/teacher/next.asp?m_idx=729
730,이해인,수녀,"동기부여, 삶의자세,인문학, 시,소통,힐링, 희망, 종교, 행복, 마음",https://www.hooh.kr/sub/teacher/next.asp?m_idx=730
731,황석영,소설가,"인문학, 문화, 문학,교육, 글쓰기",https://www.hooh.kr/sub/teacher/next.asp?m_idx=731
732,김현철,서울대학교 국제대학원 교수,"경영/조직, 경영, 리더십, 혁신, 경영전략, CEO, 변화, 위기관리",https://www.hooh.kr/sub/teacher/next.asp?m_idx=732
734,강풀,만화가,"동기부여, 열정, 삶의자세, 꿈,예술,창의/마케팅, 상상력, 창의력,취업, 진로, 직업관",https://www.hooh.kr/sub/teacher/next.asp?m_idx=734
735,홍혜걸,의학전문기자,"동기부여, 자기관리,소통, 관계, 부부,건강, 스트레스, 비만, 식이요법, 의학, 노후,교육, 자녀교육, 부모교육,힐링, 희망, 행복",https://www.hooh.kr/sub/teacher/next.asp?m_idx=735
736,조윤범,"콰르텟엑스 리더, 바이올리니스트","인문학, 예술, 문화, 음악,힐링, 공연&강연",https://www.hooh.kr/sub/teacher/next.asp?m_idx=736
737,강창희,트러스톤연금교육포럼 대표,"경제, 주식, 자산관리, 재무설계, 재테크, 투자, 노후",https://www.hooh.kr/sub/teacher/next.asp?m_idx=737
739,전원주,방송인,"동기부여, 열정, 인생스토리, 도전, 자기관리, 삶의자세, 꿈, 마인드셋,경제, 금융, 주식, 자산관리, 재테크, 투자, 노후,소통,건강, 노후,힐링, 희망, 웃음, 유머",https://www.hooh.kr/sub/teacher/next.asp?m_idx=739
650,김성곤,한국방송통신대학교 교수,"인문학, 역사, 고전",https://www.hooh.kr/sub/teacher/next.asp?m_idx=650
651,하지영,"방송인, 배우","동기부여, 열정, 인생스토리, 도전, 성공, 삶의자세, 자기계발, 꿈, 비전,소통, 커뮤니케이션,힐링, 행복",https://www.hooh.kr/sub/teacher/next.asp?m_idx=651
652,유민상,개그맨,"동기부여,소통,웃음, 유머",https://www.hooh.kr/sub/teacher/next.asp?m_idx=652
655,김준호,개그맨,"동기부여, 열정, 인생스토리, 도전, 삶의자세, 꿈, 마인드셋,경영/조직, 리더십,소통,힐링, 웃음, 행복, 유머",https://www.hooh.kr/sub/teacher/next.asp?m_idx=655
656,조유진,한국심리센터 대표,"경영/조직, 리더십, 조직관리, 조직활성화,소통, 커뮤니케이션, 관계, 가족,건강, 심리,힐링, 마음",https://www.hooh.kr/sub/teacher/next.asp?m_idx=656
657,정형권,행복한 공부 발전소 대표,"인문학, 고전,소통, 커뮤니케이션, 관계,교육, 자녀교육, 공부법, 입시, 부모교육, 글쓰기,창의/마케팅, 창의력,취업, 진로",https://www.hooh.kr/sub/teacher/next.asp?m_idx=657
618,구근회,순수교육 대표,"교육, 자녀교육, 공부법, 부모교육",https://www.hooh.kr/sub/teacher/next.asp?m_idx=618
619,오소희,INY company 소장,"동기부여, 열정, 성공, 자기관리, 비전,경영/조직, 경영, 리더십, 목표관리,소통, 커뮤니케이션,퍼스널브랜딩, 이미지메이킹, MBTI",https://www.hooh.kr/sub/teacher/next.asp?m_idx=619
620,신길자,전문강사,"동기부여, 자기관리, 자기계발,퍼스널브랜딩,취업, 면접, 이력서(자소서), 인생이모작",https://www.hooh.kr/sub/teacher/next.asp?m_idx=620
621,김시래,성균관대학교 미디어커뮤니케이션학과 겸임교수,"AI/미래, 트렌드,경영/조직, 경영전략,소통, 프레젠테이션,교육, 글쓰기,창의/마케팅, 광고, 마케팅, 콘텐츠,세일즈, 설득",https://www.hooh.kr/sub/teacher/next.asp?m_idx=621
665,주선희,대학교수,"퍼스널브랜딩, 이미지메이킹, 호감",https://www.hooh.kr/sub/teacher/next.asp?m_idx=665
666,이희수,한양대학교 교수,"인문학, 역사, 세계, 문화,사회/환경, 국제정세",https://www.hooh.kr/sub/teacher/next.asp?m_idx=666
669,두진문,전문경영인,"경영/조직, 경영, 리더십, 혁신, 목표관리, 변화,창의/마케팅, 마케팅,세일즈",https://www.hooh.kr/sub/teacher/next.asp?m_idx=669
670,김홍걸,핵심인재리더십센터 소장,"동기부여, 성공, 자기관리, 자기계발,경영/조직, 경영, 리더십, 조직문화, 조직활성화",https://www.hooh.kr/sub/teacher/next.asp?m_idx=670
674,김홍희,사진작가,"자기계발,인문학, 예술,힐링, 여행",https://www.hooh.kr/sub/teacher/next.asp?m_idx=674
675,서희태,"지휘자, 음악감독","인문학, 예술, 음악,경영/조직, 경영, 리더십, 경영전략",https://www.hooh.kr/sub/teacher/next.asp?m_idx=675
677,김철중,"신문기자, 의사","건강, 비만, 의학, 노후",https://www.hooh.kr/sub/teacher/next.asp?m_idx=677
678,김진동,BNB마케팅 대표이사,"경영/조직, 경영, 혁신, 변화,창의/마케팅, 마케팅",https://www.hooh.kr/sub/teacher/next.asp?m_idx=678
679,김주리,예라고 기업교육센터 컨설턴트,"소통, 커뮤니케이션, 스피치, 프레젠테이션,퍼스널브랜딩, 이미지메이킹, CS,세일즈, 고객관리,취업, 면접",https://www.hooh.kr/sub/teacher/next.asp?m_idx=679
680,서진규,희망연구소 소장,"동기부여, 열정, 인생스토리, 도전, 성공, 비전, 마인드셋,힐링, 희망, 행복",https://www.hooh.kr/sub/teacher/next.asp?m_idx=680
682,서수민,"전) KBS 예능 PD, (주)링가링 대표","동기부여, 열정, 프로정신, 인생스토리, 도전, 성공, 자기관리, 꿈,창의/마케팅, 창의력, 콘텐츠",https://www.hooh.kr/sub/teacher/next.asp?m_idx=682
684,주현덕,멘탈케어센터 대표,"소통, 커뮤니케이션, 관계, 가족, 부부,건강, 스트레스, 심리,힐링, 마음, 실습&체험",https://www.hooh.kr/sub/teacher/next.asp?m_idx=684
623,이기진,서강대학교 교수,"인문학, 과학,교육, 자녀교육",https://www.hooh.kr/sub/teacher/next.asp?m_idx=623
624,인재진,공연기획자,"동기부여, 열정, 도전, 성공,인문학, 예술, 문화, 음악,힐링, 공연&강연",https://www.hooh.kr/sub/teacher/next.asp?m_idx=624
627,이재목,"연애전문 컨설턴트, 작가","소통, 커뮤니케이션, 관계, 연애",https://www.hooh.kr/sub/teacher/next.asp?m_idx=627
628,남궁인,"의사, 작가","동기부여, 삶의자세,건강, 의학,힐링, 희망",https://www.hooh.kr/sub/teacher/next.asp?m_idx=628
629,엄익란,단국대연구원,"인문학, 세계, 문화",https://www.hooh.kr/sub/teacher/next.asp?m_idx=629
630,이찬우,서울사이버대학교 정보보안전공 교수,"AI/미래, IT, 정보보안",https://www.hooh.kr/sub/teacher/next.asp?m_idx=630
631,김종욱,전문강사,"동기부여, 자기관리,소통, 커뮤니케이션, 관계,퍼스널브랜딩, CS,세일즈, 고객관리,취업, 면접",https://www.hooh.kr/sub/teacher/next.asp?m_idx=631
632,남희석,개그맨,"동기부여, 열정, 자기계발,소통,힐링, 웃음, 행복, 유머",https://www.hooh.kr/sub/teacher/next.asp?m_idx=632
634,지상렬,개그맨,"동기부여, 열정, 인생스토리, 도전, 삶의자세,소통, 커뮤니케이션",https://www.hooh.kr/sub/teacher/next.asp?m_idx=634
635,국민희,(주)국민희영유아연구소 소장,"교육, 자녀교육, 육아, 인성, 부모교육",https://www.hooh.kr/sub/teacher/next.asp?m_idx=635
636,송희영,송앤파크 대표,"동기부여, 프로정신,소통, 커뮤니케이션, 스피치, 프레젠테이션,세일즈, 설득, 판매",https://www.hooh.kr/sub/teacher/next.asp?m_idx=636
637,박민우,여행작가,"동기부여, 인생스토리, 도전, 꿈, 비전,인문학, 세계, 문화,힐링, 웃음, 행복, 여행",https://www.hooh.kr/sub/teacher/next.asp?m_idx=637
638,서유헌,대학교수,"인문학, 뇌과학,교육, 자녀교육, 육아, 인성, 부모교육",https://www.hooh.kr/sub/teacher/next.asp?m_idx=638
639,권혁,한국청년창업취업연구소 대표,"동기부여, 열정, 도전, 삶의자세, 자기계발,경영/조직, 창업,취업, 진로",https://www.hooh.kr/sub/teacher/next.asp?m_idx=639
644,권태호,비즈인싸랩,"동기부여, 열정, 인생스토리, 도전, 성공,경영/조직, 협력, 협업, 상생,소통, 커뮤니케이션,세일즈, 협상, 설득, 유통, 판매, 고객관리",https://www.hooh.kr/sub/teacher/next.asp?m_idx=644
645,노정렬,개그맨,"동기부여, 열정, 인생스토리, 도전, 삶의자세,힐링, 웃음, 유머",https://www.hooh.kr/sub/teacher/next.asp?m_idx=645
646,신명진,도서관 사서,"동기부여, 열정, 인생스토리, 도전, 꿈,힐링, 희망, 행복",https://www.hooh.kr/sub/teacher/next.asp?m_idx=646
647,정문정,작가,"동기부여, 삶의자세,소통, 커뮤니케이션, 관계,교육, 글쓰기,창의/마케팅, 콘텐츠",https://www.hooh.kr/sub/teacher/next.asp?m_idx=647
648,박성준,가천대학교 경영학과 교수,"경영/조직, 경영, 리더십,경제, 경제전망, 재테크, 세무/법률,창의/마케팅, 창의력, 마케팅,세일즈, 협상, 고객관리",https://www.hooh.kr/sub/teacher/next.asp?m_idx=648
702,김성근,소프트뱅크 호크스 코치 고문,"동기부여, 열정, 프로정신, 인생스토리, 도전, 자기관리, 삶의자세, 마인드셋,경영/조직, 리더십, 조직관리, 경영전략, CEO",https://www.hooh.kr/sub/teacher/next.asp?m_idx=702
748,승효상,"건축가, 이로재 대표","동기부여, 삶의자세,인문학,창의/마케팅, 창의력, 디자인",https://www.hooh.kr/sub/teacher/next.asp?m_idx=748
749,숀리,"숀리바디스쿨 대표, 스포츠 트레이너","동기부여, 열정, 프로정신, 도전, 자기관리, 삶의자세, 자기계발, 마인드셋,건강, 비만, 식이요법, 운동",https://www.hooh.kr/sub/teacher/next.asp?m_idx=749
754,진중권,"대학교수, 비평가","인문학, 철학, 미술, 예술, 세계, 문화,사회/환경, 정치",https://www.hooh.kr/sub/teacher/next.asp?m_idx=754
755,정호승,시인,"동기부여, 삶의자세,인문학, 문학, 시,창의/마케팅, 상상력, 창의력,힐링, 희망, 행복, 마음",https://www.hooh.kr/sub/teacher/next.asp?m_idx=755
757,김수영,작가,"동기부여, 열정, 인생스토리, 도전, 꿈, 비전, 마인드셋,목표관리,힐링, 희망, 여행",https://www.hooh.kr/sub/teacher/next.asp?m_idx=757
758,임재준,SEP 컨설팅 대표(시뮬레이션 교육 전문가),"경영/조직, 경영, 혁신, 조직관리, 경영전략, 변화, 창업,창의/마케팅, 상상력, 창의력,세일즈, 협상, 설득, 판매,취업, 이력서(자소서)",https://www.hooh.kr/sub/teacher/next.asp?m_idx=758
741,이만기,"대학교수, 전 씨름 선수","동기부여, 열정, 인생스토리, 도전, 성공, 자기관리, 삶의자세, 마인드셋,건강, 식이요법, 운동",https://www.hooh.kr/sub/teacher/next.asp?m_idx=741
742,윤호일,전) 남극세종기지 대장,"동기부여, 열정, 프로정신, 도전,경영/조직, 리더십",https://www.hooh.kr/sub/teacher/next.asp?m_idx=742
743,윤태익,의식경영컨설팅 대표,"동기부여, 삶의자세, 자기계발,경영/조직, 경영, 리더십, 협력, 협업, 상생,소통, 커뮤니케이션, 관계, 부부,힐링, 행복, 마음, 공연&강연",https://www.hooh.kr/sub/teacher/next.asp?m_idx=743
744,우지원,"스포츠인, 방송인","동기부여, 열정, 프로정신, 인생스토리, 도전, 성공, 자기관리, 꿈",https://www.hooh.kr/sub/teacher/next.asp?m_idx=744
746,신현만,커리어케어 회장,"동기부여, 프로정신,경영/조직, 경영, 리더십, 조직문화, 혁신, 조직관리, 목표관리, 경영전략, CEO, 위기관리",https://www.hooh.kr/sub/teacher/next.asp?m_idx=746
704,이상헌,작가,"동기부여, 성공, 삶의자세, 자기계발,소통, 커뮤니케이션,힐링, 행복",https://www.hooh.kr/sub/teacher/next.asp?m_idx=704
705,김성민,아이웰콘텐츠 대표,"동기부여, 열정, 도전, 성공, 자기계발, 꿈, 비전,창의/마케팅, 창의력",https://www.hooh.kr/sub/teacher/next.asp?m_idx=705
706,금난새,"지휘자, 음악감독","인문학, 예술, 음악,경영/조직, 리더십, 혁신",https://www.hooh.kr/sub/teacher/next.asp?m_idx=706
708,권오중,권오중 여성외과의원 원장,"삶의자세,소통,건강, 비만, 식이요법, 의학, 노후",https://www.hooh.kr/sub/teacher/next.asp?m_idx=708
774,이상훈,개그맨,"동기부여, 열정, 인생스토리, 도전, 삶의자세, 꿈, 마인드셋,소통,힐링, 웃음, 행복, 마음",https://www.hooh.kr/sub/teacher/next.asp?m_idx=774
775,서남용,개그맨,"동기부여, 열정, 인생스토리, 도전, 삶의자세,소통, 가족,힐링, 웃음, 행복, 유머",https://www.hooh.kr/sub/teacher/next.asp?m_idx=775
776,이문재,개그맨,"동기부여, 열정, 인생스토리, 도전, 삶의자세, 꿈,힐링, 웃음",https://www.hooh.kr/sub/teacher/next.asp?m_idx=776
777,최재봉,족장에프앤비 대표,"경영/조직, 창업, 스타트업,글쓰기,창의/마케팅, 마케팅, SNS",https://www.hooh.kr/sub/teacher/next.asp?m_idx=777
778,박철범,"데이스터디 대표, 변호사","교육, 자녀교육, 공부법, 부모교육",https://www.hooh.kr/sub/teacher/next.asp?m_idx=778
779,김민서,경매MC,"동기부여, 열정, 프로정신, 인생스토리, 도전, 성공, 자기계발, 꿈,경제, 경매,힐링, 실습&체험",https://www.hooh.kr/sub/teacher/next.asp?m_idx=779
780,곽금주,서울대학교 심리학과 교수,"동기부여, 삶의자세,소통, 관계, 가족,건강, 심리, 정신,교육, 자녀교육",https://www.hooh.kr/sub/teacher/next.asp?m_idx=780
782,이재범,"작가, 프리랜서","인문학, 문학,경제, 부동산, 투자, 경매,교육, 글쓰기",https://www.hooh.kr/sub/teacher/next.asp?m_idx=782
783,고혜성,"개그맨, ㈜자신감대통령 대표이사","동기부여, 열정, 인생스토리, 도전, 성공, 삶의자세, 자기계발, 꿈,힐링, 희망, 웃음",https://www.hooh.kr/sub/teacher/next.asp?m_idx=783
784,고승덕,"변호사, 전)국회의원","동기부여, 열정, 인생스토리, 도전, 삶의자세, 자기계발, 비전,교육, 자녀교육, 공부법, 입시, 부모교육",https://www.hooh.kr/sub/teacher/next.asp?m_idx=784
770,이상구,개그맨,"동기부여, 열정, 인생스토리, 도전,소통,힐링, 웃음, 유머",https://www.hooh.kr/sub/teacher/next.asp?m_idx=770
771,이종훈,개그맨,"동기부여, 열정, 인생스토리, 도전, 자기관리, 꿈,건강, 비만, 운동,힐링, 웃음",https://www.hooh.kr/sub/teacher/next.asp?m_idx=771
761,남재현,의사,"건강, 스트레스, 비만, 의학, 노후, 심리",https://www.hooh.kr/sub/teacher/next.asp?m_idx=761
762,김홍신,"소설가, 전 대학교수","동기부여, 삶의자세, 마인드셋,인문학, 역사, 한국사, 문학",https://www.hooh.kr/sub/teacher/next.asp?m_idx=762
763,이윤석,개그맨,"동기부여, 열정, 도전, 성공, 꿈,소통,힐링, 웃음, 행복, 유머",https://www.hooh.kr/sub/teacher/next.asp?m_idx=763
764,김학래,"개그맨, 차이나린찐 대표","동기부여, 인생스토리, 도전, 성공, 삶의자세,경영/조직, 창업,세일즈, 고객관리,힐링, 웃음, 유머",https://www.hooh.kr/sub/teacher/next.asp?m_idx=764
788,김소형,한의사,"동기부여, 도전, 자기관리,건강, 비만, 식이요법, 한의학,교육, 여성학",https://www.hooh.kr/sub/teacher/next.asp?m_idx=788
789,최준영,"작가, 대학교수","인문학, 문학,교육, 독서법, 글쓰기",https://www.hooh.kr/sub/teacher/next.asp?m_idx=789
790,신명섭,Plus X 대표,"동기부여, 프로정신, 인생스토리, 자기계발,창의/마케팅, 마케팅, 콘텐츠, 디자인",https://www.hooh.kr/sub/teacher/next.asp?m_idx=790
791,박은지,"MC, 전) 기상캐스터","동기부여, 열정, 프로정신, 인생스토리, 도전, 자기관리, 삶의자세, 꿈, 마인드셋",https://www.hooh.kr/sub/teacher/next.asp?m_idx=791
794,이현민,스포츠 트레이너,"동기부여, 자기관리, 자기계발,건강, 비만, 식이요법, 운동",https://www.hooh.kr/sub/teacher/next.asp?m_idx=794
795,심흥섭,동양대학교 교수,"창의/마케팅, 마케팅, SNS,세일즈",https://www.hooh.kr/sub/teacher/next.asp?m_idx=795
797,전창현,SHE인재개발센터 대표,"동기부여, 인생스토리, 도전,창업,소통, 커뮤니케이션, 스피치,퍼스널브랜딩, 이미지메이킹, 호감",https://www.hooh.kr/sub/teacher/next.asp?m_idx=797
798,이지훈,세종대학교 경영학과 교수,"동기부여, 성공, 삶의자세, 비전,소통, 커뮤니케이션",https://www.hooh.kr/sub/teacher/next.asp?m_idx=798
800,김재범,유도선수,"동기부여, 열정, 프로정신, 인생스토리, 도전, 자기관리, 삶의자세, 꿈, 마인드셋,건강, 운동",https://www.hooh.kr/sub/teacher/next.asp?m_idx=800
801,김학도,개그맨,"동기부여, 열정, 도전,소통,힐링, 웃음, 행복, 유머",https://www.hooh.kr/sub/teacher/next.asp?m_idx=801
802,김영수,사학자,"인문학, 역사, 고전,경영/조직, 리더십, CEO",https://www.hooh.kr/sub/teacher/next.asp?m_idx=802
803,김소현,"뮤지컬배우, 오페라가수","동기부여, 열정, 프로정신, 인생스토리, 도전, 성공, 자기관리, 삶의자세, 마인드셋,힐링, 공연&강연",https://www.hooh.kr/sub/teacher/next.asp?m_idx=803
804,김윤규,청년장사꾼 대표,"동기부여, 열정, 도전, 삶의자세,세일즈, 판매",https://www.hooh.kr/sub/teacher/next.asp?m_idx=804
751,박경철,"의사, 칼럼니스트","동기부여, 열정, 도전, 삶의자세, 자기계발, 마인드셋,인문학, 고전,창의/마케팅, 창의력,힐링, 나눔",https://www.hooh.kr/sub/teacher/next.asp?m_idx=751
806,홍성국,혜안 리서치 대표,"경제, 경제전망, 투자,사회/환경, 국제정세",https://www.hooh.kr/sub/teacher/next.asp?m_idx=806
808,허성도,서울대학교 명예교수,"인문학, 역사, 고전, 한국사,교육, 자녀교육, 공부법",https://www.hooh.kr/sub/teacher/next.asp?m_idx=808
809,최재윤,크로스경영연구소 대표이사,"인문학,경영/조직, 경영, 리더십, 조직문화, 혁신, 조직관리, 경영전략, CEO, 변화",https://www.hooh.kr/sub/teacher/next.asp?m_idx=809
811,김대현,이십일세기미디어닷컴 대표 컨설턴트,"동기부여, 성공,경영/조직, 조직문화, 조직활성화,소통, 커뮤니케이션, 스피치, 가족, 부부,세일즈, 협상, 설득, 판매",https://www.hooh.kr/sub/teacher/next.asp?m_idx=811
813,박인옥,한국교육협회 원장,"동기부여, 자기계발,소통, 커뮤니케이션, 관계, 스피치, 가족,퍼스널브랜딩, 이미지메이킹,건강, 스트레스, 웃음,힐링, 웃음, 행복, 유머",https://www.hooh.kr/sub/teacher/next.asp?m_idx=813
814,이희아,피아니스트,"동기부여, 인생스토리, 삶의자세, 마인드셋,힐링, 행복, 마음",https://www.hooh.kr/sub/teacher/next.asp?m_idx=814
815,권경민,"작가, 기업인","동기부여, 성공, 자기계발,경영/조직, 경영, 경영전략,창의/마케팅, 마케팅,세일즈",https://www.hooh.kr/sub/teacher/next.asp?m_idx=815
817,홍록기,"개그맨, 뮤지컬배우","동기부여, 열정, 인생스토리, 도전,소통, 연애,힐링, 웃음, 유머",https://www.hooh.kr/sub/teacher/next.asp?m_idx=817
818,현정화,전)탁구선수,"동기부여, 열정, 프로정신, 인생스토리, 도전, 성공, 삶의자세, 자기계발, 꿈,건강, 운동",https://www.hooh.kr/sub/teacher/next.asp?m_idx=818
819,정철,정철 카피 대표,"인문학,변화,교육, 부모교육, 글쓰기,창의/마케팅, 상상력, 창의력",https://www.hooh.kr/sub/teacher/next.asp?m_idx=819
821,김진혁,한양대학교 대학원 교수,"동기부여, 프로정신, 자기계발, 비전,인문학,경영/조직, 리더십, 혁신, 조직관리, 조직활성화, 변화,소통, 커뮤니케이션, 프레젠테이션",https://www.hooh.kr/sub/teacher/next.asp?m_idx=821
822,최성애,에이치디행복연구소 소장,"소통, 커뮤니케이션, 관계, 가족, 부부,건강, 심리,교육, 자녀교육, 육아, 인성, 부모교육",https://www.hooh.kr/sub/teacher/next.asp?m_idx=822
823,정경미,개그우먼,"동기부여, 열정, 프로정신, 인생스토리, 도전, 꿈, 마인드셋,힐링, 웃음, 유머",https://www.hooh.kr/sub/teacher/next.asp?m_idx=823
824,정덕희,"시인, 방송인","동기부여, 프로정신, 인생스토리, 삶의자세,소통, 가족,교육, 여성학,힐링, 행복",https://www.hooh.kr/sub/teacher/next.asp?m_idx=824
825,임춘식,한남대학교 명예교수,"경제, 노후,건강, 노후,취업, 인생이모작",https://www.hooh.kr/sub/teacher/next.asp?m_idx=825
826,전옥표,위닝경영연구소 소장,"동기부여, 열정, 성공, 삶의자세, 자기계발, 마인드셋,경영/조직, 리더십, 조직문화, 혁신, 조직관리, 목표관리, 조직활성화, 변화,창의/마케팅, 창의력",https://www.hooh.kr/sub/teacher/next.asp?m_idx=826
827,민율미,한국패션심리연구원 대표,"퍼스널브랜딩, 이미지메이킹, 뷰티, 패션, 퍼스널컬러, 호감, 스타일링",https://www.hooh.kr/sub/teacher/next.asp?m_idx=827
828,전경일,인문경영연구소 소장,"인문학, 한국사,경영/조직, 경영, 리더십, 혁신, 경영전략, 위기관리, 협력, 협업, 상생",https://www.hooh.kr/sub/teacher/next.asp?m_idx=828
829,김중근,한국시민교육개발원 대표,"소통, 관계,힐링, 행복",https://www.hooh.kr/sub/teacher/next.asp?m_idx=829
830,권기훈,소믈리에,"인문학, 문화,힐링, 실습&체험",https://www.hooh.kr/sub/teacher/next.asp?m_idx=830
833,이사부,"팬텀엔터테인먼트 이사, 전) MBC 아나운서","동기부여, 자기관리,경영/조직, 리더십, 조직활성화,소통, 커뮤니케이션, 관계,건강, 스트레스,힐링, 행복, 마음, 자존감",https://www.hooh.kr/sub/teacher/next.asp?m_idx=833
835,박태윤,메이크업 아티스트,"동기부여,퍼스널브랜딩, 이미지메이킹, 뷰티, 스타일링",https://www.hooh.kr/sub/teacher/next.asp?m_idx=835
836,송영수,"한양대학교 리더십센터장, 교수","경영/조직, 경영, 리더십, 조직문화, 조직관리, 조직활성화, 경영전략, 변화",https://www.hooh.kr/sub/teacher/next.asp?m_idx=836
838,명승은,벤처스퀘어 대표이사,"동기부여, 도전, 성공, 비전,경영/조직, 창업, 스타트업,창의/마케팅, 마케팅, 콘텐츠",https://www.hooh.kr/sub/teacher/next.asp?m_idx=838
449,이진관,가수,"동기부여, 열정, 성공, 삶의자세,힐링, 마음, 공연&강연",https://www.hooh.kr/sub/teacher/next.asp?m_idx=449
450,김지양,"플러스 사이즈 모델, 육육일공공프레스 대표","동기부여, 자기관리, 마인드셋,퍼스널브랜딩, 이미지메이킹, 패션, 호감,힐링, 자존감",https://www.hooh.kr/sub/teacher/next.asp?m_idx=450
452,임현규,대한민국 5호 UFC 리거,"동기부여, 열정, 프로정신, 인생스토리, 도전, 자기관리, 꿈, 마인드셋,건강, 운동",https://www.hooh.kr/sub/teacher/next.asp?m_idx=452
453,하윤서,전문강사,"경영/조직, 리더십,소통, 커뮤니케이션, 스피치,교육, 인성, 법정의무교육",https://www.hooh.kr/sub/teacher/next.asp?m_idx=453
454,신동휴,한국자산관리 연구소 대표,"경제, 자산관리, 부동산, 재테크, 경매, 노후",https://www.hooh.kr/sub/teacher/next.asp?m_idx=454
443,김광현,"서울대학교 건축학과 명예교수, 건축가","인문학, 예술, 문화, 한국사",https://www.hooh.kr/sub/teacher/next.asp?m_idx=443
445,강재헌,의사,"건강, 비만, 식이요법, 의학",https://www.hooh.kr/sub/teacher/next.asp?m_idx=445
446,전병준,중앙대학교 교수,"경영, 리더십, 조직관리,소통",https://www.hooh.kr/sub/teacher/next.asp?m_idx=446
426,복주환,생각정리클래스 대표,"소통, 커뮤니케이션, 스피치,교육, 공부법, 독서법, 글쓰기,창의/마케팅, 창의력",https://www.hooh.kr/sub/teacher/next.asp?m_idx=426
427,최용진,한국퍼실리데이션협회 이사장,"경영/조직, 리더십, 조직문화, 조직관리, 조직활성화, 창업,소통, 커뮤니케이션,건강, 스트레스,취업, 진로",https://www.hooh.kr/sub/teacher/next.asp?m_idx=427
436,박용환,하랑한의원 원장,"건강, 스트레스, 비만, 식이요법, 한의학",https://www.hooh.kr/sub/teacher/next.asp?m_idx=436
437,송인혁,작가,"동기부여, 열정,AI/미래, 트렌드,경영/조직, 조직문화, 혁신, 조직활성화, 변화,소통, 커뮤니케이션,창의/마케팅, 상상력, 창의력, 광고, 마케팅, 콘텐츠",https://www.hooh.kr/sub/teacher/next.asp?m_idx=437
430,조용호,글로벌미래교육원 원장(대표이사),"AI/미래, Ai(인공지능), 산업,인문학, 뇌과학,취업, 인생이모작",https://www.hooh.kr/sub/teacher/next.asp?m_idx=430
431,이지희,(주)글로벌에스엠아이 대표이사,"동기부여, 꿈, 비전,경영/조직, 리더십, 조직활성화, 협력, 협업, 상생,소통, 커뮤니케이션, 스피치,힐링, 나눔, 봉사",https://www.hooh.kr/sub/teacher/next.asp?m_idx=431
432,김진혁,EBS프로듀서,"인문학, 문화,소통, 커뮤니케이션,창의/마케팅, 창의력, 콘텐츠,사회/환경",https://www.hooh.kr/sub/teacher/next.asp?m_idx=432
433,이폼,이폼 공간 스타일링 대표,"힐링, 행복",https://www.hooh.kr/sub/teacher/next.asp?m_idx=433
434,전원책,"변호사, 시인","인문학, 문학,힐링, 종교,사회/환경, 정치, 남북관계, 국제정세",https://www.hooh.kr/sub/teacher/next.asp?m_idx=434
384,반이정,미술평론가,"동기부여, 성공,인문학, 미술, 예술, 세계",https://www.hooh.kr/sub/teacher/next.asp?m_idx=384
385,황상민,심리학자,"소통,건강, 스트레스, 심리, 정신,힐링, 행복, 마음",https://www.hooh.kr/sub/teacher/next.asp?m_idx=385
386,구본권,한겨레신문사 선임기자,"AI/미래, 디지털기술, IT, Ai(인공지능), 로봇,인문학, 철학,교육, 자녀교육, 부모교육",https://www.hooh.kr/sub/teacher/next.asp?m_idx=386
387,정범희,생각트레이닝 연구소 소장,"동기부여, 자기관리, 삶의자세, 자기계발, 마인드셋",https://www.hooh.kr/sub/teacher/next.asp?m_idx=387
388,이승주,"화가, 텍스타일 디자이너","동기부여, 열정, 도전, 자기계발, 꿈,인문학, 미술, 예술,창의/마케팅, SNS, 디자인,취업, 진로",https://www.hooh.kr/sub/teacher/next.asp?m_idx=388
389,윤성임,소셜앤비즈 대표,"AI/미래, 트렌드, 디지털기술, IT, Ai(인공지능), 빅데이터, 미래기술, 사물인터넷, 산업, 융합, 메타버스,경영/조직, 창업,창의/마케팅, 광고, 마케팅, 콘텐츠, SNS,취업, 진로, 직업관",https://www.hooh.kr/sub/teacher/next.asp?m_idx=389
390,홍의숙,인코칭 회장,"경영/조직, 리더십, 조직문화, 조직관리, 조직활성화, CEO, 협력, 협업, 상생,소통, 커뮤니케이션",https://www.hooh.kr/sub/teacher/next.asp?m_idx=390
419,조경민,"야생형 마케터, 우주비행사 대표","동기부여, 열정, 도전, 성공, 삶의자세, 자기계발, 꿈, 비전,경영/조직, 창업, 스타트업,창의/마케팅, 마케팅, 콘텐츠",https://www.hooh.kr/sub/teacher/next.asp?m_idx=419
420,양정숙,위로 (Wero) 대표,"동기부여, 인생스토리, 도전, 삶의자세, 꿈, 마인드셋,교육, 부모교육,힐링, 희망, 행복, 마음",https://www.hooh.kr/sub/teacher/next.asp?m_idx=420
421,강주원,"작가, 러너, 유튜버","동기부여, 열정, 도전, 자기관리, 삶의자세, 자기계발, 꿈, 비전, 마인드셋,경영/조직, 창업, 스타트업,건강, 운동,힐링, 여행,취업, 진로",https://www.hooh.kr/sub/teacher/next.asp?m_idx=421
422,유열,"가수, 뮤지컬 제작자","동기부여,인문학, 문화,교육, 자녀교육, 부모교육,힐링, 행복",https://www.hooh.kr/sub/teacher/next.asp?m_idx=422
424,박상배,작가,"동기부여, 자기관리, 자기계발,경영/조직, 리더십, 목표관리,교육, 독서법",https://www.hooh.kr/sub/teacher/next.asp?m_idx=424
415,박종일,브랜즈컴퍼니 대표,"AI/미래, 트렌드, IT, 모바일웹, 융합",https://www.hooh.kr/sub/teacher/next.asp?m_idx=415
342,한재권,로봇공학자,"AI/미래, 트렌드, 미래기술, 로봇, 융합,인문학, 과학,경영/조직, 스타트업",https://www.hooh.kr/sub/teacher/next.asp?m_idx=342
343,신상옥,힐링원예치료가,"건강, 식이요법,힐링, 마음, 나눔",https://www.hooh.kr/sub/teacher/next.asp?m_idx=343
468,노규식,노규식공부두뇌연구원 원장,"인문학, 뇌과학,건강, 의학, 심리, 정신,교육, 자녀교육, 공부법, 육아, 인성, 부모교육",https://www.hooh.kr/sub/teacher/next.asp?m_idx=468
469,김성은,김성은 발달음악연구원 원장,"인문학, 음악,소통, 커뮤니케이션,교육, 자녀교육, 육아",https://www.hooh.kr/sub/teacher/next.asp?m_idx=469
470,백수연,한국청소년재단 독산청소년문화의집 관장,"동기부여, 자기계발, 꿈, 비전,취업, 진로",https://www.hooh.kr/sub/teacher/next.asp?m_idx=470
471,이준형,에듀콘 대표,"동기부여, 열정, 인생스토리, 도전, 삶의자세, 꿈,힐링, 행복, 공연&강연,취업, 진로",https://www.hooh.kr/sub/teacher/next.asp?m_idx=471
472,유근용,"작가, 부동산컨설턴트","동기부여, 자기계발,경제, 부동산, 재테크, 투자, 경매,교육, 독서법, 글쓰기",https://www.hooh.kr/sub/teacher/next.asp?m_idx=472
473,선현우,Talk to me in korea 대표,"동기부여, 열정, 프로정신, 인생스토리, 자기계발,교육, 자녀교육, 공부법,취업, 진로",https://www.hooh.kr/sub/teacher/next.asp?m_idx=473
474,양소영,변호사,"동기부여, 삶의자세, 비전,소통, 커뮤니케이션, 관계, 가족, 부부,교육, 자녀교육, 여성학, 부모교육,힐링, 자존감",https://www.hooh.kr/sub/teacher/next.asp?m_idx=474
476,문성욱,문선생의 독설사탐 대표,"인문학, 고전, 철학, 문화",https://www.hooh.kr/sub/teacher/next.asp?m_idx=476
477,김태용,클래식 칼럼니스트,"인문학, 예술, 세계, 음악,힐링",https://www.hooh.kr/sub/teacher/next.asp?m_idx=477
478,이장주,이락디지털문화연구소 소장,"소통,심리",https://www.hooh.kr/sub/teacher/next.asp?m_idx=478
479,박호근,하프타임코리아 대표,"동기부여, 인생스토리, 삶의자세, 자기계발, 비전,경제, 노후,소통, 가족, 부부,취업, 인생이모작",https://www.hooh.kr/sub/teacher/next.asp?m_idx=479
480,최형욱,퓨처디자이너스 대표,"AI/미래, 트렌드, IT, 미래기술, 사물인터넷, 비즈니스, 메타버스,경제",https://www.hooh.kr/sub/teacher/next.asp?m_idx=480
481,오준원,㈜젬블로 대표이사,"자기계발,인문학, 세계, 문화,교육, 자녀교육,힐링",https://www.hooh.kr/sub/teacher/next.asp?m_idx=481
482,김헌식,"문화평론가,교육인, 경제평론가","인문학, 역사, 예술, 문화, 한국사",https://www.hooh.kr/sub/teacher/next.asp?m_idx=482
457,김기태,김기태의 공감스피치아카데미 원장,"소통, 스피치, 프레젠테이션,건강, 스트레스, 심리,힐링, 행복,취업, 면접",https://www.hooh.kr/sub/teacher/next.asp?m_idx=457
458,이수연,한국스피치교육연구소 소장,"소통, 커뮤니케이션, 관계, 스피치, 프레젠테이션,퍼스널브랜딩, 이미지메이킹,취업, 면접",https://www.hooh.kr/sub/teacher/next.asp?m_idx=458
459,마크테토,기업인,"인문학, 예술, 문화,경영/조직, 경영, 조직문화, CEO, 창업, 스타트업,창의/마케팅, 콘텐츠,취업",https://www.hooh.kr/sub/teacher/next.asp?m_idx=459
460,고란,유튜브 ‘알고란’ 채널 대표,"경제, 금융, 주식, 자산관리, 경제전망, 재테크, 투자, 디지털자산",https://www.hooh.kr/sub/teacher/next.asp?m_idx=460
461,이승엽,전) 야구선수,"동기부여, 열정, 프로정신, 인생스토리, 도전, 성공, 마인드셋,경영/조직, 리더십",https://www.hooh.kr/sub/teacher/next.asp?m_idx=461
462,조진표,"기업인, 컨설턴트","교육, 자녀교육, 부모교육,취업, 진로",https://www.hooh.kr/sub/teacher/next.asp?m_idx=462
463,김나옥,벤자민인성영재학교 교장,"인문학, 뇌과학,교육, 자녀교육, 공부법, 인성, 부모교육,창의/마케팅, 창의력,취업, 진로",https://www.hooh.kr/sub/teacher/next.asp?m_idx=463
464,정상진,성과경영연구소 대표,"경영/조직, 경영, 리더십, 조직문화, 조직관리, 목표관리, 조직활성화, 경영전략, 위기관리, 협력, 협업, 상생,소통, 커뮤니케이션",https://www.hooh.kr/sub/teacher/next.asp?m_idx=464
501,이랑주,비주얼 머천다이저,"창의/마케팅, 광고, 마케팅,세일즈, 유통, 판매",https://www.hooh.kr/sub/teacher/next.asp?m_idx=501
502,박초롱,스포츠트레이너,"동기부여, 자기관리,건강, 비만,힐링, 실습&체험",https://www.hooh.kr/sub/teacher/next.asp?m_idx=502
503,이종호,한국과학저술인협회 회장,"인문학, 역사, 문화, 한국사, 과학",https://www.hooh.kr/sub/teacher/next.asp?m_idx=503
505,박형철,KPMG 부대표(인사조직 컨설팅 부문 리더),"경영/조직, 조직문화, 혁신, 조직관리, 조직활성화, 경영전략, 변화",https://www.hooh.kr/sub/teacher/next.asp?m_idx=505
506,강동우,"의사, 소설가","소통, 관계, 부부,건강, 의학,교육, 자녀교육, 성교육,힐링, 행복",https://www.hooh.kr/sub/teacher/next.asp?m_idx=506
507,염창환,염창환병원 원장,"건강, 스트레스, 식이요법, 의학",https://www.hooh.kr/sub/teacher/next.asp?m_idx=507
508,이주진,인덕대학교 취업면접 지도교수,"소통, 커뮤니케이션, 스피치,취업, 면접",https://www.hooh.kr/sub/teacher/next.asp?m_idx=508
509,진천규,통일TV 대표,"사회/환경, 남북관계, 분단, 통일",https://www.hooh.kr/sub/teacher/next.asp?m_idx=509
510,김시완,미다의원 원장,"건강, 비만, 식이요법, 의학, 운동",https://www.hooh.kr/sub/teacher/next.asp?m_idx=510
511,장진우,기업인,"동기부여, 열정, 인생스토리, 도전, 성공, 삶의자세, 자기계발, 꿈, 비전,경영/조직, 창업",https://www.hooh.kr/sub/teacher/next.asp?m_idx=511
512,박광수,만화가,"동기부여, 열정, 꿈, 비전,창의/마케팅, 상상력, 창의력, 콘텐츠",https://www.hooh.kr/sub/teacher/next.asp?m_idx=512
514,김성삼,대구한의대학교 교수,"인문학, 예술, 영화,경영/조직, 리더십, CEO,건강, 심리",https://www.hooh.kr/sub/teacher/next.asp?m_idx=514
515,이경우,"교육인, 쇼핑호스트","소통, 커뮤니케이션, 스피치,세일즈, 협상, 설득, 고객관리",https://www.hooh.kr/sub/teacher/next.asp?m_idx=515
516,이고운영,쇼핑호스트,"동기부여, 삶의자세, 비전,소통,세일즈, 협상, 설득",https://www.hooh.kr/sub/teacher/next.asp?m_idx=516
517,박종우,고려대학교 민족문화연구원 연구교수,"인문학, 역사, 고전, 문화, 한국사, 문학",https://www.hooh.kr/sub/teacher/next.asp?m_idx=517
518,문단열,교육인,"동기부여, 열정, 인생스토리, 도전, 자기계발,교육, 자녀교육, 공부법, 부모교육",https://www.hooh.kr/sub/teacher/next.asp?m_idx=518
519,박종기,국민대 국사학과 명예교수,"인문학, 역사, 고전, 문화, 한국사, 문학",https://www.hooh.kr/sub/teacher/next.asp?m_idx=519
520,조정래,소설가,"동기부여, 인생스토리, 삶의자세,인문학, 역사, 고전, 한국사, 문학",https://www.hooh.kr/sub/teacher/next.asp?m_idx=520
584,권대석,클루닉스 대표,"AI/미래, 디지털기술, IT, Ai(인공지능), 빅데이터, 미래기술",https://www.hooh.kr/sub/teacher/next.asp?m_idx=584
585,송은영,이미지 브랜딩 코치,"소통, 커뮤니케이션, 스피치, 가족, 프레젠테이션,퍼스널브랜딩, 이미지메이킹, CS",https://www.hooh.kr/sub/teacher/next.asp?m_idx=585
586,방우정,MC리더스 대표,"동기부여, 열정, 꿈,경영/조직, 리더십,소통, 커뮤니케이션, 관계, 스피치,힐링, 웃음, 유머",https://www.hooh.kr/sub/teacher/next.asp?m_idx=586
588,김진,김진교육개발원 대표,"교육, 입시,취업, 진로, 직업관",https://www.hooh.kr/sub/teacher/next.asp?m_idx=588
589,이만수,"야구감독, 전 야구선수","동기부여, 열정, 프로정신, 인생스토리, 도전, 성공, 비전, 마인드셋",https://www.hooh.kr/sub/teacher/next.asp?m_idx=589
590,이순실,비젼포 대표,"동기부여, 열정, 인생스토리, 도전, 삶의자세, 꿈,인문학, 문화,힐링, 희망,사회/환경, 남북관계, 분단",https://www.hooh.kr/sub/teacher/next.asp?m_idx=590
591,이지연,"MC, 전)아나운서","동기부여,소통, 커뮤니케이션, 스피치, 가족",https://www.hooh.kr/sub/teacher/next.asp?m_idx=591
592,오찬호,"작가, 연구인","인문학,사회/환경, 사회이슈",https://www.hooh.kr/sub/teacher/next.asp?m_idx=592
593,정철상,인재개발 연구소 대표,"동기부여, 인생스토리, 도전, 자기관리, 자기계발, 비전, 마인드셋,인문학, 영화,경영/조직, 리더십, 조직관리, 창업, 스타트업,소통, 커뮤니케이션, 스피치, 프레젠테이션,퍼스널브랜딩, MBTI,교육, 독서법, 인성, 글쓰기,창의/마케팅, 콘텐츠, SNS,힐링, 행복, 자존감,취업, 면접, 이력서(자소서), 진로, 직업관",https://www.hooh.kr/sub/teacher/next.asp?m_idx=593
439,김남국,신문기자,"경영/조직, 경영, 혁신, 경영전략, 변화, 위기관리",https://www.hooh.kr/sub/teacher/next.asp?m_idx=439
440,주철환,아주대학교 문화콘텐츠학과 교수,"동기부여, 인생스토리, 도전,인문학, 철학, 문화,경영/조직, 리더십, 변화,창의/마케팅",https://www.hooh.kr/sub/teacher/next.asp?m_idx=440
495,이상벽,"문화기관단체인, 방송인","동기부여, 인생스토리, 삶의자세, 마인드셋,소통,힐링, 나눔,취업, 인생이모작",https://www.hooh.kr/sub/teacher/next.asp?m_idx=495
538,이경희,한의사,"건강, 비만, 식이요법, 한의학",https://www.hooh.kr/sub/teacher/next.asp?m_idx=538
540,이경희,창업전략연구소 소장,"동기부여, 도전, 성공,경영/조직, 리더십, 경영전략, 창업,창의/마케팅, 마케팅",https://www.hooh.kr/sub/teacher/next.asp?m_idx=540
541,김이섭,명지대 연구교수,"삶의자세,소통,인성, 글쓰기,행복",https://www.hooh.kr/sub/teacher/next.asp?m_idx=541
545,석혜림,쇼핑호스트,"동기부여, 성공, 자기관리, 자기계발,소통, 커뮤니케이션, 스피치,세일즈, 설득, 판매,힐링, 워라벨",https://www.hooh.kr/sub/teacher/next.asp?m_idx=545
546,강레오,요리연구가,"동기부여, 열정, 프로정신, 도전, 비전, 마인드셋,리더십",https://www.hooh.kr/sub/teacher/next.asp?m_idx=546
547,이병률,"시인, 방송작가","동기부여, 인생스토리, 삶의자세,인문학, 문학, 시,힐링, 행복, 마음, 여행",https://www.hooh.kr/sub/teacher/next.asp?m_idx=547
606,우실하,항공대 교수,"인문학, 역사, 철학, 세계, 문화, 문학",https://www.hooh.kr/sub/teacher/next.asp?m_idx=606
607,오중석,사진작가,"동기부여, 열정, 프로정신, 도전,인문학,힐링",https://www.hooh.kr/sub/teacher/next.asp?m_idx=607
608,이인철,변호사,"경제, 세무/법률,소통, 부부",https://www.hooh.kr/sub/teacher/next.asp?m_idx=608
609,강윤선,준오헤어 대표,"동기부여, 열정, 인생스토리, 도전, 성공, 자기관리, 삶의자세, 꿈, 비전, 마인드셋,경영/조직, 경영, 리더십, 경영전략, CEO, 창업,경제, 재테크,교육, 독서법,세일즈, 고객관리,힐링, 행복",https://www.hooh.kr/sub/teacher/next.asp?m_idx=609
610,고영하,고벤처포럼 회장,"경영/조직, 창업, 스타트업",https://www.hooh.kr/sub/teacher/next.asp?m_idx=610
611,전영선,건국대학교 통일인문학연구단 HK연구교수,"인문학, 예술, 문화, 한국사, 영화,사회/환경, 정치, 남북관계, 분단, 통일",https://www.hooh.kr/sub/teacher/next.asp?m_idx=611
612,황인지,긍정리더 인재개발원 대표,"경영/조직, 리더십, 조직문화, 조직활성화,소통, 커뮤니케이션, 가족, 부부,교육, 성교육, 인성,힐링, 행복, 마음",https://www.hooh.kr/sub/teacher/next.asp?m_idx=612
613,우지인,스포츠트레이너,"건강, 비만, 운동",https://www.hooh.kr/sub/teacher/next.asp?m_idx=613
614,이혜정,압구정 스피치 (수원본점) 원장,"소통, 커뮤니케이션, 스피치, 프레젠테이션,퍼스널브랜딩, CS",https://www.hooh.kr/sub/teacher/next.asp?m_idx=614
615,황형철,황형철 골프아카데미 대표,"건강, 운동,힐링, 실습&체험",https://www.hooh.kr/sub/teacher/next.asp?m_idx=615
597,백종화,"교수, 심리치료사","소통, 가족,건강, 심리,교육, 자녀교육, 공부법, 육아, 부모교육",https://www.hooh.kr/sub/teacher/next.asp?m_idx=597
598,유미영,인테리어 디자이너,"AI/미래, 트렌드,퍼스널브랜딩, 스타일링,창의/마케팅, 디자인",https://www.hooh.kr/sub/teacher/next.asp?m_idx=598
599,김경집,인문학자,"인문학, 고전, 철학, 문학,교육, 자녀교육, 독서법, 부모교육",https://www.hooh.kr/sub/teacher/next.asp?m_idx=599
601,유준희,조직문화공작소 대표,"경영/조직, 리더십, 조직문화, 조직관리, 목표관리, 조직활성화, 경영전략, 변화, 협력, 협업, 상생",https://www.hooh.kr/sub/teacher/next.asp?m_idx=601
602,허지웅,작가,"동기부여, 열정, 인생스토리, 도전, 자기관리, 삶의자세, 비전, 마인드셋,인문학, 문화, 문학, 영화,소통, 연애,힐링",https://www.hooh.kr/sub/teacher/next.asp?m_idx=602
603,켄트 김,국제브레인스포츠협회 이사장,"동기부여, 열정, 도전, 자기관리, 자기계발,AI/미래, 트렌드, 블록체인,인문학,교육, 자녀교육, 공부법",https://www.hooh.kr/sub/teacher/next.asp?m_idx=603
604,김물길,아티스트,"동기부여, 열정, 도전, 성공,인문학, 미술, 세계, 문화,힐링, 여행",https://www.hooh.kr/sub/teacher/next.asp?m_idx=604
484,남경읍,뮤지컬배우,"동기부여, 프로정신, 인생스토리, 도전, 삶의자세, 꿈, 비전, 마인드셋",https://www.hooh.kr/sub/teacher/next.asp?m_idx=484
486,장일범,음악평론가,"인문학, 예술, 문화, 음악",https://www.hooh.kr/sub/teacher/next.asp?m_idx=486
487,노태권,케어의신 대표,"동기부여, 도전, 성공, 삶의자세,소통, 가족,교육, 자녀교육, 공부법, 인성",https://www.hooh.kr/sub/teacher/next.asp?m_idx=487
488,정경호,엔학고레 소통아카데미,"경영, 리더십,소통, 프레젠테이션,마케팅,협상,취업, 면접",https://www.hooh.kr/sub/teacher/next.asp?m_idx=488
489,안승준,한빛맹학교 교사,"동기부여, 인생스토리, 도전, 삶의자세, 꿈, 마인드셋,힐링, 희망",https://www.hooh.kr/sub/teacher/next.asp?m_idx=489
490,오정해,국악인,"동기부여, 인생스토리,인문학, 문화,힐링, 공연&강연",https://www.hooh.kr/sub/teacher/next.asp?m_idx=490
491,신수지,"볼링선수, 전) 리듬체조 국가대표","동기부여, 열정, 프로정신, 인생스토리, 도전, 성공, 자기관리, 자기계발, 마인드셋,건강, 운동",https://www.hooh.kr/sub/teacher/next.asp?m_idx=491
522,김시덕,도시문헌학자,"인문학, 역사, 한국사,경제, 부동산",https://www.hooh.kr/sub/teacher/next.asp?m_idx=522
524,샘킴,요리연구가,"동기부여, 열정, 인생스토리, 도전",https://www.hooh.kr/sub/teacher/next.asp?m_idx=524
525,이성엽,아주대 교수,"동기부여, 자기관리, 삶의자세, 자기계발, 마인드셋,경영/조직, 리더십, 조직문화, 조직활성화, 협력, 협업, 상생,소통, 커뮤니케이션",https://www.hooh.kr/sub/teacher/next.asp?m_idx=525
526,김성택,연세대학교 치과대학 교수,"건강, 의학",https://www.hooh.kr/sub/teacher/next.asp?m_idx=526
527,정하웅,카이스트 교수,"AI/미래, 디지털기술, IT, Ai(인공지능), 빅데이터, 미래기술,과학",https://www.hooh.kr/sub/teacher/next.asp?m_idx=527
528,최홍림,"개그맨, 골프선수","동기부여, 프로정신, 인생스토리, 자기관리, 삶의자세,힐링, 웃음, 유머",https://www.hooh.kr/sub/teacher/next.asp?m_idx=528
529,김홍구,부산외국어대학교 동남아창의융합학부 태국어과 교수,"인문학, 세계, 문화",https://www.hooh.kr/sub/teacher/next.asp?m_idx=529
530,정샘물,메이크업 아티스트,"동기부여, 열정, 프로정신, 도전,퍼스널브랜딩, 뷰티",https://www.hooh.kr/sub/teacher/next.asp?m_idx=530
531,이병도,한국외국어대학교 교수,"인문학, 세계, 문화,힐링, 여행",https://www.hooh.kr/sub/teacher/next.asp?m_idx=531
532,유승옥,모델,"동기부여, 열정, 도전, 자기관리, 자기계발,건강, 비만, 식이요법",https://www.hooh.kr/sub/teacher/next.asp?m_idx=532
533,배철현,"작가, 고전문헌학자","동기부여, 삶의자세,인문학, 고전,경영/조직, 리더십,힐링, 종교",https://www.hooh.kr/sub/teacher/next.asp?m_idx=533
534,선우명호,고려대학교 자동차융합학과 석좌교수,"AI/미래, IT, 미래기술, 로봇, 산업, 융합",https://www.hooh.kr/sub/teacher/next.asp?m_idx=534
551,우혁준,투블루 대표,"경영/조직, 경영, 경영전략, 창업, 스타트업,창의/마케팅, 마케팅, 콘텐츠, SNS",https://www.hooh.kr/sub/teacher/next.asp?m_idx=551
552,최진기,(주)이지캠퍼스 대표,"AI/미래, 트렌드, 미래기술,인문학, 역사, 철학, 미술, 한국사,경제,창의/마케팅, 창의력",https://www.hooh.kr/sub/teacher/next.asp?m_idx=552
553,조영남,"가수, 화가","동기부여, 인생스토리, 삶의자세, 마인드셋,인문학, 미술, 문화,창의/마케팅, 상상력, 창의력,힐링, 공연&강연",https://www.hooh.kr/sub/teacher/next.asp?m_idx=553
554,조애경,"위클리닉 대표원장, 고려대학교 외래교수","퍼스널브랜딩, 뷰티,건강, 비만, 식이요법, 의학",https://www.hooh.kr/sub/teacher/next.asp?m_idx=554
555,윤형주,가수,"동기부여, 삶의자세,인문학, 예술,힐링, 공연&강연",https://www.hooh.kr/sub/teacher/next.asp?m_idx=555
558,윤경로,사)글로벌인재경영원(GTMI)원장,"AI/미래, 트렌드,경영/조직, 리더십, 혁신, 조직활성화, 경영전략, 협력, 협업, 상생,교육, 자녀교육, 부모교육,취업, 진로",https://www.hooh.kr/sub/teacher/next.asp?m_idx=558
560,유경희,미술평론가,"인문학, 미술, 예술, 세계, 영화",https://www.hooh.kr/sub/teacher/next.asp?m_idx=560
561,다니엘 린데만,방송인,"동기부여, 인생스토리, 삶의자세,인문학, 세계, 문화,소통,힐링, 여행",https://www.hooh.kr/sub/teacher/next.asp?m_idx=561
562,이상옥,테크노인문학연구소 소장,"AI/미래, IT, Ai(인공지능), 빅데이터, 미래기술, 산업, 비즈니스, 융합, 메타버스,인문학,경영/조직, 혁신, 창업,취업",https://www.hooh.kr/sub/teacher/next.asp?m_idx=562
563,류한석,"기업인, IT칼럼니스트","AI/미래, 트렌드, 디지털기술, IT, Ai(인공지능), 산업, 핀테크",https://www.hooh.kr/sub/teacher/next.asp?m_idx=563
564,기욤 패트리,전 프로게이머 출신 방송인,"동기부여, 인생스토리, 비전,인문학, 문화",https://www.hooh.kr/sub/teacher/next.asp?m_idx=564
565,김태진,기업인재연구소 대표,"인문학, 미술, 세계, 문화",https://www.hooh.kr/sub/teacher/next.asp?m_idx=565
566,오세진,커뮤니데아 마스터 코치,"동기부여, 자기관리, 삶의자세, 마인드셋,소통, 커뮤니케이션,힐링, 마음",https://www.hooh.kr/sub/teacher/next.asp?m_idx=566
567,알베르토 몬디,이탈리아 출신 방송인,"동기부여, 인생스토리,인문학, 문화,경영/조직, 창업, 스타트업,소통,힐링, 여행,사회/환경, ESG",https://www.hooh.kr/sub/teacher/next.asp?m_idx=567
568,이충한,전문강사,"건강, 스트레스, 웃음, 노후, 정신, 운동,힐링, 마음",https://www.hooh.kr/sub/teacher/next.asp?m_idx=568
570,제임스 후퍼,"산악인, 방송인","동기부여, 열정, 도전,경영/조직, 리더십,힐링, 여행",https://www.hooh.kr/sub/teacher/next.asp?m_idx=570
571,이다지,한국사 강사,"인문학, 역사, 한국사",https://www.hooh.kr/sub/teacher/next.asp?m_idx=571
572,크리스티나 콘팔로니에리,"방송인, 전 국제기관단체인","동기부여, 인생스토리,인문학, 세계, 문화,소통, 관계, 가족",https://www.hooh.kr/sub/teacher/next.asp?m_idx=572
574,심용환,심용환 역사N교육연구소 소장,"인문학, 역사, 고전, 세계, 한국사,사회/환경, 정치",https://www.hooh.kr/sub/teacher/next.asp?m_idx=574
575,오한숙희,여성학자,"동기부여, 자기관리, 자기계발,소통, 가족, 부부,교육, 여성학, 부모교육,힐링, 희망, 행복",https://www.hooh.kr/sub/teacher/next.asp?m_idx=575
576,조영근,세일즈 멘탈코치,"동기부여, 열정, 프로정신, 인생스토리, 도전, 성공, 자기관리, 자기계발, 꿈, 마인드셋,경제, 금융, 주식, 자산관리, 재테크, 투자, 세무/법률,소통, 커뮤니케이션, 스피치,퍼스널브랜딩,교육, 글쓰기,세일즈, 협상, 판매, 고객관리",https://www.hooh.kr/sub/teacher/next.asp?m_idx=576
577,노진경,SMi-Lab-세일즈마스타,"경영/조직, 경영전략,소통, 프레젠테이션,교육, 글쓰기,창의/마케팅, 마케팅,세일즈, 협상, 설득, 판매, 고객관리",https://www.hooh.kr/sub/teacher/next.asp?m_idx=577
578,이덕일,"작가, 사학자","인문학, 역사, 한국사",https://www.hooh.kr/sub/teacher/next.asp?m_idx=578
579,우명훈,폴앤마크 연구소장,"인문학, 뇌과학,소통, 커뮤니케이션, 관계,힐링, 공연&강연",https://www.hooh.kr/sub/teacher/next.asp?m_idx=579
345,최현석,요리사,"동기부여, 열정, 프로정신, 인생스토리, 도전, 성공, 자기계발, 꿈, 비전, 마인드셋,창의/마케팅, 상상력, 창의력,취업, 진로, 직업관",https://www.hooh.kr/sub/teacher/next.asp?m_idx=345
346,서재걸,포모나의원 원장,"동기부여, 자기관리,건강, 비만, 식이요법, 의학",https://www.hooh.kr/sub/teacher/next.asp?m_idx=346
348,노장오,변리사,"동기부여, 성공,경영/조직, 창업,경제, 세무/법률,창의/마케팅, 창의력, 마케팅, 콘텐츠,취업",https://www.hooh.kr/sub/teacher/next.asp?m_idx=348
350,이철희,"국회의원, 교육인","사회/환경, 정치, 사회이슈",https://www.hooh.kr/sub/teacher/next.asp?m_idx=350
351,김지은,더마음 심리상담센터 센터장,"경영/조직, 리더십, 조직활성화,소통, 관계,퍼스널브랜딩, MBTI,건강, 심리",https://www.hooh.kr/sub/teacher/next.asp?m_idx=351
354,홍진호,"방송인, 전) 프로게이머","동기부여, 열정, 프로정신, 인생스토리, 도전, 성공, 꿈, 마인드셋",https://www.hooh.kr/sub/teacher/next.asp?m_idx=354
356,최형만,개그맨,"동기부여, 삶의자세,소통,힐링, 웃음, 행복, 유머",https://www.hooh.kr/sub/teacher/next.asp?m_idx=356
357,조우종,방송인,"동기부여, 열정, 인생스토리, 도전, 성공, 자기계발, 꿈, 비전, 마인드셋",https://www.hooh.kr/sub/teacher/next.asp?m_idx=357
334,김남희,여행작가,"동기부여, 열정, 인생스토리, 도전, 성공, 삶의자세, 자기계발,인문학, 문학,힐링, 여행",https://www.hooh.kr/sub/teacher/next.asp?m_idx=334
335,임재성,한결교육문화원/생산적글쓰기 원장,"인문학, 영화,교육, 자녀교육, 독서법, 인성, 부모교육, 글쓰기,취업, 진로",https://www.hooh.kr/sub/teacher/next.asp?m_idx=335
336,송형석,의사,"소통, 관계, 가족,건강, 스트레스, 심리, 정신,힐링, 행복, 마음",https://www.hooh.kr/sub/teacher/next.asp?m_idx=336
337,허용회,심리학 분야  전문강사,"동기부여, 삶의자세,소통, 프레젠테이션,건강, 스트레스, 심리,교육, 입시, 글쓰기,힐링, 행복, 자존감,취업, 진로, 직업관",https://www.hooh.kr/sub/teacher/next.asp?m_idx=337
338,채사장,작가,"동기부여, 삶의자세,인문학, 역사, 철학, 예술, 과학,교육, 독서법,힐링, 행복,사회/환경",https://www.hooh.kr/sub/teacher/next.asp?m_idx=338
339,임경선,"작가, 칼럼니스트","소통, 관계, 연애,교육, 여성학, 글쓰기,힐링",https://www.hooh.kr/sub/teacher/next.asp?m_idx=339
340,홍성태,한양대 경영대학 명예교수,"경영/조직, 경영, 리더십, 혁신, CEO, 변화,창의/마케팅, 마케팅",https://www.hooh.kr/sub/teacher/next.asp?m_idx=340
222,이기동,성균관대학교 명예교수,"인문학, 역사, 고전, 철학, 문화,경영/조직, 리더십, CEO",https://www.hooh.kr/sub/teacher/next.asp?m_idx=222
326,윤선현,베리굿정리컨설팅 대표,"동기부여, 자기관리, 삶의자세, 마인드셋,경영/조직, 창업,퍼스널브랜딩, 정리수납",https://www.hooh.kr/sub/teacher/next.asp?m_idx=326
327,한관규,"와인마케팅경영연구원 원장, 그랑벵코리아 CEO","인문학,힐링, 실습&체험",https://www.hooh.kr/sub/teacher/next.asp?m_idx=327
328,이상규,리더의마케팅 대표,"퍼스널브랜딩,창의/마케팅, 마케팅, SNS",https://www.hooh.kr/sub/teacher/next.asp?m_idx=328
329,황재일,"베스트러닝 대표, 서울과학종합대학원 대학교 겸임교수","경영/조직, 경영, 리더십, 경영전략, 변화,소통, 커뮤니케이션,세일즈, 협상",https://www.hooh.kr/sub/teacher/next.asp?m_idx=329
330,강민성,학원인,"인문학, 역사, 철학, 한국사,교육, 입시",https://www.hooh.kr/sub/teacher/next.asp?m_idx=330
331,남상일,국악인,"인문학, 고전, 예술,힐링, 공연&강연",https://www.hooh.kr/sub/teacher/next.asp?m_idx=331
313,배선영,"모델, 스타일리스트","퍼스널브랜딩, 뷰티, 패션, 스타일링",https://www.hooh.kr/sub/teacher/next.asp?m_idx=313
314,윤소정,"나를 공부하는 학교, 인큐 대표","동기부여, 열정, 프로정신, 도전, 자기관리, 삶의자세, 자기계발, 비전,인문학,소통",https://www.hooh.kr/sub/teacher/next.asp?m_idx=314
316,윤혜미,"YHMG 대표, 스타일리스트","퍼스널브랜딩, 이미지메이킹, 뷰티, 호감, 스타일링",https://www.hooh.kr/sub/teacher/next.asp?m_idx=316
318,김찬호,첫번째펭귄 대표,"동기부여, 자기관리, 삶의자세, 자기계발,경영/조직, 리더십, 조직문화, 조직활성화,경제, 금융,소통, 커뮤니케이션,퍼스널브랜딩, CS,건강, 심리,창의/마케팅, 마케팅,세일즈, 고객관리,힐링, 행복, 자존감",https://www.hooh.kr/sub/teacher/next.asp?m_idx=318
319,염기원,IT 창업 전문가,"동기부여, 프로정신, 도전, 삶의자세,AI/미래, 트렌드, 디지털기술, IT, 미래기술, 모바일웹, 비즈니스,경영/조직, 리더십, 혁신, 목표관리, 협력, 협업, 상생, 창업, 스타트업,소통, 커뮤니케이션,교육, 글쓰기,마케팅,취업, 면접, 이력서(자소서), 진로, 직업관",https://www.hooh.kr/sub/teacher/next.asp?m_idx=319
320,김영만,"방송인, 종이접기 전문가","창의/마케팅, 상상력, 디자인,힐링, 행복, 실습&체험",https://www.hooh.kr/sub/teacher/next.asp?m_idx=320
321,김여진,"영화배우, 탤런트","동기부여, 삶의자세, 꿈,인문학, 문화,힐링, 행복, 마음, 나눔, 봉사",https://www.hooh.kr/sub/teacher/next.asp?m_idx=321
322,홍재경,소믈리에,"인문학,소통,힐링, 실습&체험",https://www.hooh.kr/sub/teacher/next.asp?m_idx=322
323,김용진,피아니스트,"인문학, 역사, 예술, 음악,힐링, 공연&강연",https://www.hooh.kr/sub/teacher/next.asp?m_idx=323
324,배재철,성악가,"동기부여, 꿈,음악,힐링, 행복, 공연&강연",https://www.hooh.kr/sub/teacher/next.asp?m_idx=324
392,이성미,개그우먼,"동기부여, 인생스토리, 삶의자세, 마인드셋,소통, 커뮤니케이션, 가족,건강, 웃음,교육, 자녀교육,힐링, 웃음, 행복, 나눔",https://www.hooh.kr/sub/teacher/next.asp?m_idx=392
393,이금룡,"연구기관단체인, 기업인","AI/미래, 트렌드, 미래기술,경영/조직, 경영, 리더십, 혁신, CEO, 변화,창의/마케팅, 마케팅",https://www.hooh.kr/sub/teacher/next.asp?m_idx=393
394,양성길,인싸이트컨설팅 대표,"AI/미래, 트렌드,교육, 자녀교육, 부모교육,창의/마케팅, 광고, 마케팅, SNS",https://www.hooh.kr/sub/teacher/next.asp?m_idx=394
395,이호건,휴비즈코퍼레이션㈜ 대표,"동기부여, 삶의자세, 마인드셋,인문학, 고전, 철학,경영/조직, 리더십,소통",https://www.hooh.kr/sub/teacher/next.asp?m_idx=395
396,박소라,개그우먼,"동기부여, 열정, 인생스토리, 도전, 성공, 삶의자세, 꿈,힐링, 웃음, 유머,취업, 진로",https://www.hooh.kr/sub/teacher/next.asp?m_idx=396
397,유희경,㈜ 지엠씨 컴퍼니 대표,"소통, 커뮤니케이션, 프레젠테이션,세일즈, 협상, 설득, 고객관리",https://www.hooh.kr/sub/teacher/next.asp?m_idx=397
398,정중원,서양화가,"인문학, 미술, 예술, 세계,힐링, 여행",https://www.hooh.kr/sub/teacher/next.asp?m_idx=398
399,정찬우,정도비즈니스컨설팅그룹 대표,"동기부여, 자기관리,경영/조직, 리더십, 혁신, 조직관리, 조직활성화, 경영전략,소통, 커뮤니케이션, 관계,교육, 독서법,취업, 진로",https://www.hooh.kr/sub/teacher/next.asp?m_idx=399
400,서영순,작가,"동기부여, 열정, 인생스토리, 도전, 성공, 삶의자세, 자기계발, 비전, 마인드셋",https://www.hooh.kr/sub/teacher/next.asp?m_idx=400
401,김소희,한국 토닥토닥 연구소 소장,"경영/조직, 리더십, 조직활성화,소통, 커뮤니케이션, 가족, 부부, 프레젠테이션,교육, 자녀교육, 육아, 부모교육,힐링, 행복,취업, 진로",https://www.hooh.kr/sub/teacher/next.asp?m_idx=401
404,이윤진,동시 통역사,"동기부여, 열정, 프로정신, 비전, 마인드셋,교육, 자녀교육, 공부법, 여성학, 부모교육",https://www.hooh.kr/sub/teacher/next.asp?m_idx=404
405,안미헌,한국비즈트레이닝 대표,"경영/조직, 리더십, 조직문화,소통, 커뮤니케이션",https://www.hooh.kr/sub/teacher/next.asp?m_idx=405
406,김나영,엘앤씨 랩 대표,"동기부여, 자기계발,인문학, 역사, 문화, 영화,교육, 자녀교육, 공부법",https://www.hooh.kr/sub/teacher/next.asp?m_idx=406
407,김태유,서울대학교 산업공학과 명예교수,"경영/조직, 변화, 위기관리,경제,사회/환경, 정치, 국제정세",https://www.hooh.kr/sub/teacher/next.asp?m_idx=407
410,최현식,아시아미래인재연구소 부소장,"AI/미래, 미래기술, 산업, 비즈니스, 융합,경영/조직, 변화,경제, 재테크, 투자",https://www.hooh.kr/sub/teacher/next.asp?m_idx=410
411,배성은,"요리연구가, 쇼핑호스트","동기부여, 열정, 프로정신, 인생스토리, 도전, 자기계발,인문학,힐링, 실습&체험",https://www.hooh.kr/sub/teacher/next.asp?m_idx=411
373,서용구,숙명여자대학교 경영학부 교수,"AI/미래, 트렌드, 산업, 비즈니스,경영/조직, 경영, 혁신, 경영전략, 창업,창의/마케팅, 마케팅,세일즈, 유통, 판매",https://www.hooh.kr/sub/teacher/next.asp?m_idx=373
374,김하준,샌드에니메이션 작가,"동기부여, 삶의자세, 자기계발, 꿈,인문학, 예술,힐링, 공연&강연",https://www.hooh.kr/sub/teacher/next.asp?m_idx=374
375,양평호,전문강사,"동기부여, 자기관리, 삶의자세, 자기계발, 비전,경영/조직, 리더십, 조직문화, 조직활성화,소통, 커뮤니케이션, 프레젠테이션,세일즈, 협상, 설득",https://www.hooh.kr/sub/teacher/next.asp?m_idx=375
376,디바제시카,"아프리카TV BJ, 영어교육 방송인","동기부여, 열정, 인생스토리, 도전,경영/조직, 창업,창의/마케팅, 콘텐츠",https://www.hooh.kr/sub/teacher/next.asp?m_idx=376
378,이홍,광운대학교 교수,"경영/조직, 경영, 리더십, 혁신, CEO, 위기관리,창의/마케팅, 창의력",https://www.hooh.kr/sub/teacher/next.asp?m_idx=378
380,김학용,"IT컨설턴트, 연구인","AI/미래, 디지털기술, IT, Ai(인공지능), 미래기술, 사물인터넷, 모바일웹, 사물통신, 정보보안",https://www.hooh.kr/sub/teacher/next.asp?m_idx=380
381,정유신,"금융인, 서강대학교 경영전문대학원 교수","AI/미래, 미래기술, 산업, 핀테크, 융합,경제, 금융",https://www.hooh.kr/sub/teacher/next.asp?m_idx=381
366,나건,홍익대 국제디자인전문대학원 교수,"인문학, 예술,창의/마케팅, 상상력, 창의력, 디자인",https://www.hooh.kr/sub/teacher/next.asp?m_idx=366
367,임창환,한양대학교 부교수,"AI/미래, 디지털기술, Ai(인공지능), 미래기술, 융합,인문학, 과학, 뇌과학",https://www.hooh.kr/sub/teacher/next.asp?m_idx=367
368,이경전,경희대학교 교수,"AI/미래, IT, Ai(인공지능), 빅데이터, 미래기술, 산업, 비즈니스,경영/조직, 경영, 경영전략,창의/마케팅, 마케팅",https://www.hooh.kr/sub/teacher/next.asp?m_idx=368
370,조광수,연세대학원 정보대학원 교수,"AI/미래, 트렌드, IT, Ai(인공지능), 사물인터넷, 모바일웹, 로봇, 비즈니스,창의/마케팅, 디자인",https://www.hooh.kr/sub/teacher/next.asp?m_idx=370
359,김선우,바디스마일 대표,"건강, 비만, 의학, 노후, 운동",https://www.hooh.kr/sub/teacher/next.asp?m_idx=359
360,이유남,초등학교 교장,"자녀교육, 부모교육",https://www.hooh.kr/sub/teacher/next.asp?m_idx=360
361,한젬마,"러쉬코리아 부사장, 아트디렉터","동기부여, 자기계발,인문학, 예술,소통,교육, 자녀교육, 부모교육,창의/마케팅, 상상력, 창의력, 광고",https://www.hooh.kr/sub/teacher/next.asp?m_idx=361
363,양준호,인천대학교 경제학과 교수,"경영/조직, 경영, 경영전략, 위기관리",https://www.hooh.kr/sub/teacher/next.asp?m_idx=363
197,함현진,마술사,"동기부여, 인생스토리,힐링, 웃음, 공연&강연",https://www.hooh.kr/sub/teacher/next.asp?m_idx=197
199,김보화,개그우먼,"동기부여, 인생스토리, 삶의자세, 꿈,소통, 커뮤니케이션, 가족,건강, 스트레스, 웃음,힐링, 웃음, 행복, 유머, 공연&강연",https://www.hooh.kr/sub/teacher/next.asp?m_idx=199
200,김희연,커리어 컨설턴트,"퍼스널브랜딩, MBTI,취업, 면접, 이력서(자소서), 진로, 직업관, 인생이모작",https://www.hooh.kr/sub/teacher/next.asp?m_idx=200
201,임하룡,"영화배우, 개그맨","동기부여, 열정, 프로정신, 인생스토리, 도전, 삶의자세, 마인드셋,힐링, 웃음, 행복, 유머",https://www.hooh.kr/sub/teacher/next.asp?m_idx=201
202,팀 퍼니스트,공연예술가,"힐링, 웃음, 유머, 공연&강연",https://www.hooh.kr/sub/teacher/next.asp?m_idx=202
203,이국주,개그우먼,"동기부여, 열정, 도전, 삶의자세, 마인드셋,소통, 연애,힐링, 웃음, 유머, 마음, 자존감",https://www.hooh.kr/sub/teacher/next.asp?m_idx=203
205,조기형,지오 맛 아카데미 대표,인문학,https://www.hooh.kr/sub/teacher/next.asp?m_idx=205
206,미카엘 아쉬미노프,요리연구가,"동기부여, 열정, 인생스토리, 도전,힐링, 실습&체험",https://www.hooh.kr/sub/teacher/next.asp?m_idx=206
207,김진화,한국블록체인협회 준비위원회 공동대표​,"AI/미래, 블록체인,경제, 금융, 디지털자산",https://www.hooh.kr/sub/teacher/next.asp?m_idx=207
209,글배우,SNS 시인,"동기부여, 자기관리, 삶의자세, 꿈,인문학, 문학,힐링, 마음",https://www.hooh.kr/sub/teacher/next.asp?m_idx=209
210,김규현,SNA연기스피치 대표,"소통, 커뮤니케이션, 스피치, 프레젠테이션,세일즈, 설득,취업, 면접, 진로",https://www.hooh.kr/sub/teacher/next.asp?m_idx=210
211,김지윤,정치학 박사,"경제, 경제전망,사회/환경, 정치, 남북관계, 국제정세",https://www.hooh.kr/sub/teacher/next.asp?m_idx=211
212,박준우,"프리랜서 기자, 칼럼니스트","동기부여, 도전,창업,창의/마케팅, 창의력, 마케팅",https://www.hooh.kr/sub/teacher/next.asp?m_idx=212
213,이원재,경제평론가,"경영/조직, 경영, 협력, 협업, 상생,경제, 경제전망,사회/환경, 정치",https://www.hooh.kr/sub/teacher/next.asp?m_idx=213
215,김태진,방송연예인,"동기부여, 열정, 인생스토리, 도전, 꿈,힐링",https://www.hooh.kr/sub/teacher/next.asp?m_idx=215
216,박순,영어두뇌 전문가,"인문학, 뇌과학,교육, 자녀교육, 공부법, 부모교육",https://www.hooh.kr/sub/teacher/next.asp?m_idx=216
217,박현모,세종국가경영연구원 원장,"인문학, 역사, 고전, 한국사",https://www.hooh.kr/sub/teacher/next.asp?m_idx=217
218,최혜림,세이지리더십연구소 대표,"동기부여, 삶의자세, 마인드셋,경영/조직, 리더십",https://www.hooh.kr/sub/teacher/next.asp?m_idx=218
243,이홍열,운동치료 전문가,"건강, 스트레스, 의학, 노후, 운동",https://www.hooh.kr/sub/teacher/next.asp?m_idx=243
246,조세현,대한민국브랜드협회 이사장,"경영/조직, 리더십,창의/마케팅, 마케팅",https://www.hooh.kr/sub/teacher/next.asp?m_idx=246
247,이장규,청년창업가,"동기부여, 열정, 인생스토리, 도전, 성공, 삶의자세, 꿈, 비전, 마인드셋,경영/조직, 창업,취업, 진로, 직업관",https://www.hooh.kr/sub/teacher/next.asp?m_idx=247
248,홍성란,"요리연구가, 채소 소믈리에","인문학,건강, 식이요법,힐링, 실습&체험",https://www.hooh.kr/sub/teacher/next.asp?m_idx=248
249,오성준,리더십 전문가,"경영/조직, 경영, 리더십, 혁신, 조직관리, 조직활성화, 변화, 협력, 협업, 상생",https://www.hooh.kr/sub/teacher/next.asp?m_idx=249
250,김치원,서울와이즈 요양병원 원장,"AI/미래, 디지털기술, 미래기술, 산업, 비즈니스,건강, 의학",https://www.hooh.kr/sub/teacher/next.asp?m_idx=250
251,김은나,한국기업인재 연구소 대표,"경영/조직, 리더십,소통, 커뮤니케이션, 관계, 스피치, 가족,퍼스널브랜딩, 이미지메이킹, CS,건강, 스트레스, 심리,교육, 자녀교육, 부모교육,세일즈, 판매,힐링, 행복, 마음,취업, 면접",https://www.hooh.kr/sub/teacher/next.asp?m_idx=251
252,김남규,김남규 외국어 출판사 대표,"교육, 공부법",https://www.hooh.kr/sub/teacher/next.asp?m_idx=252
253,김연정,이움 신체활동 연구소 소장,"건강, 스트레스, 운동,힐링, 마음, 실습&체험",https://www.hooh.kr/sub/teacher/next.asp?m_idx=253
255,임병권,글로벌 인사조직 전문가,"경영/조직, 경영, 리더십, 조직문화, 혁신, 조직관리, 경영전략, 변화,소통, 커뮤니케이션",https://www.hooh.kr/sub/teacher/next.asp?m_idx=255
257,이동훈,탈잉 엑셀/취업컨설팅 튜터,"동기부여, 자기계발,AI/미래, IT, 비즈니스",https://www.hooh.kr/sub/teacher/next.asp?m_idx=257
258,임훈,후지필름 일렉트로닉 이미징코리아 사장,"동기부여, 열정, 자기계발, 꿈,경영/조직, 목표관리, 스타트업,창의/마케팅, 마케팅,세일즈",https://www.hooh.kr/sub/teacher/next.asp?m_idx=258
260,김정현,"번타임 대표, 대전보건대학교 겸임 교수","경영/조직, 경영, 경영전략, 창업,소통, 커뮤니케이션,퍼스널브랜딩, CS,창의/마케팅, 마케팅,세일즈, 고객관리,취업",https://www.hooh.kr/sub/teacher/next.asp?m_idx=260
261,정회길,부산대학교 겸임교수,"동기부여, 열정, 인생스토리, 삶의자세,교육, 독서법, 글쓰기,창의/마케팅, 창의력, 콘텐츠,힐링, 행복, 워라벨, 자존감,취업, 인생이모작",https://www.hooh.kr/sub/teacher/next.asp?m_idx=261
263,황성현,인천대 경제학과 교수,"경제, 경제전망,사회/환경, 정치, 사회이슈",https://www.hooh.kr/sub/teacher/next.asp?m_idx=263
264,김경철,액티브시니어연구원 원장,"동기부여, 인생스토리, 자기관리,경영/조직, 창업,경제, 노후,퍼스널브랜딩,교육, 글쓰기,취업, 인생이모작",https://www.hooh.kr/sub/teacher/next.asp?m_idx=264
265,김정연,가수,"동기부여, 인생스토리, 도전,소통, 가족,힐링, 공연&강연",https://www.hooh.kr/sub/teacher/next.asp?m_idx=265
266,권도원,에이앤에스컨설팅 대표,"경영/조직, 경영, 창업,창의/마케팅, 마케팅, SNS,취업, 인생이모작",https://www.hooh.kr/sub/teacher/next.asp?m_idx=266
224,김형택,디지털이니셔브티브 그룹 대표,"AI/미래, 트렌드, 디지털기술, DX, 산업, 핀테크,경영/조직, 경영전략,창의/마케팅, 마케팅",https://www.hooh.kr/sub/teacher/next.asp?m_idx=224
225,이우용,리얼플랜 대표,"리더십, 창업,프레젠테이션,마케팅",https://www.hooh.kr/sub/teacher/next.asp?m_idx=225
226,이명기,전) MBC  교양제작국 PD,"동기부여, 열정, 프로정신, 인생스토리, 도전, 성공, 삶의자세, 마인드셋,취업, 직업관, 인생이모작",https://www.hooh.kr/sub/teacher/next.asp?m_idx=226
228,문수영,토스에듀케이션 어학원 원장,"동기부여, 자기관리, 삶의자세,소통, 커뮤니케이션, 관계, 스피치,교육, 자녀교육, 육아, 부모교육,힐링, 마음",https://www.hooh.kr/sub/teacher/next.asp?m_idx=228
229,이경주,미래경영전략연구원 원장,"AI/미래, Ai(인공지능), 사물인터넷, 산업,경영/조직, 경영, 경영전략,경제, 금융",https://www.hooh.kr/sub/teacher/next.asp?m_idx=229
230,이욱정,"PD, (주)마인드앳플레이 대표","동기부여, 인생스토리, 도전, 성공, 삶의자세, 자기계발,인문학, 세계, 문화",https://www.hooh.kr/sub/teacher/next.asp?m_idx=230
231,정창원,리에스 여성의원 대표원장,"건강, 의학,교육, 여성학, 성교육",https://www.hooh.kr/sub/teacher/next.asp?m_idx=231
232,손철주,"출판편집인, 미술평론가","인문학, 미술, 예술, 문학, 음악",https://www.hooh.kr/sub/teacher/next.asp?m_idx=232
233,신동찬,변호사,"경제, 경제전망, 세무/법률,사회/환경, 정치, 국제정세",https://www.hooh.kr/sub/teacher/next.asp?m_idx=233
234,강형욱,보듬컴퍼니 대표,"소통, 커뮤니케이션, 관계, 가족,힐링, 행복",https://www.hooh.kr/sub/teacher/next.asp?m_idx=234
235,석중휘,숭의여자대학교 시각디자인 전공 조교수,"인문학, 예술,창의/마케팅, 상상력, 창의력, 광고, 콘텐츠, 디자인,취업, 직업관",https://www.hooh.kr/sub/teacher/next.asp?m_idx=235
236,조연심,엠유 대표,"동기부여, 자기계발,소통, 커뮤니케이션, 관계,퍼스널브랜딩,취업, 직업관",https://www.hooh.kr/sub/teacher/next.asp?m_idx=236
237,이주은,건국대학교 문화콘텐츠학과 교수,"인문학, 고전, 미술, 예술, 세계, 문화",https://www.hooh.kr/sub/teacher/next.asp?m_idx=237
268,함선희,두드림 컨설팅 대표,"경영/조직, 리더십, 조직관리, 목표관리, 조직활성화, CEO",https://www.hooh.kr/sub/teacher/next.asp?m_idx=268
269,전성실,나눔연구소 대표,"동기부여, 자기관리, 삶의자세,힐링, 희망, 나눔",https://www.hooh.kr/sub/teacher/next.asp?m_idx=269
271,변동훈,도심속 마을  사람의 향기 ㈜ 대표이사,"사회/환경, 사회이슈",https://www.hooh.kr/sub/teacher/next.asp?m_idx=271
272,신영준,동기부여 전문가,"동기부여, 열정, 인생스토리, 도전, 성공, 자기관리, 삶의자세, 자기계발, 꿈, 비전, 마인드셋",https://www.hooh.kr/sub/teacher/next.asp?m_idx=272
239,박성후,기업인,"교육, 자녀교육, 독서법, 글쓰기,창의/마케팅, 창의력",https://www.hooh.kr/sub/teacher/next.asp?m_idx=239
240,백민기,공연기획자,"창의/마케팅, 창의력,취업, 진로, 직업관",https://www.hooh.kr/sub/teacher/next.asp?m_idx=240
241,심영섭,"영화평론가, 대학교수","인문학, 문화, 영화,소통,힐링, 행복, 나눔, 봉사",https://www.hooh.kr/sub/teacher/next.asp?m_idx=241
275,하동식,변화혁신 아카데미 원장,"인문학, 고전, 예술, 세계,리더십, 혁신, 경영전략, 변화, 위기관리",https://www.hooh.kr/sub/teacher/next.asp?m_idx=275
276,권혁주,"만화가, 대학교수","동기부여, 인생스토리, 자기계발,인문학, 미술,창의/마케팅, 창의력, 콘텐츠, 디자인,사회/환경, 사회이슈,취업, 직업관",https://www.hooh.kr/sub/teacher/next.asp?m_idx=276
277,이광기,배우,"동기부여, 인생스토리, 삶의자세, 꿈,힐링, 희망, 행복, 마음, 나눔, 봉사",https://www.hooh.kr/sub/teacher/next.asp?m_idx=277
278,김호경,"현대미술작가, 아트어드바이저, 크리에이티브 디렉터, 미술교육가","동기부여, 삶의자세,인문학, 미술, 예술,소통, 커뮤니케이션,교육, 육아",https://www.hooh.kr/sub/teacher/next.asp?m_idx=278
279,고미숙,"작가, 문학평론가","동기부여, 삶의자세, 비전, 마인드셋,인문학, 고전, 철학,힐링, 마음, 자존감",https://www.hooh.kr/sub/teacher/next.asp?m_idx=279
280,이만적,공단기 강사,"인문학, 역사, 철학, 세계, 한국사",https://www.hooh.kr/sub/teacher/next.asp?m_idx=280
281,박소영,리얼인문학 대표,"인문학, 고전, 예술, 세계, 문화, 문학,힐링, 여행",https://www.hooh.kr/sub/teacher/next.asp?m_idx=281
282,박재준,한국웃음임상치료센터 전임교수,"동기부여, 열정, 삶의자세,교육, 자녀교육, 인성, 부모교육,힐링, 웃음, 행복, 유머",https://www.hooh.kr/sub/teacher/next.asp?m_idx=282
283,조성희,조성희 마인드스쿨 대표,"동기부여, 열정, 도전, 자기관리, 삶의자세, 자기계발, 비전, 마인드셋,힐링, 마음",https://www.hooh.kr/sub/teacher/next.asp?m_idx=283
284,한철환,휴먼솔루션그룹 성과관리연구소 소장,"경영/조직, 경영, 리더십, 혁신, 조직관리, 목표관리, 경영전략, 위기관리, 협력, 협업, 상생",https://www.hooh.kr/sub/teacher/next.asp?m_idx=284
285,김영하,작가,"동기부여, 삶의자세,인문학, 예술, 문화, 문학,교육, 독서법, 글쓰기,힐링, 여행",https://www.hooh.kr/sub/teacher/next.asp?m_idx=285
286,신달자,"시인, 전 대학교수","인문학, 문학, 시,소통, 커뮤니케이션, 가족, 부부,힐링, 행복",https://www.hooh.kr/sub/teacher/next.asp?m_idx=286
288,이지성,작가,"동기부여, 성공, 삶의자세, 자기계발, 마인드셋,인문학, 고전, 문학,교육, 공부법, 독서법",https://www.hooh.kr/sub/teacher/next.asp?m_idx=288
289,주민관,바램 감성소통 연구소 대표,"소통, 커뮤니케이션, 관계,힐링, 희망, 마음",https://www.hooh.kr/sub/teacher/next.asp?m_idx=289
290,이민경,행정사,"동기부여, 열정, 프로정신, 자기계발, 꿈,취업, 진로, 직업관",https://www.hooh.kr/sub/teacher/next.asp?m_idx=290
291,강유석,카큐레이터,"세일즈, 협상, 판매",https://www.hooh.kr/sub/teacher/next.asp?m_idx=291
292,임오경,"핸드볼감독, 전 핸드볼 선수","동기부여, 열정, 프로정신, 인생스토리, 도전, 성공, 삶의자세, 자기계발, 꿈, 비전",https://www.hooh.kr/sub/teacher/next.asp?m_idx=292
293,홍성현,베마리더십센터 대표,"경영/조직, 리더십, 조직문화, 조직활성화,소통, 커뮤니케이션, 관계,힐링, 유머",https://www.hooh.kr/sub/teacher/next.asp?m_idx=293
295,이혜영,블리스스토리 대표,"창의/마케팅, 광고, 마케팅, 콘텐츠, SNS",https://www.hooh.kr/sub/teacher/next.asp?m_idx=295
296,정지승,정지승 교육컨설팅 대표,"소통, 관계,교육, 자녀교육, 성교육, 인성, 부모교육, 법정의무교육,힐링, 웃음",https://www.hooh.kr/sub/teacher/next.asp?m_idx=296
297,손대희,개인브랜드연구소 어포스트 대표,"동기부여, 인생스토리, 자기계발,창의/마케팅, SNS,취업, 진로",https://www.hooh.kr/sub/teacher/next.asp?m_idx=297
299,백승종,"사학자, 대학교수","인문학, 역사, 세계, 한국사",https://www.hooh.kr/sub/teacher/next.asp?m_idx=299
300,양지훈,요리연구가,"동기부여, 열정, 꿈, 마인드셋,힐링, 희망",https://www.hooh.kr/sub/teacher/next.asp?m_idx=300
301,고윤기,변호사(로펌고우),"경영/조직, 경영, CEO, 위기관리,경제, 부동산, 세무/법률",https://www.hooh.kr/sub/teacher/next.asp?m_idx=301
302,이용숙,음악평론가,"인문학, 예술, 문화, 문학, 음악",https://www.hooh.kr/sub/teacher/next.asp?m_idx=302
303,이민규,아주대학교 교수,"경영/조직, 리더십, 혁신, 변화,소통, 커뮤니케이션, 관계, 가족, 부부,건강, 심리,힐링, 행복, 마음",https://www.hooh.kr/sub/teacher/next.asp?m_idx=303
304,최대헌,심리극장 청자다방 대표,"소통, 관계,건강, 스트레스, 심리,힐링, 마음",https://www.hooh.kr/sub/teacher/next.asp?m_idx=304
305,박수화,"카피라이터, 작가","창의/마케팅, 창의력, 광고, 마케팅,취업, 진로, 직업관",https://www.hooh.kr/sub/teacher/next.asp?m_idx=305
308,윤종혁,취업컨설턴트,"인문학, 철학, 문학,교육, 자녀교육, 공부법, 독서법, 글쓰기,힐링,취업, 면접, 이력서(자소서), 진로",https://www.hooh.kr/sub/teacher/next.asp?m_idx=308
183,손주은,메가스터디 회장,"동기부여, 삶의자세, 꿈,비즈니스,인문학,경영/조직, 경영전략, CEO, 창업, 스타트업,교육, 자녀교육, 부모교육",https://www.hooh.kr/sub/teacher/next.asp?m_idx=183
184,이규혁,아이앤드디코리아 대표,"경영/조직, 리더십, 위기관리,소통, 커뮤니케이션,취업, 면접, 진로, 직업관",https://www.hooh.kr/sub/teacher/next.asp?m_idx=184
179,청춘유리,여행작가,"동기부여, 열정, 인생스토리, 도전,힐링, 행복, 워라벨, 여행",https://www.hooh.kr/sub/teacher/next.asp?m_idx=179
176,백종근,PROJECT JK 기획사 대표,"경영,창의/마케팅, 콘텐츠",https://www.hooh.kr/sub/teacher/next.asp?m_idx=176
177,안영일,Dream Challenge Group 대표,"동기부여, 자기관리, 꿈,취업, 진로, 직업관",https://www.hooh.kr/sub/teacher/next.asp?m_idx=177
107,석태식,대구한의대학교 교수,"건강, 스트레스, 웃음, 정신",https://www.hooh.kr/sub/teacher/next.asp?m_idx=107
108,박인휘,이화여대 국제대학원 교수,"경제, 경제전망,사회/환경, 정치, 남북관계, 분단, 국제정세, 통일, 사회이슈",https://www.hooh.kr/sub/teacher/next.asp?m_idx=108
186,이동신,굿볼 아카데미 대표,"동기부여, 자기관리,건강, 운동,힐링, 실습&체험",https://www.hooh.kr/sub/teacher/next.asp?m_idx=186
187,최민준,자라다 남아미술연구소 대표,"소통, 커뮤니케이션, 가족,교육, 자녀교육, 육아, 부모교육",https://www.hooh.kr/sub/teacher/next.asp?m_idx=187
188,김권수,휴먼경영전락연구소 대표교수,"동기부여, 삶의자세, 자기계발, 마인드셋,인문학, 뇌과학,힐링, 행복",https://www.hooh.kr/sub/teacher/next.asp?m_idx=188
190,전세화,언론인,"동기부여, 삶의자세, 자기계발,인문학, 예술, 문화,경영/조직, 경영,경제, 주식,건강, 식이요법, 심리,교육, 공부법,창의/마케팅, 광고, 콘텐츠",https://www.hooh.kr/sub/teacher/next.asp?m_idx=190
191,표진인,표진인정신과의원 원장,"건강, 스트레스, 의학, 심리, 정신,교육, 자녀교육, 성교육, 인성, 부모교육",https://www.hooh.kr/sub/teacher/next.asp?m_idx=191
193,하나현,브레인트레이닝 상담센터장,"건강, 스트레스, 의학, 심리, 정신,교육, 자녀교육,힐링, 마음",https://www.hooh.kr/sub/teacher/next.asp?m_idx=193
194,최희진,가톨릭상지대학교 미용예술과 학과장,"동기부여, 성공, 자기관리,퍼스널브랜딩, 이미지메이킹, CS, 뷰티, 스타일링",https://www.hooh.kr/sub/teacher/next.asp?m_idx=194
195,강백수,"가수, 시인","동기부여, 인생스토리, 삶의자세, 꿈,힐링, 희망, 행복, 마음, 공연&강연",https://www.hooh.kr/sub/teacher/next.asp?m_idx=195
104,박정효,블룸컴퍼니 대표,"동기부여, 삶의자세,경영/조직, 조직문화, 조직관리, 조직활성화,MBTI,건강, 심리,힐링, 행복",https://www.hooh.kr/sub/teacher/next.asp?m_idx=104
105,김필수,대림대학교 자동차과 교수,미래기술,https://www.hooh.kr/sub/teacher/next.asp?m_idx=105
84,장동선,"뇌과학자, 궁금한뇌연구소 대표","동기부여, 삶의자세,AI/미래, Ai(인공지능),인문학, 과학, 뇌과학,힐링, 행복",https://www.hooh.kr/sub/teacher/next.asp?m_idx=84
168,오준호,카이스트 기계공학과 교수,"미래기술, 로봇,창의/마케팅, 창의력",https://www.hooh.kr/sub/teacher/next.asp?m_idx=168
169,이형우,마이다스그룹 회장,"동기부여, 인생스토리, 성공,경영/조직, 경영, 리더십, 조직관리, CEO",https://www.hooh.kr/sub/teacher/next.asp?m_idx=169
170,최진,대통령리더십연구원 원장,"경영/조직, 리더십,정치",https://www.hooh.kr/sub/teacher/next.asp?m_idx=170
171,이중원,한양대학교 교수,"건강, 스트레스, 비만, 식이요법, 의학, 노후",https://www.hooh.kr/sub/teacher/next.asp?m_idx=171
173,송민수,㈜유니드캐릭터 대표,"경영/조직, 경영, 리더십, 조직문화, 조직관리, 경영전략, 창업, 스타트업,창의/마케팅, 창의력, 마케팅, 콘텐츠",https://www.hooh.kr/sub/teacher/next.asp?m_idx=173
135,김홍식,"개그맨, 대학교수","동기부여, 열정, 도전, 성공, 삶의자세, 자기계발,창업,소통,힐링, 행복, 유머",https://www.hooh.kr/sub/teacher/next.asp?m_idx=135
136,김예솔,"청춘모험가, 여행작가","동기부여, 열정, 인생스토리, 도전, 꿈,인문학, 세계, 문화, 문학,힐링, 여행",https://www.hooh.kr/sub/teacher/next.asp?m_idx=136
137,손경이,손경이관계교육연구소 대표,"교육, 자녀교육, 성교육, 인성, 부모교육",https://www.hooh.kr/sub/teacher/next.asp?m_idx=137
138,박병권,한국도시생태연구소 소장,삶의자세,https://www.hooh.kr/sub/teacher/next.asp?m_idx=138
139,이승천,영어교육학자,"동기부여, 삶의자세, 자기계발,인문학,소통,교육, 자녀교육, 공부법,힐링, 행복",https://www.hooh.kr/sub/teacher/next.asp?m_idx=139
140,명재광,바론 렉쳐테이먼트 대표,"경영/조직, 리더십, 조직문화, 조직활성화, 협력, 협업, 상생,소통, 커뮤니케이션, 관계, 스피치, 프레젠테이션,퍼스널브랜딩, CS,건강, 스트레스",https://www.hooh.kr/sub/teacher/next.asp?m_idx=140
142,임춘성,연세대학교 산업공학과 교수,"AI/미래, 트렌드, IT, 미래기술, 산업, 비즈니스, 융합",https://www.hooh.kr/sub/teacher/next.asp?m_idx=142
143,문현우,아리랑스쿨 대표,"동기부여, 열정, 프로정신, 인생스토리, 도전, 꿈, 비전,취업, 진로",https://www.hooh.kr/sub/teacher/next.asp?m_idx=143
144,백영옥,작가,"동기부여, 삶의자세,인문학, 문학,교육, 독서법",https://www.hooh.kr/sub/teacher/next.asp?m_idx=144
122,인호,고려대학교 컴퓨터학과 교수,"AI/미래, IT, 산업, 블록체인, 핀테크,경제, 경제전망, 디지털자산",https://www.hooh.kr/sub/teacher/next.asp?m_idx=122
123,최승진,포스텍 컴퓨터 공학과 교수,"AI/미래, 트렌드, 디지털기술, IT, Ai(인공지능), DX, 빅데이터, 미래기술, 사물인터넷, 모바일웹, 사물통신, 산업",https://www.hooh.kr/sub/teacher/next.asp?m_idx=123
124,하민회,이미지 21 대표,"동기부여, 자기계발,인문학,퍼스널브랜딩",https://www.hooh.kr/sub/teacher/next.asp?m_idx=124
125,남인숙,작가,"동기부여, 삶의자세, 마인드셋,인문학,소통, 커뮤니케이션, 관계, 가족, 부부, 연애,교육, 글쓰기,힐링, 마음",https://www.hooh.kr/sub/teacher/next.asp?m_idx=125
126,고현숙,코칭경영원 대표코치,"경영/조직, 리더십, 조직문화, 목표관리, 조직활성화, 위기관리,교육, 자녀교육",https://www.hooh.kr/sub/teacher/next.asp?m_idx=126
128,홍원표,"스포츠 IT기업 팀장,대한스포츠데이터협회 사무국장","동기부여, 열정, 인생스토리, 도전, 성공, 삶의자세, 자기계발, 꿈, 비전,힐링, 희망, 마음, 나눔, 봉사,취업, 진로, 직업관",https://www.hooh.kr/sub/teacher/next.asp?m_idx=128
129,김창경,"한양대학교 교수, 前정무직공무원","AI/미래, 트렌드, Ai(인공지능), DX, 미래기술, 산업,인문학, 과학",https://www.hooh.kr/sub/teacher/next.asp?m_idx=129
130,황부영,(주)브랜다임앤파트너즈 대표,"경영/조직, 경영, 경영전략,소통, 커뮤니케이션,창의/마케팅, 광고, 마케팅",https://www.hooh.kr/sub/teacher/next.asp?m_idx=130
131,지덕용,쇼호스트컴퍼니 대표,"소통, 스피치, 프레젠테이션,SNS,세일즈, 설득, 판매",https://www.hooh.kr/sub/teacher/next.asp?m_idx=131
132,김재우,개그맨,"소통, 커뮤니케이션, 관계, 가족, 부부,힐링, 희망, 웃음, 행복",https://www.hooh.kr/sub/teacher/next.asp?m_idx=132
110,김묘정,마이오샵 대표 원장,"동기부여, 열정, 프로정신, 인생스토리, 도전, 자기관리, 삶의자세, 꿈,퍼스널브랜딩, 뷰티, 호감, 스타일링,창의/마케팅, 디자인,힐링, 실습&체험",https://www.hooh.kr/sub/teacher/next.asp?m_idx=110
111,김승일,성악가,"동기부여, 인생스토리, 삶의자세, 자기계발, 꿈,힐링, 희망, 공연&강연",https://www.hooh.kr/sub/teacher/next.asp?m_idx=111
112,육동인,전) 정무직공무원,"인문학, 세계, 문화,경영/조직, 경영, 리더십,창의/마케팅",https://www.hooh.kr/sub/teacher/next.asp?m_idx=112
113,곽동근,에너지프렌드 대표,"동기부여, 열정, 삶의자세,힐링, 웃음, 행복, 유머",https://www.hooh.kr/sub/teacher/next.asp?m_idx=113
114,박승리,EAP전문기업 ㈜알음다움 대표,"인문학, 미술,경영/조직, 조직문화, 조직관리, 조직활성화,건강, 스트레스, 심리,힐링, 마음",https://www.hooh.kr/sub/teacher/next.asp?m_idx=114
115,이제희,한국정보화진흥원 전문강사,"AI/미래, 트렌드, 디지털기술, IT,소통, 커뮤니케이션,교육, 자녀교육, 인성, 법정의무교육,힐링, 웃음, 행복, 유머",https://www.hooh.kr/sub/teacher/next.asp?m_idx=115
117,함규정,C&A EXPERT 대표,"소통, 커뮤니케이션, 관계, 가족,교육, 자녀교육, 인성,힐링, 마음",https://www.hooh.kr/sub/teacher/next.asp?m_idx=117
118,정호석,변호사,"AI/미래, IT, 블록체인,경영/조직, 스타트업,경제, 투자, 세무/법률",https://www.hooh.kr/sub/teacher/next.asp?m_idx=118
119,김대식,충남대학교 농업생명과학대학 교수,"AI/미래, 산업,사회/환경, 사회이슈",https://www.hooh.kr/sub/teacher/next.asp?m_idx=119
146,권혁수,방송인,"동기부여, 열정, 인생스토리, 도전, 자기관리, 삶의자세, 꿈, 비전, 마인드셋",https://www.hooh.kr/sub/teacher/next.asp?m_idx=146
147,이희성,컨디션 트레이너,"동기부여, 열정, 프로정신, 인생스토리, 도전, 자기관리, 자기계발,건강, 비만, 운동",https://www.hooh.kr/sub/teacher/next.asp?m_idx=147
148,양정훈,와이리더십센터 대표,"경영/조직, 리더십, 혁신, CEO,소통, 커뮤니케이션,교육, 공부법, 독서법, 글쓰기",https://www.hooh.kr/sub/teacher/next.asp?m_idx=148
149,봉만대,영화감독,"인문학, 영화,창의/마케팅, 상상력, 창의력, 콘텐츠",https://www.hooh.kr/sub/teacher/next.asp?m_idx=149
150,조관일,조관일 창의경영 연구소,"경영/조직, 경영, 리더십,소통, 관계, 스피치,창의/마케팅, 상상력, 창의력",https://www.hooh.kr/sub/teacher/next.asp?m_idx=150
151,이원석,영화감독,"인문학, 예술, 영화,창의/마케팅, 상상력, 창의력, 콘텐츠",https://www.hooh.kr/sub/teacher/next.asp?m_idx=151
153,강성률,영화평론가,"인문학, 문화, 문학, 영화",https://www.hooh.kr/sub/teacher/next.asp?m_idx=153
154,김태욱,스토리엔 대표,"창의/마케팅, 상상력, 광고, 마케팅, 콘텐츠",https://www.hooh.kr/sub/teacher/next.asp?m_idx=154
155,이미애,(주)샤론코치연구소 대표,"교육, 자녀교육, 공부법, 입시, 부모교육",https://www.hooh.kr/sub/teacher/next.asp?m_idx=155
156,정한진,역사분야 전문가,"인문학, 역사, 한국사,교육, 글쓰기",https://www.hooh.kr/sub/teacher/next.asp?m_idx=156
157,정승호,재미있는 교육컨설팅 대표,"경영/조직, 리더십, 조직활성화, 협력, 협업, 상생,소통, 관계,힐링",https://www.hooh.kr/sub/teacher/next.asp?m_idx=157
158,이정민,LJM교육연구소 원장,"동기부여, 열정, 꿈, 비전,경영/조직, 리더십, 혁신, 목표관리, 조직활성화, 변화",https://www.hooh.kr/sub/teacher/next.asp?m_idx=158
159,백용식,한국세미나교육연구소 대표,"동기부여, 비전,경영/조직, 리더십,소통, 커뮤니케이션, 스피치,취업, 진로",https://www.hooh.kr/sub/teacher/next.asp?m_idx=159
160,정선희,개그우먼,"동기부여, 열정, 인생스토리, 도전, 삶의자세, 마인드셋,소통,건강, 스트레스, 웃음,힐링, 웃음, 행복",https://www.hooh.kr/sub/teacher/next.asp?m_idx=160
161,장현근,용인대학교 교수,"동기부여, 삶의자세,인문학, 역사, 고전, 철학",https://www.hooh.kr/sub/teacher/next.asp?m_idx=161
162,김구라,개그맨,"동기부여, 열정, 프로정신, 인생스토리, 도전, 삶의자세, 마인드셋,힐링, 웃음, 유머",https://www.hooh.kr/sub/teacher/next.asp?m_idx=162
164,이희경,개그우먼,"동기부여, 열정, 인생스토리, 도전, 성공, 자기관리, 자기계발,건강, 비만,힐링, 희망, 유머",https://www.hooh.kr/sub/teacher/next.asp?m_idx=164
165,한종문,맥그로우 컨설팅 대표,"경영/조직, 경영, 리더십, 혁신, 조직관리, 목표관리, 위기관리",https://www.hooh.kr/sub/teacher/next.asp?m_idx=165
166,문훈,건축가,"인문학,창의/마케팅, 상상력, 창의력, 디자인",https://www.hooh.kr/sub/teacher/next.asp?m_idx=166
33,김산하,생명 다양성 재단 사무국장,"동기부여, 인생스토리,인문학, 과학,사회/환경, ESG",https://www.hooh.kr/sub/teacher/next.asp?m_idx=33
34,김지헌,세종대학교 경영학과 교수(브랜드 심리학자),"경영/조직, 경영전략,창의/마케팅, 마케팅, 콘텐츠",https://www.hooh.kr/sub/teacher/next.asp?m_idx=34
35,박영렬,연세대학교 경영대학 교수,"경영/조직, 경영, 혁신, 경영전략, CEO, 변화, 위기관리",https://www.hooh.kr/sub/teacher/next.asp?m_idx=35
36,정재서,이화여자대학교 명예교수,"인문학, 역사, 고전, 문화, 문학,창의/마케팅, 상상력, 창의력",https://www.hooh.kr/sub/teacher/next.asp?m_idx=36
38,성선화,기자,"경제, 금융, 주식, 자산관리, 재무설계, 부동산, 재테크, 투자, 노후",https://www.hooh.kr/sub/teacher/next.asp?m_idx=38
29,김남훈,"프로레슬링선수, 스포츠해설가","동기부여, 열정, 프로정신, 인생스토리, 도전, 성공, 자기관리, 삶의자세, 자기계발, 꿈",https://www.hooh.kr/sub/teacher/next.asp?m_idx=29
40,박수용,서강대학교 교수,"AI/미래, 디지털기술, 미래기술, 블록체인, 핀테크,경제, 금융, 디지털자산",https://www.hooh.kr/sub/teacher/next.asp?m_idx=40
41,최진실,자동자 세일즈맨,"동기부여, 열정, 프로정신, 비전, 마인드셋,세일즈, 판매, 고객관리",https://www.hooh.kr/sub/teacher/next.asp?m_idx=41
42,조정구,구가도시건축 대표,"인문학, 예술, 문화",https://www.hooh.kr/sub/teacher/next.asp?m_idx=42
43,김영희,개그맨,"동기부여, 도전, 자기계발, 꿈, 비전,소통, 커뮤니케이션, 관계, 가족, 부부, 연애,힐링, 웃음, 행복, 유머, 공연&강연",https://www.hooh.kr/sub/teacher/next.asp?m_idx=43
44,이정동,서울대학교 교수,"AI/미래, IT, 미래기술, 산업,경영/조직, 혁신, 변화",https://www.hooh.kr/sub/teacher/next.asp?m_idx=44
45,고혜림,MBC 작가,"소통, 커뮤니케이션, 관계,창의/마케팅, 상상력, 콘텐츠",https://www.hooh.kr/sub/teacher/next.asp?m_idx=45
47,김연갑,한겨레 아리랑연합회 상임이사,"인문학, 예술, 문화",https://www.hooh.kr/sub/teacher/next.asp?m_idx=47
48,이상화,전 스피드스케이팅선수,"동기부여, 열정, 프로정신, 인생스토리, 도전, 성공, 꿈, 비전, 마인드셋",https://www.hooh.kr/sub/teacher/next.asp?m_idx=48
49,한명기,명지대학교 교수,"인문학, 역사, 고전, 문화, 한국사",https://www.hooh.kr/sub/teacher/next.asp?m_idx=49
50,황현진,"셀업컨설팅 대표, 쇼핑호스트","소통, 커뮤니케이션,세일즈, 협상, 설득, 판매, 고객관리",https://www.hooh.kr/sub/teacher/next.asp?m_idx=50
51,김민,"고려대학교 교수, 데일리폴리정책연구소 소장","인문학, 역사,경영/조직, 리더십,소통, 관계, 스피치,세일즈, 협상, 설득,사회/환경, 남북관계, 국제정세",https://www.hooh.kr/sub/teacher/next.asp?m_idx=51
7,최재준,코오롱글로벌 BMW본부 차장,"동기부여, 열정, 도전, 성공,세일즈, 판매",https://www.hooh.kr/sub/teacher/next.asp?m_idx=7
8,김승욱,평택대학교 경영학과 (정) 교수,"디지털기술,경영, 경영전략, 창업, 스타트업,자녀교육,창의/마케팅, 상상력, 창의력, 광고, 마케팅, 콘텐츠,취업, 면접, 이력서(자소서), 진로, 직업관, 인생이모작",https://www.hooh.kr/sub/teacher/next.asp?m_idx=8
9,고수유,작가,"교육, 글쓰기",https://www.hooh.kr/sub/teacher/next.asp?m_idx=9
10,이성화,퀸즈컨설팅 대표,"퍼스널브랜딩, 이미지메이킹, CS, 뷰티, 패션, 스타일링, MBTI",https://www.hooh.kr/sub/teacher/next.asp?m_idx=10
11,이명신,티엔티 스피치 대표,"경영/조직, 창업, 스타트업,소통, 커뮤니케이션, 스피치, 프레젠테이션,세일즈, 협상, 설득",https://www.hooh.kr/sub/teacher/next.asp?m_idx=11
12,이영애,아이디어메이커스 대표,"소통, 프레젠테이션,창의/마케팅, 마케팅, 디자인",https://www.hooh.kr/sub/teacher/next.asp?m_idx=12
14,탁진현,심플라이프앤워크랩(대표),"동기부여, 자기관리, 삶의자세, 자기계발,인문학,퍼스널브랜딩,힐링, 마음",https://www.hooh.kr/sub/teacher/next.asp?m_idx=14
16,하종강,성공회대학교 교수,"인문학,사회/환경, 사회이슈",https://www.hooh.kr/sub/teacher/next.asp?m_idx=16
17,손진욱,BMW 코오롱 모터스 세일즈 마스터 과장,"동기부여, 열정, 프로정신, 인생스토리, 도전, 성공, 삶의자세, 자기계발,세일즈, 협상, 설득, 판매, 고객관리",https://www.hooh.kr/sub/teacher/next.asp?m_idx=17
18,최규석,만화가,"동기부여, 삶의자세,인문학, 예술,창의/마케팅, 디자인,사회/환경, 사회이슈",https://www.hooh.kr/sub/teacher/next.asp?m_idx=18
19,문형구,고려대학교 경영대학 교수,"경영/조직, 경영, 리더십, 조직문화, 혁신, 조직관리, 경영전략, CEO, 변화, 위기관리",https://www.hooh.kr/sub/teacher/next.asp?m_idx=19
20,김태욱,평창문화올림픽 총감독,"인문학, 예술, 문화,창의/마케팅, 상상력, 창의력, 콘텐츠",https://www.hooh.kr/sub/teacher/next.asp?m_idx=20
21,이진우,포항공과대학교(석좌교수),"동기부여, 삶의자세,인문학, 철학, 문화, 문학",https://www.hooh.kr/sub/teacher/next.asp?m_idx=21
22,류재운,작가,"동기부여, 자기계발,인문학,경영/조직, 리더십,경제, 재테크,소통, 커뮤니케이션,교육, 독서법, 글쓰기",https://www.hooh.kr/sub/teacher/next.asp?m_idx=22
23,한순구,연세대학교 교수,"인문학,경제,창의/마케팅, 창의력",https://www.hooh.kr/sub/teacher/next.asp?m_idx=23
24,이석우,SWNA 대표,"인문학, 예술,혁신,창의/마케팅, 창의력, 디자인",https://www.hooh.kr/sub/teacher/next.asp?m_idx=24
25,조민기,작가,"인문학, 역사, 고전, 문화, 한국사, 문학",https://www.hooh.kr/sub/teacher/next.asp?m_idx=25
60,이준기,연세대학교 정보대학원 교수,"AI/미래, 디지털기술, Ai(인공지능), 빅데이터,경영/조직, 경영, 경영전략",https://www.hooh.kr/sub/teacher/next.asp?m_idx=60
63,김범준,성균관대학교 물리학과 교수,"인문학, 과학,창의/마케팅, 상상력, 창의력",https://www.hooh.kr/sub/teacher/next.asp?m_idx=63
64,레바김,영어 교육자,"교육, 자녀교육, 공부법, 부모교육",https://www.hooh.kr/sub/teacher/next.asp?m_idx=64
66,이동준,"영화배우, 가수","동기부여, 열정, 인생스토리, 도전, 자기관리, 삶의자세, 자기계발, 꿈,힐링, 희망, 행복",https://www.hooh.kr/sub/teacher/next.asp?m_idx=66
67,강헌구,한국비전교육원 대표교수,"동기부여, 삶의자세, 꿈, 비전, 마인드셋,경영/조직, 리더십,소통,인성",https://www.hooh.kr/sub/teacher/next.asp?m_idx=67
69,박재갑,"한국세포주연구재단 대표, 의사, 교수","건강, 비만, 식이요법, 의학",https://www.hooh.kr/sub/teacher/next.asp?m_idx=69
70,유태우,의사,"동기부여, 자기관리,건강, 스트레스, 비만, 식이요법, 웃음, 의학, 노후",https://www.hooh.kr/sub/teacher/next.asp?m_idx=70
71,김연정,전)트위터 코리아 이사,"경영/조직, 리더십, 경영전략,교육, 육아,창의/마케팅, 광고, 마케팅, SNS",https://www.hooh.kr/sub/teacher/next.asp?m_idx=71
72,박순영,대유연구소 연구원,"인문학, 고전, 철학,소통, 커뮤니케이션,교육, 독서법, 글쓰기",https://www.hooh.kr/sub/teacher/next.asp?m_idx=72
73,김인석,외교부 대통령 외교의전 자문위원,"인문학, 세계, 문화,소통, 커뮤니케이션,퍼스널브랜딩, 이미지메이킹",https://www.hooh.kr/sub/teacher/next.asp?m_idx=73
74,이수영,한국디지털정책연구원(KDPPI) 상임이사,"동기부여, 열정, 자기계발, 꿈, 비전,인문학, 문화,사회/환경, 정치, 사회이슈,취업, 이력서(자소서), 진로, 직업관",https://www.hooh.kr/sub/teacher/next.asp?m_idx=74
75,김철수,SK플래닛 매니저,"교육, 글쓰기,창의/마케팅, 창의력, 마케팅,세일즈, 고객관리",https://www.hooh.kr/sub/teacher/next.asp?m_idx=75
76,최태욱,한림국제대학원대학교 정치외교학과 교수,"사회/환경, 정치, 통일, 사회이슈",https://www.hooh.kr/sub/teacher/next.asp?m_idx=76
78,황덕호,재즈평론가,"인문학, 예술, 문화, 음악",https://www.hooh.kr/sub/teacher/next.asp?m_idx=78
79,최예원,발레리나,"동기부여, 프로정신,인문학, 예술, 세계, 문화,힐링, 공연&강연",https://www.hooh.kr/sub/teacher/next.asp?m_idx=79
80,정지훈,음악 칼럼니스트,"인문학, 예술, 세계, 문화, 음악,경영/조직, 리더십",https://www.hooh.kr/sub/teacher/next.asp?m_idx=80
81,고보,에이치알디렉팅 대표,"경영/조직, 협력, 협업, 상생,소통, 커뮤니케이션, 관계,힐링, 공연&강연",https://www.hooh.kr/sub/teacher/next.asp?m_idx=81
82,박시현,서원대학교 교수,"동기부여, 자기계발,AI/미래, 트렌드,창의/마케팅, 창의력,취업, 진로, 직업관",https://www.hooh.kr/sub/teacher/next.asp?m_idx=82
99,문석현,데이터 경영연구소 소장,"AI/미래, 빅데이터, 미래기술, 비즈니스,인문학, 과학,교육, 자녀교육,창의/마케팅, 마케팅, 디자인",https://www.hooh.kr/sub/teacher/next.asp?m_idx=99
100,고영건,고려대학교 교수,"경영/조직, 리더십, CEO,건강, 심리, 정신,교육, 인성, 부모교육,힐링, 행복, 마음, 자존감",https://www.hooh.kr/sub/teacher/next.asp?m_idx=100
101,김진호,교수,"AI/미래, Ai(인공지능), DX, 빅데이터, 비즈니스",https://www.hooh.kr/sub/teacher/next.asp?m_idx=101
93,김주하,말센스연구소 대표,"동기부여, 프로정신, 도전, 마인드셋,경영/조직, 경영,소통, 스피치,세일즈, 협상, 설득, 유통, 판매, 고객관리",https://www.hooh.kr/sub/teacher/next.asp?m_idx=93
94,최대호,시인,"동기부여, 삶의자세, 자기계발,인문학, 문학, 시,힐링, 행복, 마음",https://www.hooh.kr/sub/teacher/next.asp?m_idx=94
95,정용민,스트래티지샐러드 대표,"경영/조직, 경영, 리더십, 조직문화, 조직관리, CEO, 위기관리",https://www.hooh.kr/sub/teacher/next.asp?m_idx=95
96,진경환,웹드라마 감독 겸 배우,"창의/마케팅, 창의력, 광고, 콘텐츠",https://www.hooh.kr/sub/teacher/next.asp?m_idx=96
97,최명기,정신과전문의,"건강, 의학, 심리, 정신,힐링, 마음",https://www.hooh.kr/sub/teacher/next.asp?m_idx=97
88,함순웅,골퍼,"건강, 운동,힐링, 실습&체험",https://www.hooh.kr/sub/teacher/next.asp?m_idx=88
89,김다영,여행 전문가,"동기부여, 인생스토리, 삶의자세, 자기계발,힐링, 여행",https://www.hooh.kr/sub/teacher/next.asp?m_idx=89
91,김정식,연세대학교(명예교수),"경영,경제, 경제전망",https://www.hooh.kr/sub/teacher/next.asp?m_idx=91
53,김병연,서울대학교 경제학부 교수,"경제, 경제전망,사회/환경, 정치, 남북관계, 통일",https://www.hooh.kr/sub/teacher/next.asp?m_idx=53
54,임성민,"탤런트, 아나운서","동기부여, 열정, 프로정신, 인생스토리, 도전, 자기관리, 삶의자세, 꿈, 마인드셋",https://www.hooh.kr/sub/teacher/next.asp?m_idx=54
55,박기열,"예술가, 대학교수","인문학, 역사, 미술, 예술,창의/마케팅, 상상력, 창의력",https://www.hooh.kr/sub/teacher/next.asp?m_idx=55
56,임을출,경남대학교 극동문제 연구소 교수,"사회/환경, 정치, 남북관계, 분단, 국제정세, 통일",https://www.hooh.kr/sub/teacher/next.asp?m_idx=56
57,곽백수,만화가,"창의/마케팅, 상상력, 창의력, 콘텐츠, 디자인",https://www.hooh.kr/sub/teacher/next.asp?m_idx=57
1252,이현욱,건축가,"인문학,경제, 부동산,창의/마케팅, 디자인",https://www.hooh.kr/sub/teacher/next.asp?m_idx=1252
1246,임수희,브랜딩과말하기연구소 대표,"동기부여, 자기관리, 자기계발,경영/조직, 리더십, 조직문화, 조직활성화, 협력, 협업, 상생,소통, 커뮤니케이션, 관계,퍼스널브랜딩, 이미지메이킹, CS",https://www.hooh.kr/sub/teacher/next.asp?m_idx=1246
1250,이효정,리딩 컨설턴트,"동기부여, 도전, 삶의자세, 비전,인문학, 문화, 문학,교육, 독서법",https://www.hooh.kr/sub/teacher/next.asp?m_idx=1250
1254,이하림,바이올리니스트,"동기부여, 열정, 인생스토리, 도전, 삶의자세, 꿈, 마인드셋,공연&강연",https://www.hooh.kr/sub/teacher/next.asp?m_idx=1254
1255,김황영,여행작가,"동기부여, 인생스토리, 도전,힐링, 여행",https://www.hooh.kr/sub/teacher/next.asp?m_idx=1255
1256,이태수,서울대학교 명예교수,"인문학, 고전, 철학",https://www.hooh.kr/sub/teacher/next.asp?m_idx=1256
1242,임승수,작가,"동기부여,인문학, 철학,교육, 글쓰기",https://www.hooh.kr/sub/teacher/next.asp?m_idx=1242
1243,장미화,개그우먼,"동기부여, 열정, 프로정신, 도전,경영/조직, 리더십,소통, 가족, 부부,교육, 여성학,힐링, 웃음, 행복, 유머, 마음",https://www.hooh.kr/sub/teacher/next.asp?m_idx=1243
1244,장하다,전문 MC,"힐링, 웃음, 행복, 유머, 실습&체험",https://www.hooh.kr/sub/teacher/next.asp?m_idx=1244
1217,박칼린,음악 예술감독,"동기부여, 열정, 프로정신, 인생스토리, 도전, 자기계발, 꿈, 비전, 마인드셋,예술, 문화,경영/조직, 리더십,힐링, 공연&강연",https://www.hooh.kr/sub/teacher/next.asp?m_idx=1217
1218,양준혁,"스포츠해설가, 전) 야구선수","동기부여, 열정, 프로정신, 인생스토리, 도전, 성공, 꿈, 비전, 마인드셋",https://www.hooh.kr/sub/teacher/next.asp?m_idx=1218
1219,안선영,"탤랜트, 개그맨","동기부여, 열정, 프로정신, 인생스토리, 도전, 성공, 삶의자세, 마인드셋,소통,힐링, 행복, 워라벨, 자존감",https://www.hooh.kr/sub/teacher/next.asp?m_idx=1219
1221,송승환,"문화기관단체인, 영화배우","동기부여, 열정, 프로정신, 도전, 성공, 비전,경영/조직, 리더십,창의/마케팅, 상상력, 창의력, 콘텐츠",https://www.hooh.kr/sub/teacher/next.asp?m_idx=1221
1223,손미나,"여행 작가, 전) KBS아나운서","동기부여, 열정, 인생스토리, 도전, 삶의자세, 꿈, 비전, 마인드셋,힐링, 행복, 여행",https://www.hooh.kr/sub/teacher/next.asp?m_idx=1223
1224,오은영,오은영의원 소아청소년클리닉 원장,"동기부여, 도전, 삶의자세,소통, 커뮤니케이션, 관계, 가족, 부부,교육, 자녀교육, 육아, 여성학, 인성, 부모교육",https://www.hooh.kr/sub/teacher/next.asp?m_idx=1224
1228,엄홍길,산악인,"동기부여, 열정, 인생스토리, 도전, 삶의자세, 꿈, 마인드셋",https://www.hooh.kr/sub/teacher/next.asp?m_idx=1228
1229,서정임,한국부모교육센터 센터장,"소통, 커뮤니케이션, 관계, 가족,건강, 심리,교육, 자녀교육, 육아, 부모교육",https://www.hooh.kr/sub/teacher/next.asp?m_idx=1229
1230,양진석,"건축가, 와이그룹 대표이사","동기부여, 삶의자세,인문학, 예술,창의/마케팅, 창의력, 디자인",https://www.hooh.kr/sub/teacher/next.asp?m_idx=1230
1231,강진주,퍼스널이미지연구소 소장,"경영/조직, CEO,퍼스널브랜딩, 이미지메이킹, 뷰티, 호감, 스타일링",https://www.hooh.kr/sub/teacher/next.asp?m_idx=1231
1232,샘 해밍턴,방송인,"동기부여, 열정, 인생스토리, 도전, 성공, 삶의자세, 꿈, 비전,인문학, 문화,힐링, 웃음, 행복, 유머",https://www.hooh.kr/sub/teacher/next.asp?m_idx=1232
1207,박영숙,유엔미래포럼 대표,"트렌드, Ai(인공지능)",https://www.hooh.kr/sub/teacher/next.asp?m_idx=1207
1210,빈현우,펀리더십 코칭 아카데미 원장,"동기부여, 열정, 꿈,소통, 스피치",https://www.hooh.kr/sub/teacher/next.asp?m_idx=1210
1212,에드워드 권,요리연구가,"동기부여, 열정, 인생스토리, 도전, 성공, 비전,취업, 진로, 직업관",https://www.hooh.kr/sub/teacher/next.asp?m_idx=1212
1214,서경석,"MC, 개그맨","동기부여, 열정, 프로정신, 인생스토리, 도전, 성공, 자기관리, 삶의자세, 자기계발, 꿈, 비전, 마인드셋,인문학, 역사, 한국사,창의/마케팅, 창의력,힐링, 행복,취업, 진로",https://www.hooh.kr/sub/teacher/next.asp?m_idx=1214
1201,임규남,잡어드바이스 대표,"동기부여, 인생스토리, 자기관리, 자기계발, 마인드셋,경영/조직, 리더십, 목표관리, 협력, 협업, 상생,소통,교육, 공부법,취업, 진로",https://www.hooh.kr/sub/teacher/next.asp?m_idx=1201
1202,박지윤,"MC, 전)아나운서","동기부여, 열정, 프로정신, 삶의자세, 자기계발, 꿈, 마인드셋",https://www.hooh.kr/sub/teacher/next.asp?m_idx=1202
1203,유수연,"유스타온 대표, 유스타 잉글리시어학원 원장","동기부여, 열정, 도전, 성공, 자기계발, 꿈, 비전,교육, 공부법, 입시,취업, 진로, 인생이모작",https://www.hooh.kr/sub/teacher/next.asp?m_idx=1203
1165,서민준,마인드스위치 대표,"동기부여, 자기계발, 꿈, 비전, 마인드셋,힐링, 행복,진로",https://www.hooh.kr/sub/teacher/next.asp?m_idx=1165
1167,최승원,성악가,"동기부여, 열정, 인생스토리, 도전, 성공, 삶의자세, 자기계발, 꿈,인문학, 음악,힐링, 희망, 공연&강연",https://www.hooh.kr/sub/teacher/next.asp?m_idx=1167
1168,장항준,영화감독,"동기부여, 열정, 프로정신, 인생스토리, 도전, 성공, 삶의자세, 꿈, 비전, 마인드셋,인문학, 영화,창의/마케팅, 창의력,힐링, 웃음, 마음",https://www.hooh.kr/sub/teacher/next.asp?m_idx=1168
1169,전현무,"MC, 전)아나운서","동기부여, 열정, 인생스토리, 성공, 자기관리, 자기계발, 꿈, 비전",https://www.hooh.kr/sub/teacher/next.asp?m_idx=1169
1155,조세현,사진작가,"동기부여, 열정,인문학, 예술, 문화,힐링",https://www.hooh.kr/sub/teacher/next.asp?m_idx=1155
1156,서민,단국대학교 의과대학 교수,"인문학, 고전, 세계, 과학,건강, 의학,교육, 여성학, 독서법, 글쓰기,사회/환경, 사회이슈",https://www.hooh.kr/sub/teacher/next.asp?m_idx=1156
1157,박명수,방송인,"동기부여, 열정, 프로정신, 인생스토리, 도전, 삶의자세, 꿈, 마인드셋,창업,힐링, 웃음, 행복, 유머",https://www.hooh.kr/sub/teacher/next.asp?m_idx=1157
1159,김국현,"IT 칼럼니스트, 에디토이  대표","자기계발,AI/미래, 트렌드, 디지털기술, IT, 미래기술",https://www.hooh.kr/sub/teacher/next.asp?m_idx=1159
1146,김형환,스타트경영캠퍼스 대표,"동기부여, 성공,경영/조직, 리더십, 혁신, 목표관리, 경영전략, 변화,창의/마케팅,취업, 진로",https://www.hooh.kr/sub/teacher/next.asp?m_idx=1146
1147,김병만,개그맨,"동기부여, 열정, 프로정신, 인생스토리,힐링, 웃음, 유머",https://www.hooh.kr/sub/teacher/next.asp?m_idx=1147
1150,강은미,한국인재경영교육원 대표,"동기부여, 성공, 비전,경영/조직, 리더십, 조직문화, 조직관리,소통, 커뮤니케이션,교육, 자녀교육, 육아, 여성학, 부모교육,세일즈, 고객관리",https://www.hooh.kr/sub/teacher/next.asp?m_idx=1150
1151,김현욱,"MC, 아나운서","동기부여, 열정, 프로정신, 도전,소통, 커뮤니케이션, 스피치",https://www.hooh.kr/sub/teacher/next.asp?m_idx=1151
1152,정혜신,정신건강의학과의사,"동기부여, 인생스토리, 꿈, 비전,건강, 스트레스, 심리, 정신,교육, 자녀교육,힐링, 마음",https://www.hooh.kr/sub/teacher/next.asp?m_idx=1152
1153,노홍철,방송인,"동기부여, 열정, 도전, 성공, 삶의자세,웃음",https://www.hooh.kr/sub/teacher/next.asp?m_idx=1153
1124,최인혜,기업인,"동기부여, 자기계발,인문학, 문화,경영/조직, 리더십,소통, 스피치,교육, 자녀교육, 공부법,힐링, 여행",https://www.hooh.kr/sub/teacher/next.asp?m_idx=1124
1125,표철민,체인파트너스 대표이사,"동기부여, 열정, 인생스토리, 도전, 삶의자세,AI/미래, Ai(인공지능), DX, 모바일웹, 블록체인,경영/조직, 창업, 스타트업",https://www.hooh.kr/sub/teacher/next.asp?m_idx=1125
1126,김혁건,가수 더 크로스,"동기부여, 열정, 인생스토리, 도전, 삶의자세, 마인드셋,힐링, 희망, 공연&강연",https://www.hooh.kr/sub/teacher/next.asp?m_idx=1126
1128,김민경,아트스피치& 커뮤니케이션 원장,"경영/조직, 리더십,소통, 커뮤니케이션, 스피치, 프레젠테이션",https://www.hooh.kr/sub/teacher/next.asp?m_idx=1128
1129,이준오,(주)굿인사이트 대표,"경영/조직, 리더십, 조직문화, 혁신, 조직관리, 조직활성화, 변화, 협력, 협업, 상생,소통, 커뮤니케이션, 스피치, 프레젠테이션,퍼스널브랜딩, CS",https://www.hooh.kr/sub/teacher/next.asp?m_idx=1129
1130,채정호,가톨릭대학교 서울성모병원 교수,"동기부여, 삶의자세, 마인드셋,건강, 스트레스, 심리, 정신,힐링, 행복, 마음",https://www.hooh.kr/sub/teacher/next.asp?m_idx=1130
1171,장윤주,"모델, 배우, 방송인","동기부여, 열정, 인생스토리, 도전, 자기관리, 꿈,인문학, 예술,퍼스널브랜딩, 이미지메이킹, 패션, 스타일링",https://www.hooh.kr/sub/teacher/next.asp?m_idx=1171
1172,박찬호,전)야구선수,"동기부여, 열정, 프로정신, 도전, 성공, 자기관리, 자기계발, 꿈, 비전, 마인드셋",https://www.hooh.kr/sub/teacher/next.asp?m_idx=1172
1173,장용석,㈜장대장 부동산 그룹 대표이사,"경제, 경제전망, 부동산, 투자",https://www.hooh.kr/sub/teacher/next.asp?m_idx=1173
1174,유경철,소통과 공감 대표,"경영/조직, 경영, 리더십, 조직문화, 조직관리, 조직활성화, CEO, 협력, 협업, 상생,소통, 커뮤니케이션, 관계",https://www.hooh.kr/sub/teacher/next.asp?m_idx=1174
1175,박수홍,"MC, 개그맨","동기부여, 열정, 인생스토리, 도전, 성공, 삶의자세, 꿈, 비전, 마인드셋",https://www.hooh.kr/sub/teacher/next.asp?m_idx=1175
1176,우상규,(사)서울여해재단 이순신학교 교장,"동기부여, 자기관리, 마인드셋,인문학, 역사,경영/조직, 리더십, 위기관리, 협력, 협업, 상생",https://www.hooh.kr/sub/teacher/next.asp?m_idx=1176
1177,박미선,"MC, 개그우먼","동기부여, 열정, 인생스토리, 도전, 자기관리, 삶의자세,힐링, 희망, 웃음, 행복, 마음",https://www.hooh.kr/sub/teacher/next.asp?m_idx=1177
1180,권영민,권영민인문학연구소 소장,"인문학, 역사, 고전, 철학,소통, 관계,교육, 자녀교육, 독서법, 인성, 부모교육, 글쓰기,창의/마케팅",https://www.hooh.kr/sub/teacher/next.asp?m_idx=1180
1181,정아름,헬스 트레이너,"동기부여, 자기관리,건강, 비만, 운동",https://www.hooh.kr/sub/teacher/next.asp?m_idx=1181
1182,박경림,방송인,"동기부여, 열정, 프로정신, 인생스토리, 도전, 성공, 자기관리, 삶의자세, 마인드셋,소통, 관계,힐링, 희망, 행복, 워라벨",https://www.hooh.kr/sub/teacher/next.asp?m_idx=1182
1183,강건,강건 인문학교실 대표,"동기부여, 삶의자세, 자기계발, 꿈,인문학,교육, 독서법",https://www.hooh.kr/sub/teacher/next.asp?m_idx=1183
1186,정연승,단국대학교 경영학부 부교수,"소통, 커뮤니케이션,창의/마케팅, 마케팅",https://www.hooh.kr/sub/teacher/next.asp?m_idx=1186
1187,백지연,MC,"동기부여, 삶의자세,소통, 스피치",https://www.hooh.kr/sub/teacher/next.asp?m_idx=1187
1188,이장우,한국마케팅협회 부회장,"동기부여, 성공, 꿈,AI/미래, 트렌드,경영/조직, 경영, 리더십, 혁신, 경영전략, CEO, 창업, 스타트업,창의/마케팅, 마케팅,세일즈",https://www.hooh.kr/sub/teacher/next.asp?m_idx=1188
1189,김태원,가수,"동기부여, 열정, 인생스토리, 도전, 꿈,힐링, 희망, 행복, 마음",https://www.hooh.kr/sub/teacher/next.asp?m_idx=1189
1191,이원복,"만화가, 대학교수","인문학, 역사, 세계, 문화, 한국사",https://www.hooh.kr/sub/teacher/next.asp?m_idx=1191
1192,한상완,기업인,"경제, 경제전망, 부동산, 투자,사회/환경, 국제정세",https://www.hooh.kr/sub/teacher/next.asp?m_idx=1192
1193,오상진,"전) 아나운서, MC","동기부여, 열정, 프로정신, 도전, 성공, 꿈, 비전, 마인드셋",https://www.hooh.kr/sub/teacher/next.asp?m_idx=1193
1195,설기문,설기문 마음연구소 소장,"동기부여, 자기계발,건강, 스트레스, 심리, 정신,힐링, 행복, 공연&강연",https://www.hooh.kr/sub/teacher/next.asp?m_idx=1195
1196,서정학,성악가,"동기부여, 인생스토리,인문학, 예술, 음악,공연&강연",https://www.hooh.kr/sub/teacher/next.asp?m_idx=1196
1197,이승환,개그맨,"동기부여, 열정, 인생스토리, 도전, 성공, 삶의자세, 자기계발, 비전,힐링, 희망",https://www.hooh.kr/sub/teacher/next.asp?m_idx=1197
1055,최일주,21세기 성공계발 연구원 소장,"동기부여, 열정, 도전, 성공, 삶의자세, 비전, 마인드셋,세일즈",https://www.hooh.kr/sub/teacher/next.asp?m_idx=1055
1056,최선임,스타일리스트,"퍼스널브랜딩, 이미지메이킹, 패션, 스타일링",https://www.hooh.kr/sub/teacher/next.asp?m_idx=1056
1057,강민원,역술가,"동기부여, 프로정신, 삶의자세,인문학, 역사,소통, 관계,힐링",https://www.hooh.kr/sub/teacher/next.asp?m_idx=1057
1058,최복호,"패션디자이너, 한국패션협회 이사","인문학, 예술, 문화,퍼스널브랜딩, 패션, 스타일링,창의/마케팅, 창의력, 디자인",https://www.hooh.kr/sub/teacher/next.asp?m_idx=1058
1059,최강현,부부행복연구원 원장,"경영/조직, 조직문화,노후,소통, 커뮤니케이션, 관계, 가족, 부부,교육, 성교육, 부모교육, 법정의무교육,힐링, 행복",https://www.hooh.kr/sub/teacher/next.asp?m_idx=1059
1050,성석제,소설가,"인문학, 문학,교육, 독서법, 글쓰기",https://www.hooh.kr/sub/teacher/next.asp?m_idx=1050
1051,허은아,㈜예라고 대표이사,"동기부여, 열정, 프로정신, 성공, 자기관리,경영/조직, 리더십,소통, 커뮤니케이션, 관계,퍼스널브랜딩, 이미지메이킹",https://www.hooh.kr/sub/teacher/next.asp?m_idx=1051
1029,박재원,아름다운배움 소장,"소통, 가족,교육, 자녀교육, 공부법, 부모교육",https://www.hooh.kr/sub/teacher/next.asp?m_idx=1029
1030,김홍탁,"광고평론가, 기업인","창의/마케팅, 상상력, 창의력, 광고, 마케팅, 콘텐츠",https://www.hooh.kr/sub/teacher/next.asp?m_idx=1030
1087,황교익,"연구기관단체인, 맛 칼럼니스트","인문학, 문화,힐링, 행복",https://www.hooh.kr/sub/teacher/next.asp?m_idx=1087
1089,신미식,"사진작가, 여행작가","동기부여,창의/마케팅, 디자인,힐링, 여행",https://www.hooh.kr/sub/teacher/next.asp?m_idx=1089
1090,정일구,"도요타생산방식(TPS)경영 컨설턴트, 공장관리 기술사","성공,경영/조직, 경영, 리더십, 조직문화, 혁신, 변화, 위기관리",https://www.hooh.kr/sub/teacher/next.asp?m_idx=1090
1091,배양숙,글로벌 인사이트 포럼 대표,"동기부여, 열정, 도전, 성공, 삶의자세, 비전,인문학",https://www.hooh.kr/sub/teacher/next.asp?m_idx=1091
1092,김현진,OBM 스피치 커뮤니케이션 부원장,"소통, 커뮤니케이션, 스피치, 프레젠테이션,퍼스널브랜딩, 이미지메이킹,취업, 면접",https://www.hooh.kr/sub/teacher/next.asp?m_idx=1092
1094,김승원,메이크업 아티스트,"동기부여, 자기관리,퍼스널브랜딩, 이미지메이킹, 뷰티, 호감,창의/마케팅, 디자인",https://www.hooh.kr/sub/teacher/next.asp?m_idx=1094
1095,우지은,"기업인, 아나운서","소통, 커뮤니케이션, 스피치, 프레젠테이션,취업, 면접",https://www.hooh.kr/sub/teacher/next.asp?m_idx=1095
1096,임유정,"기업인, 아나운서","소통, 스피치, 프레젠테이션,퍼스널브랜딩, CS, 호감",https://www.hooh.kr/sub/teacher/next.asp?m_idx=1096
1097,박종진,"언론인, 기업인","경영/조직, 조직활성화,소통, 커뮤니케이션",https://www.hooh.kr/sub/teacher/next.asp?m_idx=1097
1098,김영희,연성대학교 컴퓨터 소프트웨어과 교수,"AI/미래, IT,소통,퍼스널브랜딩, 이미지메이킹,창의/마케팅, SNS,취업, 면접",https://www.hooh.kr/sub/teacher/next.asp?m_idx=1098
1099,한세구,기업인,"경제, 주식, 자산관리, 재테크, 투자",https://www.hooh.kr/sub/teacher/next.asp?m_idx=1099
1068,장용진,KNT 대표이사,"동기부여,경영/조직, 리더십, 조직관리, 조직활성화,소통, 커뮤니케이션",https://www.hooh.kr/sub/teacher/next.asp?m_idx=1068
1069,장소영,장이미지 컨설팅 대표,"동기부여, 성공, 자기관리,퍼스널브랜딩, 이미지메이킹, 뷰티, 패션, 호감, 스타일링",https://www.hooh.kr/sub/teacher/next.asp?m_idx=1069
1070,이영곤,리앤리더스 대표,"경영/조직, 경영, 리더십, 목표관리, 경영전략,소통, 커뮤니케이션, 프레젠테이션,창의/마케팅, 마케팅,세일즈, 협상,취업, 면접, 이력서(자소서)",https://www.hooh.kr/sub/teacher/next.asp?m_idx=1070
1072,이정숙,"에듀테이너그룹 대표, 전)KBS 3기 공채 아나운서","소통, 커뮤니케이션, 관계, 스피치, 가족, 부부,교육, 자녀교육, 육아, 부모교육",https://www.hooh.kr/sub/teacher/next.asp?m_idx=1072
1073,김정래,청운대학교 부교수,"동기부여, 자기계발,경영/조직, 리더십, 목표관리, 창업,창의/마케팅, 마케팅,취업, 이력서(자소서)",https://www.hooh.kr/sub/teacher/next.asp?m_idx=1073
1075,이임선,서울대병원 가정의학과 간호사,"소통,건강, 스트레스, 웃음,힐링, 웃음, 행복, 유머",https://www.hooh.kr/sub/teacher/next.asp?m_idx=1075
1076,김별아,소설가,"동기부여, 삶의자세,인문학, 역사, 문학,교육, 여성학, 글쓰기",https://www.hooh.kr/sub/teacher/next.asp?m_idx=1076
1077,이원국,"이원국 발레단 대표이사, 예술감독","동기부여, 열정, 인생스토리, 도전, 자기관리, 꿈, 마인드셋,인문학, 예술",https://www.hooh.kr/sub/teacher/next.asp?m_idx=1077
1078,이순하,소통코리아 대표,"동기부여, 열정,소통, 커뮤니케이션, 관계, 가족",https://www.hooh.kr/sub/teacher/next.asp?m_idx=1078
1079,윤홍식,"정당인, 작가","인문학, 고전, 철학,힐링",https://www.hooh.kr/sub/teacher/next.asp?m_idx=1079
1080,이상건,미래에셋은퇴연구소 상무,"경제, 금융, 주식, 자산관리, 재무설계, 재테크, 투자, 노후",https://www.hooh.kr/sub/teacher/next.asp?m_idx=1080
1081,이범,"교육평론가, 민주정책연구원 부원장","교육, 자녀교육, 공부법, 입시, 독서법, 부모교육",https://www.hooh.kr/sub/teacher/next.asp?m_idx=1081
1082,이명옥,"사비나미술관 관장, 한국사립미술관협회 회장","열정,인문학, 미술, 예술, 문화",https://www.hooh.kr/sub/teacher/next.asp?m_idx=1082
1083,서장훈,"방송인, 전) 농구선수","동기부여, 열정, 프로정신, 인생스토리, 도전, 자기계발, 꿈, 마인드셋",https://www.hooh.kr/sub/teacher/next.asp?m_idx=1083
1084,우문식,한국긍정심리연구소 소장,"동기부여, 삶의자세, 마인드셋,소통, 커뮤니케이션,건강, 정신,힐링, 행복, 마음",https://www.hooh.kr/sub/teacher/next.asp?m_idx=1084
1085,엄명종,한국청소년코칭센터 대표,"동기부여, 도전, 꿈,교육, 자녀교육, 공부법,취업, 진로",https://www.hooh.kr/sub/teacher/next.asp?m_idx=1085
1062,정연아,정연아 이미지테크 대표,"퍼스널브랜딩, 이미지메이킹, 뷰티, 호감",https://www.hooh.kr/sub/teacher/next.asp?m_idx=1062
1053,한광일,국제웃음치료협회 회장,"동기부여, 자기관리,소통,건강,힐링, 웃음",https://www.hooh.kr/sub/teacher/next.asp?m_idx=1053
1064,전환규,"개그맨, 가수","동기부여, 열정,인성,힐링, 웃음, 행복, 유머",https://www.hooh.kr/sub/teacher/next.asp?m_idx=1064
1101,미키김(김현유),액트투벤처스 대표,"동기부여, 열정, 인생스토리, 자기관리, 꿈, 마인드셋,AI/미래, 트렌드,경영/조직, 경영, 리더십, 조직문화, 혁신, CEO,경제, 자산관리, 재테크,취업, 진로, 직업관",https://www.hooh.kr/sub/teacher/next.asp?m_idx=1101
1102,홍신애,"요리연구가, 푸드스타일리스트","동기부여, 열정, 도전,건강, 식이요법,힐링, 실습&체험",https://www.hooh.kr/sub/teacher/next.asp?m_idx=1102
1132,최홍일,대한노래지도사자격교육협회 회장,"힐링, 웃음, 공연&강연",https://www.hooh.kr/sub/teacher/next.asp?m_idx=1132
1134,한비야,전)국제기관단체인,"동기부여, 열정, 인생스토리, 도전, 삶의자세, 비전,힐링, 희망, 마음, 나눔, 봉사, 여행,사회/환경, 사회이슈",https://www.hooh.kr/sub/teacher/next.asp?m_idx=1134
1136,정혜윤,CBS 라디오 PD,"동기부여, 인생스토리, 삶의자세, 자기계발, 마인드셋,인문학,교육, 독서법,힐링, 행복, 워라벨, 여행",https://www.hooh.kr/sub/teacher/next.asp?m_idx=1136
1137,배윤희,이루다 스피치학원 원장,"소통, 커뮤니케이션, 스피치, 프레젠테이션,취업, 면접",https://www.hooh.kr/sub/teacher/next.asp?m_idx=1137
1138,오세영,시인,"인문학, 철학, 문화, 문학, 시",https://www.hooh.kr/sub/teacher/next.asp?m_idx=1138
1139,배상민,카이스트 교수,"창의/마케팅, 상상력, 창의력, 디자인",https://www.hooh.kr/sub/teacher/next.asp?m_idx=1139
1140,김현기,경기대학교 사회교육원 리더스스피치 과정 주임교수,"소통, 커뮤니케이션, 스피치, 프레젠테이션",https://www.hooh.kr/sub/teacher/next.asp?m_idx=1140
1142,장석종,"서울장신대학교 자연치유선교대학원 원장, 국제사이버대학교 객원교수","건강, 식이요법,힐링, 행복",https://www.hooh.kr/sub/teacher/next.asp?m_idx=1142
1143,안도현,"시인, 단국대학교 교수","인문학, 문학, 시,교육, 글쓰기,창의/마케팅, 창의력",https://www.hooh.kr/sub/teacher/next.asp?m_idx=1143
1104,김효석,김효석아카데미 대표,"소통, 커뮤니케이션, 스피치,창의/마케팅, 마케팅,세일즈, 설득, 판매",https://www.hooh.kr/sub/teacher/next.asp?m_idx=1104
1105,이보영,에듀박스 언어공학연구소 소장,"교육, 자녀교육, 공부법, 부모교육",https://www.hooh.kr/sub/teacher/next.asp?m_idx=1105
1106,김봉국,한국금융신문 사장,"동기부여, 성공,경영/조직, 경영, 리더십, 혁신, 변화",https://www.hooh.kr/sub/teacher/next.asp?m_idx=1106
1107,태원준,여행작가,"동기부여, 인생스토리, 도전, 자기계발,인문학, 세계, 문화,힐링, 행복, 여행,취업, 직업관",https://www.hooh.kr/sub/teacher/next.asp?m_idx=1107
1108,송동훈,여행작가,"인문학, 세계,리더십",https://www.hooh.kr/sub/teacher/next.asp?m_idx=1108
1109,우현증,메이크업아티스트,"퍼스널브랜딩, 이미지메이킹, 뷰티, 스타일링",https://www.hooh.kr/sub/teacher/next.asp?m_idx=1109
1110,김도윤,"작가, 교육회사 나우잉 공동 대표","동기부여, 열정, 프로정신, 삶의자세, 자기계발, 비전, 마인드셋,인문학,경영/조직, 리더십, 목표관리,소통, 프레젠테이션,취업, 진로, 직업관",https://www.hooh.kr/sub/teacher/next.asp?m_idx=1110
1111,권순훤,피아니스트,"인문학, 예술, 음악,힐링, 공연&강연",https://www.hooh.kr/sub/teacher/next.asp?m_idx=1111
1112,공문선,커뮤니케이션 클리닉 원장,"소통, 커뮤니케이션, 스피치",https://www.hooh.kr/sub/teacher/next.asp?m_idx=1112
1114,정목스님,"승려, 방송인","동기부여, 삶의자세,건강, 스트레스, 웃음,힐링, 종교, 행복, 마음",https://www.hooh.kr/sub/teacher/next.asp?m_idx=1114
1115,선대인,"연구기관단체인, 전) 신문기자","경제, 주식, 자산관리, 경제전망, 부동산, 재테크, 투자,사회/환경, 사회이슈",https://www.hooh.kr/sub/teacher/next.asp?m_idx=1115
1116,박양신,스피치&이미지연구소 소장,"소통, 커뮤니케이션, 스피치, 프레젠테이션,퍼스널브랜딩, 이미지메이킹",https://www.hooh.kr/sub/teacher/next.asp?m_idx=1116
1117,최창호,칼럼니스트,"동기부여, 자기관리, 마인드셋,소통, 관계, 가족,건강, 심리, 정신,교육, 자녀교육, 인성, 부모교육,힐링, 행복",https://www.hooh.kr/sub/teacher/next.asp?m_idx=1117
1119,서인선,행복충전 아카데미 원장,"건강, 스트레스,힐링, 웃음, 행복, 유머, 공연&강연",https://www.hooh.kr/sub/teacher/next.asp?m_idx=1119
1120,서은영,크리에이티브디렉터,"동기부여,퍼스널브랜딩, 이미지메이킹, 뷰티, 패션, 스타일링",https://www.hooh.kr/sub/teacher/next.asp?m_idx=1120
904,김성회,CEO리더십 연구소장,"인문학, 고전,경영/조직, 리더십, 조직문화, 조직관리, 경영전략, CEO",https://www.hooh.kr/sub/teacher/next.asp?m_idx=904
905,김성호,솔로몬연구소 대표,"동기부여, 자기계발,경영/조직, 경영, 리더십, 혁신, 조직관리, 조직활성화, 경영전략, 변화, 위기관리",https://www.hooh.kr/sub/teacher/next.asp?m_idx=905
906,이수근,"개그맨, MC","동기부여, 열정, 프로정신, 인생스토리, 도전, 성공, 삶의자세, 꿈, 비전, 마인드셋,힐링, 웃음",https://www.hooh.kr/sub/teacher/next.asp?m_idx=906
892,배한성,"성우, 방송인","동기부여, 인생스토리, 도전, 성공, 삶의자세, 자기계발,소통, 스피치,힐링, 자존감",https://www.hooh.kr/sub/teacher/next.asp?m_idx=892
895,박범신,"문화기관단체인, 작가","동기부여, 인생스토리, 삶의자세,인문학, 고전, 문학,힐링, 행복",https://www.hooh.kr/sub/teacher/next.asp?m_idx=895
896,박동규,서울대학교 명예교수,"동기부여, 삶의자세,인문학, 문학, 시,교육, 독서법,힐링, 행복",https://www.hooh.kr/sub/teacher/next.asp?m_idx=896
897,박근아,와인드 컴퍼니 대표,"동기부여, 열정, 성공,소통, 스피치, 프레젠테이션,힐링, 자존감",https://www.hooh.kr/sub/teacher/next.asp?m_idx=897
898,김태훈,"팝 칼럼니스트, DJ","동기부여, 열정, 꿈, 마인드셋,인문학, 문화, 영화,소통, 커뮤니케이션, 관계,교육, 독서법,마케팅,힐링,취업, 진로",https://www.hooh.kr/sub/teacher/next.asp?m_idx=898
908,권민,유니타스브랜드 편집장,"퍼스널브랜딩,창의/마케팅, 마케팅,취업, 인생이모작",https://www.hooh.kr/sub/teacher/next.asp?m_idx=908
909,권미진,개그우먼,"동기부여, 열정, 도전,건강, 비만, 식이요법, 웃음",https://www.hooh.kr/sub/teacher/next.asp?m_idx=909
910,구성애,푸른 아우성 대표,"소통, 부부,교육, 자녀교육, 육아, 여성학, 성교육",https://www.hooh.kr/sub/teacher/next.asp?m_idx=910
912,고산,"기업인, 연구인","동기부여, 열정, 인생스토리, 도전, 꿈, 비전, 마인드셋,경영/조직, 창업",https://www.hooh.kr/sub/teacher/next.asp?m_idx=912
913,고봉익,티엠디교육그룹 대표,"교육, 자녀교육, 공부법, 입시, 부모교육",https://www.hooh.kr/sub/teacher/next.asp?m_idx=913
914,강영호,사진작가,"동기부여, 열정,인문학, 예술, 문화,창의/마케팅, 디자인,힐링, 실습&체험",https://www.hooh.kr/sub/teacher/next.asp?m_idx=914
915,이미도,"물고기 도서관대표, 외화번역전문가","예술,창의/마케팅, 상상력, 창의력",https://www.hooh.kr/sub/teacher/next.asp?m_idx=915
928,지승룡,민들레영토 대표이사,"동기부여, 인생스토리, 도전, 성공,경영/조직, 리더십, 경영전략, 창업,창의/마케팅, 마케팅",https://www.hooh.kr/sub/teacher/next.asp?m_idx=928
926,최종열,탐험가,"동기부여, 열정, 프로정신, 인생스토리, 도전, 성공, 삶의자세, 꿈, 마인드셋",https://www.hooh.kr/sub/teacher/next.asp?m_idx=926
930,신우식,"나피스타일 대표, 서경대학교 초빙교수","동기부여,인문학, 예술,퍼스널브랜딩, 패션, 스타일링",https://www.hooh.kr/sub/teacher/next.asp?m_idx=930
931,허영림,국민대학교 유아교육학과 교수,"교육, 자녀교육, 육아, 인성, 부모교육",https://www.hooh.kr/sub/teacher/next.asp?m_idx=931
932,이호욱,연세대학교 부교수,"비즈니스,경영/조직, 경영, 리더십, 조직문화, 혁신, 조직관리, 조직활성화, 경영전략, CEO, 변화, 위기관리",https://www.hooh.kr/sub/teacher/next.asp?m_idx=932
933,조선미,아주대학교 의과대학 정신과 부교수,"소통, 커뮤니케이션, 가족,심리,교육, 자녀교육, 육아, 인성, 부모교육",https://www.hooh.kr/sub/teacher/next.asp?m_idx=933
922,강신장,모네상스 대표,"인문학,경영/조직, 경영, 혁신, 경영전략, 변화,창의/마케팅, 창의력",https://www.hooh.kr/sub/teacher/next.asp?m_idx=922
923,허구연,스포츠해설가,"동기부여, 프로정신, 인생스토리, 성공, 삶의자세,경영/조직, 리더십",https://www.hooh.kr/sub/teacher/next.asp?m_idx=923
924,한한국,"사회기관단체인, 서화가","인문학, 문화,힐링, 희망, 나눔",https://www.hooh.kr/sub/teacher/next.asp?m_idx=924
917,김제동,"MC, 방송인","동기부여, 열정, 인생스토리, 삶의자세,소통,힐링, 희망, 웃음, 마음",https://www.hooh.kr/sub/teacher/next.asp?m_idx=917
918,최철규,HSG 휴먼솔루션 그룹 대표,"경영/조직, 경영, 리더십, CEO, 위기관리,소통, 커뮤니케이션, 프레젠테이션,세일즈, 협상, 설득",https://www.hooh.kr/sub/teacher/next.asp?m_idx=918
919,피현정(디렉터파이),"더파이컴퍼니 대표, 칼럼니스트","동기부여, 자기관리,퍼스널브랜딩, 이미지메이킹, 뷰티, 패션, 스타일링",https://www.hooh.kr/sub/teacher/next.asp?m_idx=919
920,이규창,키노33 엔터테인먼트 대표,"동기부여, 인생스토리, 도전, 성공, 삶의자세, 자기계발, 꿈,소통, 커뮤니케이션, 관계,창의/마케팅, 마케팅",https://www.hooh.kr/sub/teacher/next.asp?m_idx=920
880,황현희,KBS 공채개그맨,"동기부여, 열정, 프로정신, 인생스토리, 도전, 성공, 꿈,경제, 금융, 주식, 자산관리, 재무설계, 부동산, 재테크, 투자",https://www.hooh.kr/sub/teacher/next.asp?m_idx=880
884,양재진,정신건강의학과전문의,"소통, 커뮤니케이션, 관계, 가족, 부부,건강, 스트레스, 의학, 심리, 정신,힐링, 행복, 마음",https://www.hooh.kr/sub/teacher/next.asp?m_idx=884
885,고은광순,솔빛한의원 원장,"건강, 한의학,힐링, 행복, 마음",https://www.hooh.kr/sub/teacher/next.asp?m_idx=885
889,서혜정,남녀탐구생활 성우,"동기부여, 열정, 자기관리, 삶의자세, 꿈,소통, 커뮤니케이션, 스피치,퍼스널브랜딩",https://www.hooh.kr/sub/teacher/next.asp?m_idx=889
890,노병천,한국전략리더십 연구원 원장,"인문학, 역사, 고전, 한국사",https://www.hooh.kr/sub/teacher/next.asp?m_idx=890
859,유지성,"울트라마라톤 선수, 작가","동기부여, 열정, 도전, 삶의자세, 꿈,인문학,건강, 운동,힐링, 희망, 나눔, 여행",https://www.hooh.kr/sub/teacher/next.asp?m_idx=859
877,정준하,방송인,"동기부여, 열정, 인생스토리, 도전, 마인드셋,소통, 관계",https://www.hooh.kr/sub/teacher/next.asp?m_idx=877
872,신동엽,연세대학교 경영대학 매니지먼트분야 부교수,"AI/미래, 트렌드, 비즈니스,경영/조직, 경영, 리더십, 혁신, 조직관리, 경영전략, 변화, 위기관리",https://www.hooh.kr/sub/teacher/next.asp?m_idx=872
873,최성조,서울 호서예술전문학교 스포츠건강관리학부 교수,"동기부여, 자기관리,건강, 비만, 식이요법, 운동",https://www.hooh.kr/sub/teacher/next.asp?m_idx=873
874,이두헌,"가수, 작사가","인문학, 예술, 문화, 음악,경영/조직, 리더십,공연&강연",https://www.hooh.kr/sub/teacher/next.asp?m_idx=874
875,조벽,숙명여자대학교 석좌교수,"소통, 가족,교육, 자녀교육, 공부법, 인성, 부모교육",https://www.hooh.kr/sub/teacher/next.asp?m_idx=875
840,김덕수,장고연주가,"동기부여, 인생스토리,인문학, 예술, 문화,힐링, 나눔, 봉사, 공연&강연",https://www.hooh.kr/sub/teacher/next.asp?m_idx=840
841,이문열,소설가,"인문학, 역사, 문학",https://www.hooh.kr/sub/teacher/next.asp?m_idx=841
843,윤수환,인사이드 리더십 대표,"리더십, 조직문화, 조직관리, 목표관리,소통, 관계",https://www.hooh.kr/sub/teacher/next.asp?m_idx=843
844,김원중,단국대학교 교수,"인문학, 역사, 고전, 철학, 문학,정치",https://www.hooh.kr/sub/teacher/next.asp?m_idx=844
845,최종일,아이코닉스 엔터테인먼트 대표,"동기부여, 도전, 성공,인문학, 문화,경영/조직, CEO, 창업,소통, 커뮤니케이션,창의/마케팅, 창의력, 콘텐츠",https://www.hooh.kr/sub/teacher/next.asp?m_idx=845
847,장경동,목사,"동기부여, 인생스토리, 삶의자세,소통, 커뮤니케이션, 관계, 가족, 부부,힐링, 종교, 행복, 나눔",https://www.hooh.kr/sub/teacher/next.asp?m_idx=847
861,유순신,유앤파트너즈 대표이사,"동기부여, 열정, 마인드셋,경영/조직, 리더십, CEO,취업, 진로",https://www.hooh.kr/sub/teacher/next.asp?m_idx=861
862,왕종근,"MC, 전 아나운서","동기부여, 프로정신, 자기관리, 삶의자세,소통, 가족,힐링, 행복",https://www.hooh.kr/sub/teacher/next.asp?m_idx=862
863,오은선,"산악인, 블랙야크 이사","동기부여, 열정, 프로정신, 인생스토리, 도전, 성공, 꿈, 마인드셋",https://www.hooh.kr/sub/teacher/next.asp?m_idx=863
864,여에스더,에스더 클리닉 원장,"건강, 비만, 의학, 노후",https://www.hooh.kr/sub/teacher/next.asp?m_idx=864
866,강우현,㈜제주 탐나라공화국 대표이사,"동기부여, 열정, 인생스토리, 성공, 마인드셋,경영/조직, 리더십, 혁신, 경영전략, CEO, 변화,창의/마케팅, 상상력, 창의력, 마케팅, 콘텐츠",https://www.hooh.kr/sub/teacher/next.asp?m_idx=866
867,송재용,서울대학교 교수,"경영/조직, 경영, 혁신, 경영전략, 변화",https://www.hooh.kr/sub/teacher/next.asp?m_idx=867
868,강성태,공부의신 대표,"동기부여, 자기계발, 꿈, 비전, 마인드셋,교육, 자녀교육, 공부법, 입시, 부모교육,취업, 진로, 직업관",https://www.hooh.kr/sub/teacher/next.asp?m_idx=868
869,황농문,몰입아카데미 대표,"동기부여, 열정, 삶의자세, 자기계발, 비전, 마인드셋,교육, 자녀교육, 부모교육",https://www.hooh.kr/sub/teacher/next.asp?m_idx=869
870,전병서,성균관대학교 중국대학원 교수,"경영/조직, 경영,경제, 금융, 주식, 경제전망, 투자,사회/환경, 국제정세",https://www.hooh.kr/sub/teacher/next.asp?m_idx=870
850,이영석,총각네야채가게 창업자,"동기부여, 열정, 프로정신, 도전, 성공,경영/조직, 창업,세일즈, 유통, 판매, 고객관리",https://www.hooh.kr/sub/teacher/next.asp?m_idx=850
851,이승남,"의사, 이승남 강남베스트의원 원장","동기부여, 자기관리,건강, 스트레스, 비만, 식이요법, 의학, 노후",https://www.hooh.kr/sub/teacher/next.asp?m_idx=851
852,이숙영,"MC, 전 아나운서","동기부여, 성공, 삶의자세,소통, 커뮤니케이션, 스피치, 가족, 연애,퍼스널브랜딩, 호감",https://www.hooh.kr/sub/teacher/next.asp?m_idx=852
854,이명길,"연애코치, 칼럼니스트","소통, 커뮤니케이션, 관계, 가족, 부부, 연애,퍼스널브랜딩, 호감",https://www.hooh.kr/sub/teacher/next.asp?m_idx=854
855,윤태호,"만화작가, 세종대학교 대우교수","동기부여, 인생스토리, 도전, 삶의자세,인문학, 미술, 예술,창의/마케팅, 창의력, 콘텐츠",https://www.hooh.kr/sub/teacher/next.asp?m_idx=855
856,박은정(윤정아),"MC, 전 아나운서","소통, 커뮤니케이션, 스피치",https://www.hooh.kr/sub/teacher/next.asp?m_idx=856
857,윤은기,한국협업진흥협회 회장,"경영/조직, 리더십, 조직문화, 조직관리, 조직활성화, 협력, 협업, 상생",https://www.hooh.kr/sub/teacher/next.asp?m_idx=857
937,김병조,조선대학교 교육대학원 교수,"동기부여, 삶의자세,인문학, 고전,힐링, 웃음, 행복",https://www.hooh.kr/sub/teacher/next.asp?m_idx=937
938,이동규,경희대학교 경영대학원 교수,"경영/조직, 경영, 리더십, 혁신, 조직관리, 경영전략, CEO, 변화",https://www.hooh.kr/sub/teacher/next.asp?m_idx=938
939,강광배,한국체육대학교 교수,"동기부여, 열정, 프로정신, 인생스토리, 도전, 자기관리, 꿈, 마인드셋,경영/조직, 리더십, 협력, 협업, 상생",https://www.hooh.kr/sub/teacher/next.asp?m_idx=939
940,윤종록,가천대학교 석좌교수,"AI/미래, IT, 미래기술, 로봇, 산업,경영/조직, 경영, 혁신, 경영전략, 변화,경제",https://www.hooh.kr/sub/teacher/next.asp?m_idx=940
941,마해영,"스포츠해설가, 전)야구선수","동기부여, 열정, 프로정신, 인생스토리, 도전, 성공, 자기관리, 삶의자세, 마인드셋",https://www.hooh.kr/sub/teacher/next.asp?m_idx=941
990,문영,레드코뿔소 커뮤니케이션 제작팀 상무,"경영/조직, 경영, 혁신, 경영전략, 변화,소통, 스피치, 프레젠테이션,창의/마케팅, 창의력",https://www.hooh.kr/sub/teacher/next.asp?m_idx=990
991,김효준,기업인,"경영/조직, 경영, 리더십, 혁신, 경영전략, CEO, 변화",https://www.hooh.kr/sub/teacher/next.asp?m_idx=991
992,정찬근,Why 습관 디자이너,"경영/조직, 혁신, 변화,창의/마케팅, 창의력",https://www.hooh.kr/sub/teacher/next.asp?m_idx=992
980,황영조,육상감독,"동기부여, 열정, 프로정신, 인생스토리, 도전, 꿈,위기관리,힐링, 희망, 행복",https://www.hooh.kr/sub/teacher/next.asp?m_idx=980
981,홍혜연,프로이미지연구소 대표,"동기부여, 자기관리,소통, 커뮤니케이션, 스피치,퍼스널브랜딩, 이미지메이킹, CS, 호감",https://www.hooh.kr/sub/teacher/next.asp?m_idx=981
982,홍선영,위주교육컨설팅 대표,"자기계발,리더십, 조직관리, 조직활성화,소통, 커뮤니케이션,이미지메이킹, CS,스트레스,고객관리",https://www.hooh.kr/sub/teacher/next.asp?m_idx=982
983,홍병식,한국힐링교육센터 대표,"힐링, 웃음, 행복, 공연&강연",https://www.hooh.kr/sub/teacher/next.asp?m_idx=983
985,한홍구,성공회대학교 교수,"인문학, 역사,사회/환경, 정치, 분단",https://www.hooh.kr/sub/teacher/next.asp?m_idx=985
986,강현준,부자공간 대표,"경영/조직, 창업,경제, 자산관리, 부동산, 재테크, 투자, 노후",https://www.hooh.kr/sub/teacher/next.asp?m_idx=986
943,신상훈,한양대학교 ERICA캠퍼스 창의융합교육원 특임교수,"소통, 커뮤니케이션, 스피치,힐링, 웃음, 유머",https://www.hooh.kr/sub/teacher/next.asp?m_idx=943
944,아놀드홍,아놀드 홍 GYM 대표,"건강, 비만, 식이요법, 운동",https://www.hooh.kr/sub/teacher/next.asp?m_idx=944
947,심권호,"스포츠해설가, 전)금메달리스트","동기부여, 열정, 프로정신, 인생스토리, 도전, 성공, 자기관리, 삶의자세, 자기계발, 꿈, 마인드셋,건강, 운동",https://www.hooh.kr/sub/teacher/next.asp?m_idx=947
948,방열,전) 농구선수,"동기부여, 열정, 프로정신, 인생스토리, 도전, 성공, 삶의자세, 비전, 마인드셋",https://www.hooh.kr/sub/teacher/next.asp?m_idx=948
949,이창호,이창호 스피치리더십연구소 대표,"소통, 커뮤니케이션, 관계, 스피치, 가족",https://www.hooh.kr/sub/teacher/next.asp?m_idx=949
951,이종선,이미지디자인컨설팅 대표,"소통, 관계, 연애,퍼스널브랜딩, 이미지메이킹, 호감",https://www.hooh.kr/sub/teacher/next.asp?m_idx=951
953,송수용,한국인재인증센터 대표,"동기부여, 열정, 인생스토리, 도전, 삶의자세, 자기계발, 꿈, 비전, 마인드셋,경영/조직, 리더십",https://www.hooh.kr/sub/teacher/next.asp?m_idx=953
954,서형숙,엄마학교 대표,"교육, 자녀교육, 육아, 여성학, 부모교육",https://www.hooh.kr/sub/teacher/next.asp?m_idx=954
955,성경원,한국성교육연구소 소장,"소통, 부부,교육, 자녀교육, 육아, 성교육, 부모교육",https://www.hooh.kr/sub/teacher/next.asp?m_idx=955
957,서천석,"소아정신과의사, 행복한아이연구소 소장","소통, 가족,건강, 스트레스, 심리, 정신,교육, 자녀교육, 육아, 부모교육",https://www.hooh.kr/sub/teacher/next.asp?m_idx=957
958,이상발,엠디글로벌넷 대표이사,"창의/마케팅, 마케팅,세일즈, 유통, 판매, 고객관리",https://www.hooh.kr/sub/teacher/next.asp?m_idx=958
959,박정헌,HAG(히말라얀 아트 갤러리)대표,"동기부여, 열정, 프로정신, 인생스토리, 도전, 성공, 자기관리, 삶의자세, 꿈",https://www.hooh.kr/sub/teacher/next.asp?m_idx=959
960,김용택,시인,"동기부여, 삶의자세,인문학, 예술, 문학, 시,교육, 글쓰기",https://www.hooh.kr/sub/teacher/next.asp?m_idx=960
961,박병일,"카123텍 대표, 자동차 명장","동기부여, 열정, 도전, 성공, 삶의자세, 자기계발, 꿈, 비전",https://www.hooh.kr/sub/teacher/next.asp?m_idx=961
962,이승훈,소믈리에,"인문학, 문화, 음악,힐링, 실습&체험",https://www.hooh.kr/sub/teacher/next.asp?m_idx=962
963,민성원,민성원 연구소 소장,"교육, 자녀교육, 공부법, 부모교육",https://www.hooh.kr/sub/teacher/next.asp?m_idx=963
966,장지원,"세종대학교 대학원 주임교수, 리더십 훈련원 원장","동기부여, 성공, 자기계발,인문학,경영/조직, 리더십,소통, 커뮤니케이션, 스피치, 프레젠테이션,세일즈",https://www.hooh.kr/sub/teacher/next.asp?m_idx=966
967,심길후,한국영업인협회  회장,"동기부여, 열정, 프로정신, 도전, 성공, 자기관리, 꿈, 마인드셋,세일즈, 협상, 설득, 유통, 판매, 고객관리",https://www.hooh.kr/sub/teacher/next.asp?m_idx=967
968,제윤경,경제전문가,"인문학,경제, 금융, 자산관리, 재테크",https://www.hooh.kr/sub/teacher/next.asp?m_idx=968
970,혜문스님,"문화재제자리찾기 대표 , 시민운동가","동기부여, 삶의자세,인문학, 역사, 문화",https://www.hooh.kr/sub/teacher/next.asp?m_idx=970
971,엄길청,경기대학교 서비스경영전문대학원 교수,"경영/조직, 경영, 경영전략,경제, 주식, 경제전망, 부동산, 재테크, 투자",https://www.hooh.kr/sub/teacher/next.asp?m_idx=971
1010,이병훈,이병훈교육연구소 소장,"교육, 자녀교육, 공부법, 입시, 부모교육",https://www.hooh.kr/sub/teacher/next.asp?m_idx=1010
1011,전도근,전 대학교수,"동기부여, 인생스토리, 자기계발,소통, 가족,교육, 자녀교육, 부모교육",https://www.hooh.kr/sub/teacher/next.asp?m_idx=1011
1012,최은하,셀비오 두피&건강 대표(이어테라피),"건강, 스트레스, 식이요법, 의학",https://www.hooh.kr/sub/teacher/next.asp?m_idx=1012
1013,이대희,글로벌리딩경영연구원 대표,"경영/조직, 경영, 리더십, CEO,소통, 커뮤니케이션, 스피치,창의/마케팅, 마케팅,세일즈, 협상, 설득",https://www.hooh.kr/sub/teacher/next.asp?m_idx=1013
1014,김경훈,한국트렌드연구소 소장,"AI/미래, 트렌드, 비즈니스,경영/조직, 경영전략,경제, 경제전망",https://www.hooh.kr/sub/teacher/next.asp?m_idx=1014
1015,구희연,시니어뷰티 전문가,"동기부여, 자기계발,퍼스널브랜딩, 뷰티,교육, 육아",https://www.hooh.kr/sub/teacher/next.asp?m_idx=1015
1016,쿨케이(김도경),"로토코 대표, 뮤직비디오 감독","동기부여, 열정, 도전, 성공, 자기계발,비즈니스,퍼스널브랜딩, 패션",https://www.hooh.kr/sub/teacher/next.asp?m_idx=1016
1017,정태성,기업인,"동기부여, 인생스토리, 삶의자세, 자기계발, 꿈, 비전, 마인드셋",https://www.hooh.kr/sub/teacher/next.asp?m_idx=1017
1018,정선혜,현)비건플래닛 대표,"소통, 커뮤니케이션,퍼스널브랜딩, 호감,창의/마케팅, 마케팅,세일즈, 설득",https://www.hooh.kr/sub/teacher/next.asp?m_idx=1018
1019,김남진,한국건강증진연구소 대표,"건강, 식이요법, 의학, 노후",https://www.hooh.kr/sub/teacher/next.asp?m_idx=1019
994,김중태,IT문화원 원장,"AI/미래, 트렌드, 디지털기술, IT, 모바일웹, 비즈니스,경영/조직, 창업,취업",https://www.hooh.kr/sub/teacher/next.asp?m_idx=994
996,김은성,KBS아나운서,"소통, 커뮤니케이션, 스피치, 프레젠테이션",https://www.hooh.kr/sub/teacher/next.asp?m_idx=996
997,정상훈,"방송연예인, 뮤지컬배우","동기부여, 열정, 프로정신, 인생스토리, 도전, 자기관리, 꿈, 마인드셋,교육, 자녀교육, 육아",https://www.hooh.kr/sub/teacher/next.asp?m_idx=997
998,김석봉,석봉토스트 대표,"동기부여, 인생스토리, 도전, 성공, 삶의자세, 자기계발,경영/조직, 창업",https://www.hooh.kr/sub/teacher/next.asp?m_idx=998
999,김병준,"변호사, 세무","경제, 부동산, 세무/법률,소통, 관계, 가족",https://www.hooh.kr/sub/teacher/next.asp?m_idx=999
1000,김용학,타파크로스 대표,"AI/미래, 트렌드, IT, 빅데이터,창의/마케팅, 창의력",https://www.hooh.kr/sub/teacher/next.asp?m_idx=1000
1002,장영재,한국과학기술원 교수,"자기계발,AI/미래, 트렌드, 디지털기술, IT, Ai(인공지능), 빅데이터, 미래기술, 모바일웹, 산업, 비즈니스, 융합,경영/조직, 경영, 혁신, 경영전략, 변화",https://www.hooh.kr/sub/teacher/next.asp?m_idx=1002
1003,고종완,연구기관단체인,"경제, 자산관리, 부동산, 재테크, 투자",https://www.hooh.kr/sub/teacher/next.asp?m_idx=1003
1004,공병호,"공병호경영연구소 소장, 베스트셀러 작가","동기부여, 자기계발,경영/조직, 경영, 리더십, 혁신, 조직관리, 경영전략, 변화, 위기관리,교육, 자녀교육",https://www.hooh.kr/sub/teacher/next.asp?m_idx=1004
1005,고도원,작가,"동기부여, 삶의자세, 자기계발, 꿈,힐링, 행복",https://www.hooh.kr/sub/teacher/next.asp?m_idx=1005
1006,강석진,CEO 컨설팅그룹 회장,"동기부여, 인생스토리, 도전, 꿈,경영/조직, 경영, 리더십, 혁신, 조직관리, CEO",https://www.hooh.kr/sub/teacher/next.asp?m_idx=1006
1007,전계화,미래인재양성 연구소 소장,"동기부여, 열정, 도전, 자기계발, 꿈, 비전,트렌드,소통, 가족,취업, 인생이모작",https://www.hooh.kr/sub/teacher/next.asp?m_idx=1007
1024,유필화,성균관대학교 경영전문대학원 학장,"인문학, 역사, 고전,경영/조직, 경영, 리더십, 경영전략, CEO",https://www.hooh.kr/sub/teacher/next.asp?m_idx=1024
1025,이영아,"교수, 이미지전략가, 컨설턴트","퍼스널브랜딩, 이미지메이킹, CS, 뷰티, 호감",https://www.hooh.kr/sub/teacher/next.asp?m_idx=1025
1026,김영식,남부대학교 교수,"건강, 운동,힐링, 웃음, 유머, 실습&체험",https://www.hooh.kr/sub/teacher/next.asp?m_idx=1026
1021,서은국,연세대학교 심리학과 교수,"인문학, 뇌과학,건강, 심리, 정신,힐링, 행복, 마음",https://www.hooh.kr/sub/teacher/next.asp?m_idx=1021
1022,오한진,아이디병원 가정의학과 원장,"동기부여, 삶의자세,건강, 비만, 식이요법, 의학, 노후",https://www.hooh.kr/sub/teacher/next.asp?m_idx=1022
978,박혜란,여성학자,"동기부여, 삶의자세,소통,교육, 자녀교육, 여성학, 인성, 부모교육",https://www.hooh.kr/sub/teacher/next.asp?m_idx=978
1032,김희아,작가,"동기부여, 인생스토리, 도전, 삶의자세, 마인드셋,힐링, 희망, 행복, 자존감",https://www.hooh.kr/sub/teacher/next.asp?m_idx=1032
1034,김경희,HMA 희망교육개발원 원장,"동기부여, 도전,소통, 커뮤니케이션, 관계, 가족, 부부,교육, 여성학,힐링, 자존감",https://www.hooh.kr/sub/teacher/next.asp?m_idx=1034
1035,양태오,디자이너,"동기부여, 자기계발,인문학,창업,퍼스널브랜딩, 정리수납,창의/마케팅, 디자인",https://www.hooh.kr/sub/teacher/next.asp?m_idx=1035
1036,이은희,과학 커뮤니케이터,"인문학, 과학,소통, 커뮤니케이션",https://www.hooh.kr/sub/teacher/next.asp?m_idx=1036
1037,노성두,미술 이론가,"인문학, 미술, 예술, 문화",https://www.hooh.kr/sub/teacher/next.asp?m_idx=1037
1038,김학영,마술사,"힐링, 공연&강연, 실습&체험",https://www.hooh.kr/sub/teacher/next.asp?m_idx=1038
1039,김세우,KMSI 김세우 자기경영연구소 대표,"동기부여, 열정, 자기계발,경영/조직, 경영, 리더십, 조직문화, 목표관리, 조직활성화, 변화,소통, 커뮤니케이션",https://www.hooh.kr/sub/teacher/next.asp?m_idx=1039
1040,김창국,메트라이프 생명 대원 MAG지점 대표,"동기부여, 열정, 인생스토리, 도전, 성공, 비전, 마인드셋,세일즈, 판매",https://www.hooh.kr/sub/teacher/next.asp?m_idx=1040
1041,윤방부,"영훈의료재단 회장, 대전선병원 국제의료센터 원장","건강, 스트레스, 의학",https://www.hooh.kr/sub/teacher/next.asp?m_idx=1041
1042,진양혜,전)아나운서,"동기부여, 열정, 프로정신, 인생스토리, 도전, 성공, 마인드셋,경영/조직, 리더십, CEO,소통, 커뮤니케이션,힐링, 자존감",https://www.hooh.kr/sub/teacher/next.asp?m_idx=1042
1043,조정민,"목사, 전 방송기관단체인","동기부여, 인생스토리, 삶의자세,소통,힐링, 희망, 종교, 마음, 나눔",https://www.hooh.kr/sub/teacher/next.asp?m_idx=1043
1044,이정록,"시인, 교사","동기부여, 인생스토리, 삶의자세, 꿈,인문학, 문학, 시,창의/마케팅, 상상력, 창의력,힐링, 희망, 행복, 마음",https://www.hooh.kr/sub/teacher/next.asp?m_idx=1044
1047,황성재,"파운데이션엑스(CEO), 엑스와이지(CEO)","AI/미래, Ai(인공지능), 미래기술, 로봇, 블록체인,인문학, 과학,경영/조직, 혁신, 변화, 스타트업,창의/마케팅, 상상력, 창의력",https://www.hooh.kr/sub/teacher/next.asp?m_idx=1047
1048,최윤식,"미래학자, 아시아미래인재연구소 소장","AI/미래, 트렌드, 산업,경영/조직, 경영, 리더십, CEO, 변화,사회/환경, 국제정세, 사회이슈",https://www.hooh.kr/sub/teacher/next.asp?m_idx=1048
1447,용혜원,"시인, 유머자신감연구원 원장","동기부여, 열정, 성공, 삶의자세,인문학, 문화, 시,교육, 글쓰기,힐링, 희망, 웃음",https://www.hooh.kr/sub/teacher/next.asp?m_idx=1447
1448,이정훈,올배움KISA 대표,"경영/조직, 경영, 혁신, 조직관리",https://www.hooh.kr/sub/teacher/next.asp?m_idx=1448
1449,이동우,개그맨,"동기부여, 열정, 인생스토리, 도전, 마인드셋,힐링, 희망, 웃음, 행복, 유머, 마음, 자존감",https://www.hooh.kr/sub/teacher/next.asp?m_idx=1449
1450,송창민,연애 컨설턴트,"동기부여, 열정, 성공, 자기관리,소통, 관계, 연애,취업",https://www.hooh.kr/sub/teacher/next.asp?m_idx=1450
1451,배극윤,주경야독 부원장,"경영/조직, 경영, 혁신, 조직관리",https://www.hooh.kr/sub/teacher/next.asp?m_idx=1451
1471,김재욱(김재롱),개그맨,"소통,힐링, 희망, 웃음, 행복, 유머, 공연&강연",https://www.hooh.kr/sub/teacher/next.asp?m_idx=1471
1472,정범균,개그맨,"동기부여, 인생스토리,힐링, 웃음, 행복, 유머",https://www.hooh.kr/sub/teacher/next.asp?m_idx=1472
1489,김현유,레크레이션 MC,"힐링, 희망, 웃음, 행복, 유머",https://www.hooh.kr/sub/teacher/next.asp?m_idx=1489
1505,하경호,하경호경제발전소 대표,"동기부여, 비전,경영/조직, 리더십, 조직문화, 목표관리, 협력, 협업, 상생,경제,소통, 관계,교육, 자녀교육, 부모교육,창의/마케팅, 마케팅,세일즈, 협상",https://www.hooh.kr/sub/teacher/next.asp?m_idx=1505
1523,조정문,한국웃음치료연구소 대표,"동기부여, 열정, 성공, 삶의자세,경영/조직, 리더십, 목표관리,힐링, 웃음, 행복",https://www.hooh.kr/sub/teacher/next.asp?m_idx=1523
1438,조현수,한국프랜차이즈산업협회 초빙교수,"동기부여, 자기계발, 비전,경영/조직, 경영, 리더십, 목표관리, 조직활성화, 위기관리,창의/마케팅, 마케팅",https://www.hooh.kr/sub/teacher/next.asp?m_idx=1438
1444,신동국,뉴패러다임센터 대표,"경영/조직, 리더십, 조직문화, 혁신, 조직관리, 조직활성화, 협력, 협업, 상생,소통, 커뮤니케이션",https://www.hooh.kr/sub/teacher/next.asp?m_idx=1444
1445,김성현,교사,"교육, 자녀교육, 공부법, 독서법, 부모교육",https://www.hooh.kr/sub/teacher/next.asp?m_idx=1445
1376,전백수,레크레이션 MC,"힐링, 웃음, 행복, 유머",https://www.hooh.kr/sub/teacher/next.asp?m_idx=1376
1378,신동기,신동기 인문경영연구소 대표,"인문학, 역사, 고전, 철학, 세계, 문화, 한국사,경영/조직, 리더십,교육, 인성",https://www.hooh.kr/sub/teacher/next.asp?m_idx=1378
1410,김은태,나별인성교육연구소 소장,"동기부여, 삶의자세, 자기계발,경영/조직, 리더십, 조직문화, 조직활성화",https://www.hooh.kr/sub/teacher/next.asp?m_idx=1410
1413,박정소,"팝페라가수, 지휘자","동기부여, 열정, 인생스토리, 삶의자세, 자기계발, 꿈,인문학, 예술, 음악,소통,힐링, 희망, 공연&강연",https://www.hooh.kr/sub/teacher/next.asp?m_idx=1413
1415,박완순,박완순 인성교육개발원 원장,"동기부여, 삶의자세, 자기계발,경영/조직, 리더십,교육, 인성",https://www.hooh.kr/sub/teacher/next.asp?m_idx=1415
1417,김용범,희망평생교육연구원 대표,"동기부여, 자기관리, 삶의자세, 자기계발, 꿈,경영/조직, 조직문화, 조직활성화,소통, 커뮤니케이션, 관계, 가족, 부부,건강, 스트레스, 식이요법, 노후, 한의학,힐링, 희망, 행복",https://www.hooh.kr/sub/teacher/next.asp?m_idx=1417
1418,김영술,한국 소리선 리더십 연수원 교육원장,"동기부여, 삶의자세,경영/조직, 리더십, 조직문화, 변화,소통, 커뮤니케이션",https://www.hooh.kr/sub/teacher/next.asp?m_idx=1418
1423,구열회,서울경영아카데미 대표,"동기부여, 열정,경영/조직, 경영, 리더십, 조직문화, 혁신, 목표관리, 경영전략, 변화,소통, 커뮤니케이션",https://www.hooh.kr/sub/teacher/next.asp?m_idx=1423
1425,박남규,서울대학교 경영대학 교수,"경영, 혁신, 경영전략, 위기관리",https://www.hooh.kr/sub/teacher/next.asp?m_idx=1425
1426,강성철,세종산업대학원 총원우회 사무총장,"경영/조직, 리더십, 조직문화, 조직활성화,소통, 커뮤니케이션",https://www.hooh.kr/sub/teacher/next.asp?m_idx=1426
1427,김민철,작가,"동기부여, 열정, 프로정신, 자기계발,경영/조직, 조직문화, 조직활성화, 협력, 협업, 상생,소통, 커뮤니케이션,교육, 글쓰기,창의/마케팅, 창의력, 광고",https://www.hooh.kr/sub/teacher/next.asp?m_idx=1427
1385,이경제,한의사,"건강, 스트레스, 식이요법, 의학, 노후, 한의학",https://www.hooh.kr/sub/teacher/next.asp?m_idx=1385
1386,서진영,자의누리 경영연구원 원장,"동기부여, 삶의자세,인문학, 고전, 철학",https://www.hooh.kr/sub/teacher/next.asp?m_idx=1386
1387,윤태성,카이스트 기술경영전문대학원 교수,"AI/미래, Ai(인공지능),인문학, 과학,경영/조직, 경영, 혁신,소통,교육, 공부법",https://www.hooh.kr/sub/teacher/next.asp?m_idx=1387
1388,서기수,서경대학교 금융정보공학과 교수,"경영/조직, 경영, 경영전략,경제, 금융, 주식, 자산관리, 재무설계, 부동산, 재테크, 투자, 노후,세일즈, 설득, 판매, 고객관리,사회/환경, ESG",https://www.hooh.kr/sub/teacher/next.asp?m_idx=1388
1393,송지희,부모력연구소 대표,"소통, 관계, 가족,교육, 자녀교육, 인성, 부모교육",https://www.hooh.kr/sub/teacher/next.asp?m_idx=1393
1395,손태영,문헌정보㈜ 대표이사,"동기부여, 인생스토리, 성공, 꿈,인문학, 역사,경영/조직, 리더십, 혁신, 변화,소통, 커뮤니케이션, 프레젠테이션,교육, 인성",https://www.hooh.kr/sub/teacher/next.asp?m_idx=1395
1397,문지윤,해피앤힐링코칭연구소 대표,"동기부여, 열정, 도전, 자기관리, 삶의자세,소통,교육, 성교육,힐링, 웃음, 행복, 마음",https://www.hooh.kr/sub/teacher/next.asp?m_idx=1397
1400,류남길,"공무원, 광고인","창의/마케팅, 상상력, 창의력, 광고, 콘텐츠,취업, 진로",https://www.hooh.kr/sub/teacher/next.asp?m_idx=1400
1402,나건필(최동환),"가수, MC","웃음, 유머, 공연&강연",https://www.hooh.kr/sub/teacher/next.asp?m_idx=1402
1403,김천수,Fn닥터스 대표,"경제, 금융, 자산관리, 재무설계, 경제전망, 부동산, 재테크, 투자, 노후",https://www.hooh.kr/sub/teacher/next.asp?m_idx=1403
1406,김종혁,나눔 경영컨설팅 대표,"경영/조직, 리더십, 경영전략, 창업,창의/마케팅, 창의력, 마케팅, SNS,세일즈, 협상",https://www.hooh.kr/sub/teacher/next.asp?m_idx=1406
1301,김수왕,인성교육 전문가,"교육, 자녀교육, 인성, 부모교육",https://www.hooh.kr/sub/teacher/next.asp?m_idx=1301
1302,이정훈,I world works 대표,"소통, 커뮤니케이션, 스피치, 프레젠테이션",https://www.hooh.kr/sub/teacher/next.asp?m_idx=1302
1305,오경일,전문 MC,"힐링, 웃음, 행복, 유머, 실습&체험",https://www.hooh.kr/sub/teacher/next.asp?m_idx=1305
1309,신현석,전문 MC,"힐링, 웃음, 행복, 유머, 실습&체험",https://www.hooh.kr/sub/teacher/next.asp?m_idx=1309
1310,홍지민,"뮤지컬 배우, 영화배우","동기부여, 열정, 프로정신, 인생스토리, 도전, 자기관리, 삶의자세, 꿈, 비전, 마인드셋,인문학, 예술, 문화,힐링, 공연&강연",https://www.hooh.kr/sub/teacher/next.asp?m_idx=1310
1318,조영구,"방송인,MC","경영/조직, 조직문화, 조직관리, 조직활성화,경제, 재테크, 투자,소통, 관계, 가족, 부부",https://www.hooh.kr/sub/teacher/next.asp?m_idx=1318
1320,강도현,전문MC,"힐링, 웃음, 행복, 유머",https://www.hooh.kr/sub/teacher/next.asp?m_idx=1320
1322,최진석,새맘새몸짓 이사장,"동기부여, 삶의자세, 마인드셋,인문학, 역사, 고전, 철학, 세계",https://www.hooh.kr/sub/teacher/next.asp?m_idx=1322
1323,차성진,ERM 커뮤니케이션 대표,"힐링, 웃음, 행복, 유머, 실습&체험",https://www.hooh.kr/sub/teacher/next.asp?m_idx=1323
1332,김종덕,레크레이션 MC,"힐링, 웃음, 행복, 실습&체험",https://www.hooh.kr/sub/teacher/next.asp?m_idx=1332
1338,혜민스님,승려,"동기부여, 삶의자세,소통,힐링, 희망, 종교, 행복, 마음",https://www.hooh.kr/sub/teacher/next.asp?m_idx=1338
1339,이은결,마술사,"동기부여, 열정, 도전, 꿈, 마인드셋,경영/조직, 리더십,창의/마케팅, 상상력, 창의력,힐링, 희망, 공연&강연,취업, 진로",https://www.hooh.kr/sub/teacher/next.asp?m_idx=1339
1341,이윤철,언론인,"동기부여, 인생스토리, 도전, 성공, 삶의자세,소통, 관계",https://www.hooh.kr/sub/teacher/next.asp?m_idx=1341
1346,이규혁,전) 스케이트 선수,"동기부여, 열정, 프로정신, 인생스토리, 도전, 성공, 꿈,건강, 운동",https://www.hooh.kr/sub/teacher/next.asp?m_idx=1346
1350,주영훈,"작곡가, 방송인","동기부여, 열정, 프로정신, 인생스토리, 도전,창의/마케팅, 창의력,힐링, 희망, 행복",https://www.hooh.kr/sub/teacher/next.asp?m_idx=1350
1352,유성,레크레이션 MC,"힐링, 웃음, 행복, 유머",https://www.hooh.kr/sub/teacher/next.asp?m_idx=1352
1353,조혜련,"개그우먼, 연극배우","동기부여, 열정, 인생스토리, 도전, 성공, 삶의자세, 꿈, 비전, 마인드셋,힐링, 희망, 웃음, 행복, 유머, 공연&강연",https://www.hooh.kr/sub/teacher/next.asp?m_idx=1353
1354,윤승철,작가,"동기부여, 열정, 도전, 성공, 자기관리, 꿈, 비전, 마인드셋,힐링, 여행",https://www.hooh.kr/sub/teacher/next.asp?m_idx=1354
1355,조선희,사진작가,"동기부여, 열정, 프로정신,인문학, 예술,힐링",https://www.hooh.kr/sub/teacher/next.asp?m_idx=1355
1360,심윤섭,행복한일터연구소 대표,"경영/조직, 리더십, 조직문화, 조직관리, 조직활성화, 위기관리, 협력, 협업, 상생,소통, 관계,힐링, 행복,사회/환경, ESG",https://www.hooh.kr/sub/teacher/next.asp?m_idx=1360
1361,오환석,전문 MC,"힐링, 웃음, 행복, 유머",https://www.hooh.kr/sub/teacher/next.asp?m_idx=1361
1367,오인택,개그맨,"힐링, 웃음, 행복, 유머",https://www.hooh.kr/sub/teacher/next.asp?m_idx=1367
1372,송기범,전문 MC,"힐링, 웃음, 행복, 유머",https://www.hooh.kr/sub/teacher/next.asp?m_idx=1372
1261,이상훈,나이들어 안 심심하게 사는 법 연구소,"동기부여, 자기관리, 삶의자세,건강, 노후,힐링, 마음",https://www.hooh.kr/sub/teacher/next.asp?m_idx=1261
1264,정철욱,개그맨,"힐링, 웃음, 행복, 유머, 실습&체험",https://www.hooh.kr/sub/teacher/next.asp?m_idx=1264
1265,허철무,대학교수,"세일즈, 유통, 판매",https://www.hooh.kr/sub/teacher/next.asp?m_idx=1265
1267,허수경,방송인,"동기부여, 인생스토리, 삶의자세,교육, 자녀교육, 부모교육,힐링, 행복, 여행",https://www.hooh.kr/sub/teacher/next.asp?m_idx=1267
1268,주이형,스포츠모델,"동기부여, 자기관리,퍼스널브랜딩, CS,건강, 비만, 운동,힐링, 실습&체험",https://www.hooh.kr/sub/teacher/next.asp?m_idx=1268
1271,황민영,뷰티에디터,"동기부여, 자기관리,퍼스널브랜딩, 이미지메이킹, 뷰티, 퍼스널컬러, 호감, 스타일링",https://www.hooh.kr/sub/teacher/next.asp?m_idx=1271
1273,이상봉,패션디자이너,"동기부여, 프로정신,인문학, 예술, 문화,퍼스널브랜딩, 뷰티, 패션, 스타일링,창의/마케팅, 상상력, 창의력, 디자인",https://www.hooh.kr/sub/teacher/next.asp?m_idx=1273
1274,신은숙,변호사,"경제, 세무/법률,소통, 커뮤니케이션, 관계, 가족, 부부",https://www.hooh.kr/sub/teacher/next.asp?m_idx=1274
1277,박철민,"영화배우, 탤런트","동기부여, 열정, 프로정신, 인생스토리, 도전, 자기관리, 마인드셋,인문학, 문화, 영화,소통, 스피치",https://www.hooh.kr/sub/teacher/next.asp?m_idx=1277
1281,손주연,홍순아 휴먼아카데미 전임 강사,"소통, 커뮤니케이션, 스피치, 프레젠테이션,퍼스널브랜딩, 이미지메이킹, CS, 퍼스널컬러, 호감,취업, 면접",https://www.hooh.kr/sub/teacher/next.asp?m_idx=1281
1282,김신영,"개그우먼, MC","동기부여, 열정, 인생스토리, 도전, 삶의자세, 자기계발, 꿈, 비전, 마인드셋,취업, 진로",https://www.hooh.kr/sub/teacher/next.asp?m_idx=1282
1283,노엘라,"바이올리니스트, 칼럼니스트","동기부여, 삶의자세,인문학, 미술, 예술, 음악,창의/마케팅, 창의력,힐링, 공연&강연",https://www.hooh.kr/sub/teacher/next.asp?m_idx=1283
1284,최미경,수토피아 부산평생교육원 부원장,"동기부여, 자기관리, 자기계발,경영/조직, 리더십, 조직활성화,소통, 커뮤니케이션, 부부,퍼스널브랜딩, 이미지메이킹, CS",https://www.hooh.kr/sub/teacher/next.asp?m_idx=1284
1285,김병준,인하대학교 사범대학 체육교육과 교수,"동기부여, 열정, 프로정신, 도전, 성공, 자기관리, 자기계발,건강, 심리, 운동",https://www.hooh.kr/sub/teacher/next.asp?m_idx=1285
1286,이지선,이화여자대학교 사회복지학과 교수,"동기부여, 인생스토리, 삶의자세, 마인드셋,힐링, 희망, 행복, 마음, 나눔, 자존감",https://www.hooh.kr/sub/teacher/next.asp?m_idx=1286
1287,조미정,㈜수토피아 HR컨설팅 상임이사,"경영/조직, 리더십, 조직문화, 조직관리,소통, 커뮤니케이션, 관계,퍼스널브랜딩, 이미지메이킹, CS,세일즈, 고객관리,취업",https://www.hooh.kr/sub/teacher/next.asp?m_idx=1287
1288,오영식,토탈임팩트 대표,"창의/마케팅, 상상력, 창의력, 마케팅, 디자인",https://www.hooh.kr/sub/teacher/next.asp?m_idx=1288
1291,이주헌,미술평론가,"인문학, 미술, 예술, 세계,힐링",https://www.hooh.kr/sub/teacher/next.asp?m_idx=1291
1292,우용표,연구인,"경영/조직, 경영, 리더십, 조직문화, 조직활성화,경제, 재테크",https://www.hooh.kr/sub/teacher/next.asp?m_idx=1292
1293,이배영,호원대학교 초빙교수,"동기부여, 열정, 프로정신, 인생스토리, 도전, 성공, 자기관리, 삶의자세, 자기계발, 꿈, 비전,경영/조직, 리더십, 조직문화, 조직활성화, 협력, 협업, 상생,소통, 커뮤니케이션, 관계, 가족, 부부, 연애,퍼스널브랜딩, MBTI,교육, 자녀교육, 부모교육,고객관리,힐링, 마음",https://www.hooh.kr/sub/teacher/next.asp?m_idx=1293
1295,이삭,전문 MC,"힐링, 웃음, 행복, 유머, 실습&체험",https://www.hooh.kr/sub/teacher/next.asp?m_idx=1295
1296,이종욱,펜타플로 교육총괄이사,"경영/조직, 경영, 경영전략, 창업, 스타트업,소통, 커뮤니케이션, 스피치, 프레젠테이션,창의/마케팅, 디자인,세일즈, 협상, 설득, 판매",https://www.hooh.kr/sub/teacher/next.asp?m_idx=1296
1839,진용선,정선아리랑연구소장,"인문학, 문화",https://www.hooh.kr/sub/teacher/next.asp?m_idx=1839
1840,김두규,우석대 교수,"인문학, 철학",https://www.hooh.kr/sub/teacher/next.asp?m_idx=1840
1841,황영택,성악가,"동기부여, 열정, 인생스토리, 도전, 삶의자세, 꿈, 마인드셋,힐링, 희망, 공연&강연",https://www.hooh.kr/sub/teacher/next.asp?m_idx=1841
1843,이참,알앤씨바이오 대표,"동기부여, 도전, 성공,인문학, 철학, 세계, 문화,힐링, 여행",https://www.hooh.kr/sub/teacher/next.asp?m_idx=1843
1844,박지웅,폴앤마크 이사,"경영/조직, 리더십, 조직문화, 조직활성화, 협력, 협업, 상생,소통, 커뮤니케이션,창의/마케팅, 창의력,힐링, 실습&체험",https://www.hooh.kr/sub/teacher/next.asp?m_idx=1844
1845,안효주,"요리연구가, 스시효CEO","동기부여, 열정, 프로정신, 인생스토리, 도전, 성공, 자기관리, 삶의자세, 꿈, 비전,인문학",https://www.hooh.kr/sub/teacher/next.asp?m_idx=1845
1846,김찬호,성공회대  교수,"동기부여, 삶의자세, 자기계발,인문학, 철학,힐링, 마음, 자존감",https://www.hooh.kr/sub/teacher/next.asp?m_idx=1846
1859,최강,마술사,"동기부여, 열정, 인생스토리,힐링, 웃음, 행복, 공연&강연",https://www.hooh.kr/sub/teacher/next.asp?m_idx=1859
1860,김하나,작가,"동기부여, 열정, 도전, 삶의자세,인문학, 문학,교육, 독서법, 글쓰기,창의/마케팅, 상상력, 창의력, 광고",https://www.hooh.kr/sub/teacher/next.asp?m_idx=1860
1861,박애리,국악인,"동기부여, 열정, 프로정신, 도전,힐링, 공연&강연",https://www.hooh.kr/sub/teacher/next.asp?m_idx=1861
1862,정찬우,제이에프피부과의원 원장,"건강, 웃음, 의학",https://www.hooh.kr/sub/teacher/next.asp?m_idx=1862
1630,김상섭,교육 컨설턴트,"교육, 자녀교육, 공부법, 입시, 부모교육",https://www.hooh.kr/sub/teacher/next.asp?m_idx=1630
1638,이사배 (RISABAE),뷰티 크리에이터,"동기부여, 열정, 프로정신, 도전, 자기관리, 꿈, 마인드셋,소통, 커뮤니케이션,퍼스널브랜딩, 뷰티,창의/마케팅, 콘텐츠",https://www.hooh.kr/sub/teacher/next.asp?m_idx=1638
1640,명욱,"세종사이버대학교 외래교수, 칼럼니스트","인문학, 문화,창의/마케팅, 창의력, 마케팅, 콘텐츠,힐링, 실습&체험",https://www.hooh.kr/sub/teacher/next.asp?m_idx=1640
1641,박범영,텐인텐 카페 대표,"부동산, 재테크,소통, 커뮤니케이션",https://www.hooh.kr/sub/teacher/next.asp?m_idx=1641
1642,신제구,서울과학종합대학원 교수,"자기관리,리더십, 조직문화, 조직관리,소통, 커뮤니케이션",https://www.hooh.kr/sub/teacher/next.asp?m_idx=1642
1659,문승용,한국외국어대학교 중국어과 강사,"인문학, 역사, 고전, 문화,교육, 공부법, 인성",https://www.hooh.kr/sub/teacher/next.asp?m_idx=1659
1660,앤디림,스팀21  공동대표,"동기부여, 꿈, 비전,창업,교육, 자녀교육, 공부법, 부모교육,취업, 진로",https://www.hooh.kr/sub/teacher/next.asp?m_idx=1660
1753,김기열,개그맨,"동기부여, 열정, 도전,힐링, 웃음",https://www.hooh.kr/sub/teacher/next.asp?m_idx=1753
1772,신강현,아주대학교 교수,"경영/조직, 리더십, 조직문화, 조직관리, 조직활성화, CEO,건강, 심리",https://www.hooh.kr/sub/teacher/next.asp?m_idx=1772
1773,MC 승진,전문 MC,"힐링, 웃음, 행복, 유머",https://www.hooh.kr/sub/teacher/next.asp?m_idx=1773
1785,박노성,셰익스컴퍼니 대표,"동기부여,AI/미래, Ai(인공지능),인문학,경영/조직, 리더십, 창업,소통, 커뮤니케이션,교육, 독서법, 글쓰기,창의/마케팅, 광고, 마케팅, 콘텐츠, SNS,취업, 진로, 직업관",https://www.hooh.kr/sub/teacher/next.asp?m_idx=1785
1792,고준석,부동산전문가,"경제, 자산관리, 부동산, 재테크, 투자, 경매",https://www.hooh.kr/sub/teacher/next.asp?m_idx=1792
1793,조빈,가수,"동기부여, 열정, 인생스토리, 도전, 삶의자세, 꿈, 마인드셋,힐링, 공연&강연",https://www.hooh.kr/sub/teacher/next.asp?m_idx=1793
1794,이상석,세계화전략연구소 수석연구원,"동기부여, 열정, 성공,리더십,경제",https://www.hooh.kr/sub/teacher/next.asp?m_idx=1794
1797,이한우,논어등반학교 교장,"인문학, 역사, 고전, 철학, 한국사, 문학",https://www.hooh.kr/sub/teacher/next.asp?m_idx=1797
1799,이광연,한서대학교 수학과 교수,"인문학,교육, 자녀교육, 공부법",https://www.hooh.kr/sub/teacher/next.asp?m_idx=1799
1800,이임복,세컨드브레인연구소 대표,"AI/미래, 트렌드, IT, Ai(인공지능), DX, 미래기술, 로봇",https://www.hooh.kr/sub/teacher/next.asp?m_idx=1800
1802,장문희,국악인,"인문학, 예술,힐링, 공연&강연",https://www.hooh.kr/sub/teacher/next.asp?m_idx=1802
1803,유명훈,KoreaCSR 대표,"경영/조직, 경영, 목표관리, 경영전략, 위기관리, 협력, 협업, 상생,사회/환경, ESG",https://www.hooh.kr/sub/teacher/next.asp?m_idx=1803
1805,곽진언,가수,"동기부여, 열정, 인생스토리, 도전, 성공, 꿈,힐링, 공연&강연",https://www.hooh.kr/sub/teacher/next.asp?m_idx=1805
1806,최진곤,미래를 읽다 대표,"경제, 경제전망, 부동산, 재테크, 투자, 노후",https://www.hooh.kr/sub/teacher/next.asp?m_idx=1806
1807,이지혜,"더감 대표, 클래식 해설가","인문학, 예술, 문화, 음악",https://www.hooh.kr/sub/teacher/next.asp?m_idx=1807
1808,정근호,애틀러스 리서치앤컨설팅 R&C 본부장,"AI/미래, 트렌드, 디지털기술, IT, 미래기술, 모바일웹, 사물통신, 산업, 블록체인, 융합,세일즈, 유통",https://www.hooh.kr/sub/teacher/next.asp?m_idx=1808
1809,정선근,서울대학교병원 재활의학과 교수,"건강, 의학",https://www.hooh.kr/sub/teacher/next.asp?m_idx=1809
1810,박상현,경희사이버대학교 일본학과 교수,"인문학, 역사, 고전, 문화, 한국사, 문학",https://www.hooh.kr/sub/teacher/next.asp?m_idx=1810
1813,박병규(급식왕 발가락쌤),유튜브 크리에이터,"동기부여, 열정, 꿈, 비전,창의/마케팅, 콘텐츠,힐링, 웃음, 유머, 공연&강연",https://www.hooh.kr/sub/teacher/next.asp?m_idx=1813
1814,떵개떵,유튜브 크리에이터,"동기부여, 열정, 성공, 꿈, 비전,창의/마케팅, 콘텐츠",https://www.hooh.kr/sub/teacher/next.asp?m_idx=1814
1815,테드(임광현),유튜브 크리에이터,"동기부여, 열정, 성공, 꿈, 비전,창의/마케팅, 콘텐츠",https://www.hooh.kr/sub/teacher/next.asp?m_idx=1815
1816,셀프어쿠스틱,유튜브 크리에이터,"동기부여, 열정, 인생스토리, 도전, 성공, 꿈, 비전,콘텐츠,공연&강연",https://www.hooh.kr/sub/teacher/next.asp?m_idx=1816
1817,띠미,유튜브 크리에이터,"동기부여, 열정, 인생스토리, 도전, 성공, 꿈, 비전,창의/마케팅, 콘텐츠",https://www.hooh.kr/sub/teacher/next.asp?m_idx=1817
1818,제이제이튜브,유튜브 크리에이터,"동기부여, 열정, 인생스토리, 도전, 성공, 꿈, 비전,교육, 자녀교육, 부모교육,창의/마케팅, 상상력, 콘텐츠",https://www.hooh.kr/sub/teacher/next.asp?m_idx=1818
1819,지무비,유튜브 크리에이터,"동기부여, 열정, 인생스토리, 성공, 꿈, 비전, 마인드셋,인문학, 영화,창의/마케팅, 콘텐츠",https://www.hooh.kr/sub/teacher/next.asp?m_idx=1819
1820,백수골방,유튜브 크리에이터,"동기부여, 열정, 인생스토리, 도전, 성공, 꿈, 비전,인문학, 영화,창의/마케팅, 콘텐츠",https://www.hooh.kr/sub/teacher/next.asp?m_idx=1820
1821,운학,유튜브 크리에이터,"동기부여, 도전, 꿈, 비전,창의/마케팅, 콘텐츠",https://www.hooh.kr/sub/teacher/next.asp?m_idx=1821
1822,비누(강현욱),유튜브 크리에이터,"동기부여, 열정, 인생스토리, 도전, 성공, 꿈, 비전,창의/마케팅, 콘텐츠",https://www.hooh.kr/sub/teacher/next.asp?m_idx=1822
1823,플레르,유튜브 크리에이터,"동기부여, 도전, 성공, 자기계발, 꿈, 비전,창의/마케팅, 콘텐츠",https://www.hooh.kr/sub/teacher/next.asp?m_idx=1823
1824,김겸,김겸미술품보존연구소 대표,"미술, 예술, 문화",https://www.hooh.kr/sub/teacher/next.asp?m_idx=1824
1825,이재영,한동대학교 교수,"동기부여, 성공, 자기계발,교육, 글쓰기",https://www.hooh.kr/sub/teacher/next.asp?m_idx=1825
1827,김승택,건강심사평가원 원장,"건강, 의학",https://www.hooh.kr/sub/teacher/next.asp?m_idx=1827
1828,표시형,열정에 기름붓기 대표,"동기부여, 열정, 도전, 삶의자세,힐링, 워라벨",https://www.hooh.kr/sub/teacher/next.asp?m_idx=1828
1829,최정원,뮤지컬배우,"동기부여, 열정, 프로정신, 인생스토리, 도전, 자기관리, 삶의자세, 꿈, 마인드셋",https://www.hooh.kr/sub/teacher/next.asp?m_idx=1829
1432,홍종혁,세일즈마스터컨설팅 대표,"동기부여, 프로정신,소통, 커뮤니케이션,세일즈, 협상, 설득, 판매, 고객관리",https://www.hooh.kr/sub/teacher/next.asp?m_idx=1432
1581,손수오,"보이스컨설턴트, 성악가","동기부여, 프로정신, 자기관리, 자기계발,소통, 스피치,교육, 부모교육,힐링, 공연&강연",https://www.hooh.kr/sub/teacher/next.asp?m_idx=1581
1591,허두영,데이비드스톤 대표이사,"동기부여, 자기관리,경영/조직, 조직문화, 조직활성화,소통, 커뮤니케이션,교육, 자녀교육, 부모교육",https://www.hooh.kr/sub/teacher/next.asp?m_idx=1591
1593,최종택,한국강사협회 회장,"자기관리, 삶의자세, 자기계발",https://www.hooh.kr/sub/teacher/next.asp?m_idx=1593
1594,권기봉,"작가, 역사 여행가","인문학, 역사, 한국사,힐링, 여행",https://www.hooh.kr/sub/teacher/next.asp?m_idx=1594
1537,허경환,개그맨,"동기부여, 인생스토리, 도전, 성공, 꿈,경영/조직, 창업, 스타트업,소통, 커뮤니케이션,힐링, 웃음, 행복, 자존감,취업, 진로, 직업관",https://www.hooh.kr/sub/teacher/next.asp?m_idx=1537
1540,최용균,비전경영연구소장,"동기부여, 성공, 삶의자세, 자기계발, 비전,경영/조직, 조직활성화,소통, 커뮤니케이션,퍼스널브랜딩, MBTI,힐링, 희망, 행복,취업, 인생이모작",https://www.hooh.kr/sub/teacher/next.asp?m_idx=1540
1547,정창성,자연치유연구소 소장,"소통, 커뮤니케이션,건강, 스트레스, 식이요법, 노후, 심리, 정신,힐링, 행복, 마음",https://www.hooh.kr/sub/teacher/next.asp?m_idx=1547
1550,장후세인,젠나무민북스 대표,"인문학, 문화,힐링, 종교",https://www.hooh.kr/sub/teacher/next.asp?m_idx=1550
1554,이승일,파워피티 대표이사,"동기부여, 열정,소통, 프레젠테이션",https://www.hooh.kr/sub/teacher/next.asp?m_idx=1554
1556,이상범,성공변화 연구소 소장,"동기부여, 열정, 성공, 마인드셋,세일즈, 판매, 고객관리",https://www.hooh.kr/sub/teacher/next.asp?m_idx=1556
1558,이동순,한국부모교육센터 소장,"소통, 커뮤니케이션, 가족,교육, 자녀교육, 부모교육",https://www.hooh.kr/sub/teacher/next.asp?m_idx=1558
1561,오승훈,하루3분 마케팅 연구소 대표,"비즈니스,창의/마케팅, 마케팅",https://www.hooh.kr/sub/teacher/next.asp?m_idx=1561
1564,연정남,대한적십자회 응급처치 강사,"건강, 의학",https://www.hooh.kr/sub/teacher/next.asp?m_idx=1564
1574,김세린,스픽조이 대표,공부법,https://www.hooh.kr/sub/teacher/next.asp?m_idx=1574
1578,박나래,개그우먼,"동기부여, 열정, 인생스토리, 도전, 자기관리, 삶의자세",https://www.hooh.kr/sub/teacher/next.asp?m_idx=1578
1624,최배근,건국대학교 경제학과 교수,"경제, 경제전망,사회/환경, 국제정세",https://www.hooh.kr/sub/teacher/next.asp?m_idx=1624
1625,김중혁,소설가,"인문학, 예술, 영화,교육, 독서법, 글쓰기,창의/마케팅, 상상력, 창의력",https://www.hooh.kr/sub/teacher/next.asp?m_idx=1625
1628,이익주,서울시립대학교 교수,"인문학, 역사, 고전, 한국사",https://www.hooh.kr/sub/teacher/next.asp?m_idx=1628
1596,남수진,작가,"자기계발,공부법",https://www.hooh.kr/sub/teacher/next.asp?m_idx=1596
1598,정진수,감성컴퍼니 대표,"창의/마케팅, 광고, 마케팅, 콘텐츠, SNS",https://www.hooh.kr/sub/teacher/next.asp?m_idx=1598
1599,장민,뉴프라미스랩(주) 대표,"AI/미래, 디지털기술, Ai(인공지능), 비즈니스, 블록체인,경제, 경제전망, 투자",https://www.hooh.kr/sub/teacher/next.asp?m_idx=1599
1601,이보연,아동상담전문가,"교육, 자녀교육, 공부법, 육아, 여성학, 인성, 부모교육",https://www.hooh.kr/sub/teacher/next.asp?m_idx=1601
1602,김유진,김유진 아카데미 대표,"동기부여, 프로정신, 도전, 성공, 삶의자세,경영/조직, 경영전략, CEO, 창업,세일즈, 유통, 판매, 고객관리",https://www.hooh.kr/sub/teacher/next.asp?m_idx=1602
1605,안수현,밀리언뷰 대표,"AI/미래, 트렌드, 디지털기술, 비즈니스,경영/조직, 혁신, 경영전략,창의/마케팅, 창의력, 광고, 마케팅, 콘텐츠, SNS",https://www.hooh.kr/sub/teacher/next.asp?m_idx=1605
1606,심재우,에스비컨설팅 대표,"AI/미래, Ai(인공지능), 메타버스,경영/조직, 조직문화, 조직관리, 목표관리, 조직활성화, 협력, 협업, 상생,창의/마케팅, 마케팅",https://www.hooh.kr/sub/teacher/next.asp?m_idx=1606
1607,김영정,컬러앤코칭 대표,"소통, 커뮤니케이션,퍼스널브랜딩, 퍼스널컬러,힐링, 실습&체험",https://www.hooh.kr/sub/teacher/next.asp?m_idx=1607
1608,홍대식,연세대학교 교수,"AI/미래, 디지털기술, Ai(인공지능), 미래기술, 모바일웹, 산업",https://www.hooh.kr/sub/teacher/next.asp?m_idx=1608
1609,김양민,서강대학교 교수,"경영/조직, 경영, 혁신, 조직관리, 경영전략,창의/마케팅, 마케팅",https://www.hooh.kr/sub/teacher/next.asp?m_idx=1609
1610,호사카 유지,세종대학교 교수,"인문학, 역사, 문화, 한국사,사회/환경, 정치",https://www.hooh.kr/sub/teacher/next.asp?m_idx=1610
1611,이지영,"뉴리치연구소 대표, 작가","경제, 금융, 자산관리, 재무설계, 재테크",https://www.hooh.kr/sub/teacher/next.asp?m_idx=1611
1614,강민정,온콘텐츠 대표,"경영/조직, 리더십, 조직문화, 조직활성화, 협력, 협업, 상생,소통, 커뮤니케이션, 스피치, 프레젠테이션",https://www.hooh.kr/sub/teacher/next.asp?m_idx=1614
1615,박영옥,스마트인컴 대표,"경제, 금융, 주식, 재테크, 투자",https://www.hooh.kr/sub/teacher/next.asp?m_idx=1615
1616,권인아,위드 HRD 교육컨설팅 대표,"동기부여, 자기관리, 자기계발,소통, 커뮤니케이션,퍼스널브랜딩, 이미지메이킹",https://www.hooh.kr/sub/teacher/next.asp?m_idx=1616
1618,조용대,전문 MC,"경영/조직, 조직활성화,힐링, 웃음, 실습&체험",https://www.hooh.kr/sub/teacher/next.asp?m_idx=1618
1619,조빛나,㈜공의 대표이사,"동기부여, 열정, 인생스토리, 도전, 성공, 삶의자세, 자기계발, 꿈, 비전,경영/조직, 창업, 스타트업,창의/마케팅, 창의력",https://www.hooh.kr/sub/teacher/next.asp?m_idx=1619
1620,송우복,조력 에너지 연구소  소장,"건강,사회/환경, 사회이슈",https://www.hooh.kr/sub/teacher/next.asp?m_idx=1620
1622,나태주,시인,"동기부여, 삶의자세,인문학, 문학, 시,교육, 글쓰기,힐링, 마음",https://www.hooh.kr/sub/teacher/next.asp?m_idx=1622
2980,손용규,자기경영아카데미 대표,"동기부여, 열정, 프로정신, 도전, 성공, 자기관리, 삶의자세, 자기계발, 마인드셋,경영/조직, 리더십, 조직관리, CEO,소통, 커뮤니케이션,퍼스널브랜딩,교육, 공부법",https://www.hooh.kr/sub/teacher/next.asp?m_idx=2980
2982,함유근,건국대학교 경영대학 교수,"트렌드, 디지털기술, IT, 빅데이터, 미래기술",https://www.hooh.kr/sub/teacher/next.asp?m_idx=2982
2983,김이율,작가,"동기부여, 열정, 인생스토리, 도전, 삶의자세, 꿈,교육, 독서법, 글쓰기,힐링, 행복, 마음",https://www.hooh.kr/sub/teacher/next.asp?m_idx=2983
2984,정준호,음악 칼럼니스트,"예술, 문화, 음악,힐링, 여행",https://www.hooh.kr/sub/teacher/next.asp?m_idx=2984
2989,노미경,프리랜서,"동기부여, 열정, 도전, 자기계발, 꿈,경영/조직, 리더십,교육, 자녀교육, 성교육, 인성, 부모교육,힐링, 행복, 여행",https://www.hooh.kr/sub/teacher/next.asp?m_idx=2989
2990,허훈,한국조리과학연구센터 센터장,"건강, 식이요법",https://www.hooh.kr/sub/teacher/next.asp?m_idx=2990
2992,신경섭,(주)더퍼스트팀 대표,"동기부여, 도전, 삶의자세, 자기계발, 마인드셋,AI/미래, 트렌드, 디지털기술, IT, 미래기술, 산업,창의/마케팅, 마케팅, 콘텐츠,힐링, 실습&체험,취업, 진로, 직업관",https://www.hooh.kr/sub/teacher/next.asp?m_idx=2992
2994,다이애나 홍,한국독서경영연구원 원장,"인문학, 문학,독서법, 글쓰기",https://www.hooh.kr/sub/teacher/next.asp?m_idx=2994
2995,황정선,이미지공작소 대표,"동기부여, 자기관리,퍼스널브랜딩, 이미지메이킹, 뷰티, 패션, 호감, 스타일링",https://www.hooh.kr/sub/teacher/next.asp?m_idx=2995
2998,이동우,웹툰작가,"동기부여, 열정, 인생스토리, 도전, 자기관리, 자기계발,교육, 글쓰기,창의/마케팅, 창의력, 콘텐츠, 디자인",https://www.hooh.kr/sub/teacher/next.asp?m_idx=2998
2999,정인아,"작가, 정인아 리딩 영어 대표","동기부여, 도전, 자기계발,교육, 자녀교육, 공부법, 부모교육",https://www.hooh.kr/sub/teacher/next.asp?m_idx=2999
3000,박서연,(주)퍼스널브랜딩코리아 대표,"동기부여, 자기관리, 자기계발, 꿈,창업,이미지메이킹",https://www.hooh.kr/sub/teacher/next.asp?m_idx=3000
2971,박재현,한국브랜드마케팅연구소 대표,"경영/조직, 목표관리, 경영전략,퍼스널브랜딩,창의/마케팅, 창의력, 마케팅, 콘텐츠,세일즈",https://www.hooh.kr/sub/teacher/next.asp?m_idx=2971
2972,원기범,아나운서,"소통, 관계, 스피치, 가족, 부부",https://www.hooh.kr/sub/teacher/next.asp?m_idx=2972
2973,백승권,(주)커뮤니케이션컨설팅앤클리닉 대표,"소통, 커뮤니케이션, 프레젠테이션,교육, 글쓰기",https://www.hooh.kr/sub/teacher/next.asp?m_idx=2973
2975,정선호,"홍대칵테일바 투비  대표, 임팩트바텐더팀 대표","힐링, 공연&강연",https://www.hooh.kr/sub/teacher/next.asp?m_idx=2975
2976,이수혜,솔이미지,"소통, 스피치,퍼스널브랜딩, 이미지메이킹, 뷰티, 패션, 퍼스널컬러, 호감, 스타일링",https://www.hooh.kr/sub/teacher/next.asp?m_idx=2976
2949,차민욱,(주)열두달_CCO,"인생스토리, 꿈, 비전,스타트업",https://www.hooh.kr/sub/teacher/next.asp?m_idx=2949
2950,이진,헬스디자이너,"건강, 비만, 의학, 노후, 운동",https://www.hooh.kr/sub/teacher/next.asp?m_idx=2950
2951,천유경,㈜한국경영코칭연구원 강사,"동기부여, 자기관리, 자기계발,경영/조직, 리더십, 조직문화, 조직활성화, 협력, 협업, 상생,소통, 커뮤니케이션, 관계,퍼스널브랜딩, 이미지메이킹, CS, MBTI,건강, 스트레스",https://www.hooh.kr/sub/teacher/next.asp?m_idx=2951
3003,이인식,"지식융합연구소 소장, 과학칼럼니스트","AI/미래, 미래기술, 융합,인문학, 과학,사회/환경, ESG",https://www.hooh.kr/sub/teacher/next.asp?m_idx=3003
3004,김영기,조직리더십코칭원 대표,"리더십, 조직관리, 목표관리, 조직활성화,소통,스트레스",https://www.hooh.kr/sub/teacher/next.asp?m_idx=3004
3005,이성호,연세대학교 교수,"자녀교육, 인성, 부모교육",https://www.hooh.kr/sub/teacher/next.asp?m_idx=3005
3006,전철웅(전프로),컨설턴트,프레젠테이션,https://www.hooh.kr/sub/teacher/next.asp?m_idx=3006
3007,황준연,"황준연 리본연구소 대표, 작가","동기부여, 인생스토리, 자기관리, 자기계발,교육, 독서법, 글쓰기,취업, 직업관",https://www.hooh.kr/sub/teacher/next.asp?m_idx=3007
3009,박동욱,한양대학교 교수,"인문학, 역사, 고전, 문학,가족",https://www.hooh.kr/sub/teacher/next.asp?m_idx=3009
3011,백승휴,포토테라피 연구소 소장,"힐링, 행복",https://www.hooh.kr/sub/teacher/next.asp?m_idx=3011
3013,노중석,(사)한국기술개발협회 R&D 지도사,"경영/조직, 경영, 위기관리",https://www.hooh.kr/sub/teacher/next.asp?m_idx=3013
3018,한광수,저작권 프로듀서 겸 제작자,"AI/미래, 정보보안",https://www.hooh.kr/sub/teacher/next.asp?m_idx=3018
3020,송성헌,"철학, 종교, 문학","인문학, 철학, 문학, 시,힐링, 종교",https://www.hooh.kr/sub/teacher/next.asp?m_idx=3020
3024,장은지,이머징리더십인터벤션즈 대표,"경영/조직, 경영, 리더십, 조직문화, 혁신, 조직관리, 목표관리, 조직활성화, CEO, 변화, 위기관리, 협력, 협업, 상생",https://www.hooh.kr/sub/teacher/next.asp?m_idx=3024
3027,도용복,"오지탐험가, 사라토가 대표","힐링, 웃음, 여행",https://www.hooh.kr/sub/teacher/next.asp?m_idx=3027
3028,문찬오,케이큐엠컨설팅 대표,"동기부여, 열정, 프로정신,IT,리더십, 조직문화, 경영전략, 변화,창의/마케팅,진로",https://www.hooh.kr/sub/teacher/next.asp?m_idx=3028
3030,박재훈,박재훈교육심리연구소 소장,"교육, 공부법, 글쓰기,취업, 면접, 이력서(자소서), 진로, 직업관",https://www.hooh.kr/sub/teacher/next.asp?m_idx=3030
3032,김종돈,"한국애드립잼음악교육협회 대표, MPB애드립잼음악아카데미 대표","인문학, 음악,힐링, 공연&강연",https://www.hooh.kr/sub/teacher/next.asp?m_idx=3032
3033,은상수,서울부민병원 척추내시경센터 센터장,"건강, 스트레스, 의학, 노후, 운동",https://www.hooh.kr/sub/teacher/next.asp?m_idx=3033
3034,김세호,길목부동산연구소 대표,"경제, 부동산, 투자, 경매",https://www.hooh.kr/sub/teacher/next.asp?m_idx=3034
3072,편세경,자기혁신연구소 소장,"동기부여, 프로정신, 성공, 자기관리, 자기계발,경영/조직, 경영, 리더십, 혁신, 목표관리, 경영전략,교육, 글쓰기",https://www.hooh.kr/sub/teacher/next.asp?m_idx=3072
3073,이종면,코리아모델브랜딩협회 협회장,"경영/조직, 리더십, 창업,소통, 커뮤니케이션, 스피치, 프레젠테이션,퍼스널브랜딩, CS,인성,창의/마케팅, 마케팅, 콘텐츠, SNS",https://www.hooh.kr/sub/teacher/next.asp?m_idx=3073
3075,윤석주,개그맨,"동기부여, 도전,건강, 비만, 웃음,힐링, 웃음, 유머",https://www.hooh.kr/sub/teacher/next.asp?m_idx=3075
3081,오승영,한국인성강사협회 대표강사,"인문학, 시,퍼스널브랜딩, CS,교육, 인성, 글쓰기,취업, 진로",https://www.hooh.kr/sub/teacher/next.asp?m_idx=3081
3082,김영찬,단국대학교 천안캠퍼스 ROTC 군사학교수,"동기부여, 인생스토리, 꿈,인문학, 역사, 문화,힐링, 나눔, 봉사, 자존감, 여행,사회/환경, 정치,취업, 진로",https://www.hooh.kr/sub/teacher/next.asp?m_idx=3082
3083,곽해선,경제교육연구소 소장,"경제, 금융, 주식, 경제전망, 재테크, 투자",https://www.hooh.kr/sub/teacher/next.asp?m_idx=3083
3084,최재훈,생애안전교육원 대표,"건강, 의학,교육, 성교육",https://www.hooh.kr/sub/teacher/next.asp?m_idx=3084
3085,오윤관,금융인,"경제, 주식, 재테크, 투자, 노후",https://www.hooh.kr/sub/teacher/next.asp?m_idx=3085
3087,구건서,노무법인 더 휴먼 회장,"동기부여, 열정, 인생스토리, 도전, 성공, 삶의자세, 자기계발, 꿈,경영/조직, 리더십, 조직문화, 조직관리,경제, 세무/법률,취업, 인생이모작",https://www.hooh.kr/sub/teacher/next.asp?m_idx=3087
3090,서상민,한국학습코칭센터 대표,"동기부여, 자기계발, 마인드셋,소통,교육, 자녀교육, 공부법, 입시, 독서법, 부모교육,창의/마케팅, 창의력,힐링, 마음, 자존감",https://www.hooh.kr/sub/teacher/next.asp?m_idx=3090
3098,최정현,낭만컴퍼니 대표,"자기계발,힐링, 워라벨, 마음, 실습&체험",https://www.hooh.kr/sub/teacher/next.asp?m_idx=3098
3100,김장우,"골퍼, 스포츠해설가","건강,힐링",https://www.hooh.kr/sub/teacher/next.asp?m_idx=3100
3103,백종희,공거백종희 생활건강연구원 원장,"건강, 스트레스, 노후, 한의학,힐링, 행복",https://www.hooh.kr/sub/teacher/next.asp?m_idx=3103
3111,고건혁,붕가붕가 레코드 대표,"동기부여, 열정, 도전, 삶의자세,문화",https://www.hooh.kr/sub/teacher/next.asp?m_idx=3111
3114,황성진,리퍼블릭오브독 주식회사 CEO,"AI/미래, Ai(인공지능),경영/조직, 경영, 경영전략, 스타트업,소통, 관계,교육,창의/마케팅, 마케팅, SNS,나눔",https://www.hooh.kr/sub/teacher/next.asp?m_idx=3114
3115,최광희,영화평론가,"인문학, 영화,소통,상상력",https://www.hooh.kr/sub/teacher/next.asp?m_idx=3115
3116,염지홍,쉬리니케이크 대표,"동기부여, 열정, 도전,퍼스널브랜딩, 패션,창의/마케팅, 창의력, 디자인",https://www.hooh.kr/sub/teacher/next.asp?m_idx=3116
3118,황성한,LG디스플레이 책임연구원,"소통, 가족, 부부,교육, 자녀교육, 육아, 독서법, 부모교육",https://www.hooh.kr/sub/teacher/next.asp?m_idx=3118
3120,이동현,핑크매니지먼트,"AI/미래, 비즈니스,경제, 금융, 자산관리, 재무설계, 재테크, 투자,취업, 면접, 이력서(자소서), 진로",https://www.hooh.kr/sub/teacher/next.asp?m_idx=3120
3121,강학중,가정경영연구소 소장,"소통, 관계, 가족, 부부,교육, 자녀교육,힐링, 행복",https://www.hooh.kr/sub/teacher/next.asp?m_idx=3121
3123,이건재,KAIST 교수,"AI/미래, 트렌드, IT, 미래기술, 비즈니스, 융합,경제, 경제전망",https://www.hooh.kr/sub/teacher/next.asp?m_idx=3123
3135,김흥종,대외경제정책연구원,"경제, 금융, 경제전망,사회/환경, 정치",https://www.hooh.kr/sub/teacher/next.asp?m_idx=3135
3125,이용규,한국자전거나라 대표,"인문학, 역사, 미술, 예술, 세계, 문학,힐링, 여행",https://www.hooh.kr/sub/teacher/next.asp?m_idx=3125
3126,최병일,이화여자대학교 국제대학원 교수,"경제, 경제전망,사회/환경, 국제정세",https://www.hooh.kr/sub/teacher/next.asp?m_idx=3126
3040,정호윤,젤리모바일,"마케팅, SNS",https://www.hooh.kr/sub/teacher/next.asp?m_idx=3040
3042,배정원,행복한성문화센터 소장,"소통, 관계, 가족, 부부,교육, 자녀교육, 여성학, 성교육, 인성, 부모교육",https://www.hooh.kr/sub/teacher/next.asp?m_idx=3042
3043,전우성,"케이앤제이 관세사무소, 역사연구가","인문학, 역사,경제, 세무/법률",https://www.hooh.kr/sub/teacher/next.asp?m_idx=3043
3045,정연덕,건국대학교 법학전문대학원 교수,"경제, 세무/법률,교육, 입시,취업, 면접, 이력서(자소서), 진로",https://www.hooh.kr/sub/teacher/next.asp?m_idx=3045
3047,황정현,"몸살림 대표, 서울시민간단체 대표","동기부여, 자기관리,건강, 스트레스, 심리, 운동,힐링, 마음, 실습&체험",https://www.hooh.kr/sub/teacher/next.asp?m_idx=3047
3048,조창완,아띠 특별취재본부장/상무,"동기부여, 삶의자세, 자기계발,인문학, 세계,경영/조직, CEO,교육, 글쓰기,사회/환경, 국제정세,취업, 인생이모작",https://www.hooh.kr/sub/teacher/next.asp?m_idx=3048
3053,유충경,주식회사 마인드골프 대표이사,"인문학, 뇌과학,건강, 심리, 운동,교육, 자녀교육",https://www.hooh.kr/sub/teacher/next.asp?m_idx=3053
3057,수잔 샤키야,방송연예인,"동기부여, 열정, 인생스토리, 도전, 성공, 삶의자세, 자기계발, 꿈, 비전,인문학, 예술, 문화,사회/환경, 사회이슈",https://www.hooh.kr/sub/teacher/next.asp?m_idx=3057
3058,문희강,한국인성교육상담진흥원  원장,"경영/조직, 리더십, 조직문화, 조직활성화,소통, 커뮤니케이션, 부부,교육, 자녀교육, 인성, 부모교육,힐링, 웃음, 행복",https://www.hooh.kr/sub/teacher/next.asp?m_idx=3058
3059,최창석,명지대학교 정보통신공학과 교수,"인문학, 문화, 뇌과학,퍼스널브랜딩, 이미지메이킹,취업, 인생이모작",https://www.hooh.kr/sub/teacher/next.asp?m_idx=3059
3060,손성도,한국스포츠인성교육원 대표,"자녀교육, 인성, 부모교육",https://www.hooh.kr/sub/teacher/next.asp?m_idx=3060
3063,정준용,퍼즐영어교습소 원장,"동기부여, 열정, 도전, 삶의자세, 마인드셋",https://www.hooh.kr/sub/teacher/next.asp?m_idx=3063
3066,김경해,커뮤니케이션즈코리아 대표,"경영, 조직관리, 경영전략, 위기관리,커뮤니케이션",https://www.hooh.kr/sub/teacher/next.asp?m_idx=3066
3067,전우영,충남대학교 심리학과 교수,"소통, 관계,건강, 심리,힐링, 행복, 마음",https://www.hooh.kr/sub/teacher/next.asp?m_idx=3067
3069,강태성,근골격계통증조절운동센터 대표,"건강, 스트레스, 비만",https://www.hooh.kr/sub/teacher/next.asp?m_idx=3069
2629,홍채희,플로리스트,"힐링, 웃음, 행복",https://www.hooh.kr/sub/teacher/next.asp?m_idx=2629
2640,유경준,교육 컨설턴트,"교육, 자녀교육, 공부법, 입시, 부모교육",https://www.hooh.kr/sub/teacher/next.asp?m_idx=2640
2669,황문호,해피로드컨설팅 대표,"경영/조직, 리더십, 조직문화, 조직활성화, 창업,소통, 커뮤니케이션,건강, 스트레스",https://www.hooh.kr/sub/teacher/next.asp?m_idx=2669
2681,이종호,네이버  포스트  이야기꾼A,"동기부여, 자기계발,인문학, 미술, 예술,창의/마케팅, 상상력, 창의력,힐링, 마음",https://www.hooh.kr/sub/teacher/next.asp?m_idx=2681
2692,김성종,(사)대한예총,"삶의자세,힐링, 웃음, 행복, 유머",https://www.hooh.kr/sub/teacher/next.asp?m_idx=2692
2701,김정원,사소한 인생문제 연구소 소장,"인문학, 예술, 문화,소통, 커뮤니케이션, 관계, 프레젠테이션,창의/마케팅",https://www.hooh.kr/sub/teacher/next.asp?m_idx=2701
2728,정진호,J비주얼스쿨 대표,"AI/미래, Ai(인공지능),창의/마케팅, 상상력, 창의력, 콘텐츠",https://www.hooh.kr/sub/teacher/next.asp?m_idx=2728
2748,임은주,한국감정연구소,"소통, 커뮤니케이션,교육, 자녀교육, 육아, 인성, 부모교육",https://www.hooh.kr/sub/teacher/next.asp?m_idx=2748
2754,이고운,전문강사,"동기부여, 열정, 도전, 성공, 자기관리, 자기계발,경영/조직, 리더십, CEO,소통, 커뮤니케이션, 관계, 스피치, 프레젠테이션,퍼스널브랜딩, 이미지메이킹,교육, 글쓰기,창의/마케팅, SNS,면접",https://www.hooh.kr/sub/teacher/next.asp?m_idx=2754
2758,심지민,프레젠컴 대표,"동기부여, 프로정신, 자기관리,소통, 커뮤니케이션, 스피치, 프레젠테이션,교육, 성교육,창의/마케팅, 마케팅,세일즈,취업, 면접",https://www.hooh.kr/sub/teacher/next.asp?m_idx=2758
2759,김철수,생각경영연구소장,"AI/미래, 디지털기술, Ai(인공지능), 융합,경영/조직, 리더십, 창업, 스타트업,교육, 글쓰기,창의/마케팅, 창의력",https://www.hooh.kr/sub/teacher/next.asp?m_idx=2759
2762,이승아(나디아),나디아요가대표,"동기부여, 자기관리, 자기계발,건강, 스트레스, 운동,힐링, 실습&체험",https://www.hooh.kr/sub/teacher/next.asp?m_idx=2762
2819,정구민,국민대학교 창의공과대 전자공학부 교수,"AI/미래, 트렌드, IT, Ai(인공지능), 빅데이터, 미래기술, 로봇, 산업, 비즈니스, 융합",https://www.hooh.kr/sub/teacher/next.asp?m_idx=2819
2867,김학수,입시연구소 길 소장,"교육, 자녀교육, 공부법, 입시, 인성, 부모교육,취업, 이력서(자소서), 진로",https://www.hooh.kr/sub/teacher/next.asp?m_idx=2867
2875,강봉균,서울대학교 교수,"인문학, 뇌과학,교육, 공부법",https://www.hooh.kr/sub/teacher/next.asp?m_idx=2875
2885,권나은,온마이크 대표,"소통, 커뮤니케이션, 스피치, 프레젠테이션,퍼스널브랜딩, 이미지메이킹, CS,교육, 성교육,취업, 면접",https://www.hooh.kr/sub/teacher/next.asp?m_idx=2885
2931,채연석,과학기술연합대학원대학교,"동기부여, 성공, 꿈,AI/미래, 미래기술, 우주,인문학, 역사, 한국사, 과학",https://www.hooh.kr/sub/teacher/next.asp?m_idx=2931
2934,김영익,서강대학 경제대학원 교수,"경제, 금융, 주식, 자산관리, 재무설계, 경제전망, 부동산, 재테크, 투자",https://www.hooh.kr/sub/teacher/next.asp?m_idx=2934
2936,크리스 존슨,방송연예인,"힐링, 행복, 유머",https://www.hooh.kr/sub/teacher/next.asp?m_idx=2936
2954,조석현,DS재난안전연구소장,"AI/미래, Ai(인공지능), 빅데이터, 미래기술, 사물인터넷,사회/환경, 사회이슈",https://www.hooh.kr/sub/teacher/next.asp?m_idx=2954
2955,구홍덕,한국철학대학평생교육원 원장,"동기부여, 인생스토리, 삶의자세,인문학, 철학,경영/조직, 리더십, 조직문화, 혁신, 변화,소통,교육, 인성,힐링, 웃음, 행복, 마음",https://www.hooh.kr/sub/teacher/next.asp?m_idx=2955
2956,권호천,Global ICT Lab 대표 & 소장,"AI/미래, 트렌드, 디지털기술, IT, Ai(인공지능), 빅데이터, 미래기술, 비즈니스, 융합,경영/조직, 경영전략,소통, 커뮤니케이션, 관계,창의/마케팅, 광고, 마케팅, 콘텐츠",https://www.hooh.kr/sub/teacher/next.asp?m_idx=2956
2957,김인호,전문강사,"경영/조직, 리더십, 조직문화, 조직관리, 목표관리, 변화,소통, 프레젠테이션",https://www.hooh.kr/sub/teacher/next.asp?m_idx=2957
2958,정일영,스마트팩토리연구소 소장,"AI/미래, 트렌드, DX, 미래기술, 로봇, 산업, 비즈니스,경영/조직, 혁신, 변화, 위기관리",https://www.hooh.kr/sub/teacher/next.asp?m_idx=2958
2959,현정아,생각변화연구소 소장,"인문학, 고전, 철학, 예술, 문화, 문학, 시, 영화,소통, 관계,교육, 독서법,힐링, 행복, 마음",https://www.hooh.kr/sub/teacher/next.asp?m_idx=2959
2961,이선영,쿼카영어 대표,"교육, 공부법,취업, 면접",https://www.hooh.kr/sub/teacher/next.asp?m_idx=2961
2964,박서기,박서기 IT혁신연구소 소장,"트렌드, 디지털기술, IT, 빅데이터, 미래기술, 사물인터넷, 모바일웹, 사물통신, 산업, 비즈니스",https://www.hooh.kr/sub/teacher/next.asp?m_idx=2964
2966,이영구,부동산금융경매연구원,"경제, 자산관리, 부동산, 재테크, 경매",https://www.hooh.kr/sub/teacher/next.asp?m_idx=2966
2968,남용수,포에이엠 교육원 교육원장,"동기부여, 열정, 자기관리, 삶의자세,건강, 스트레스, 웃음, 노후, 운동,힐링, 희망, 웃음, 행복",https://www.hooh.kr/sub/teacher/next.asp?m_idx=2968
2969,유대용,중앙대학교 국악교육대학원 교수,"예술, 문화",https://www.hooh.kr/sub/teacher/next.asp?m_idx=2969
2940,김영준,종이비행기 멀리 날리기 국가대표,"동기부여, 인생스토리, 비전,취업, 진로",https://www.hooh.kr/sub/teacher/next.asp?m_idx=2940
2941,이승훈,종이비행기 곡예비행 국가대표,"동기부여, 인생스토리, 도전, 비전,힐링, 실습&체험,취업, 진로",https://www.hooh.kr/sub/teacher/next.asp?m_idx=2941
2944,조희창,음악평론가,"인문학, 음악",https://www.hooh.kr/sub/teacher/next.asp?m_idx=2944
2507,김훈,여행작가,"동기부여, 열정, 인생스토리, 도전, 자기계발, 꿈,인문학, 역사, 세계, 문화,교육, 공부법,힐링, 희망, 행복, 마음, 여행",https://www.hooh.kr/sub/teacher/next.asp?m_idx=2507
2569,김미성,메디팜일곡  큰사랑 약국 약사,"건강, 비만, 식이요법, 의학, 노후",https://www.hooh.kr/sub/teacher/next.asp?m_idx=2569
2611,안진용,기자,"동기부여, 도전, 삶의자세, 자기계발, 꿈,AI/미래, 트렌드,경영/조직, 리더십,소통, 커뮤니케이션,교육, 자녀교육, 부모교육,창의/마케팅",https://www.hooh.kr/sub/teacher/next.asp?m_idx=2611
2612,서희정,데이터마케팅코리아 팀장,"마케팅, 콘텐츠",https://www.hooh.kr/sub/teacher/next.asp?m_idx=2612
2623,장인수,기업인,"동기부여, 열정, 프로정신, 인생스토리, 도전, 성공, 삶의자세, 자기계발,경영/조직, 리더십,세일즈, 판매",https://www.hooh.kr/sub/teacher/next.asp?m_idx=2623
2624,전민희,소설가,"인문학, 예술, 문학,창의/마케팅, 상상력, 창의력",https://www.hooh.kr/sub/teacher/next.asp?m_idx=2624
2447,유재천,의미공학연구소 대표,"동기부여, 자기계발,인문학, 세계,교육, 글쓰기,힐링, 여행,취업, 면접, 이력서(자소서), 진로",https://www.hooh.kr/sub/teacher/next.asp?m_idx=2447
2449,윤현혜,전문강사,"소통, 커뮤니케이션, 스피치, 프레젠테이션,퍼스널브랜딩, CS",https://www.hooh.kr/sub/teacher/next.asp?m_idx=2449
2455,홍동수,H&C 대표,"동기부여, 열정, 프로정신, 인생스토리, 도전, 삶의자세, 자기계발,건강, 노후,힐링, 행복",https://www.hooh.kr/sub/teacher/next.asp?m_idx=2455
2466,이종경,원더매직 마술사,"동기부여, 프로정신,힐링, 웃음, 행복, 유머, 공연&강연",https://www.hooh.kr/sub/teacher/next.asp?m_idx=2466
2467,장영조,원더매직 마술사,"동기부여, 열정, 프로정신,힐링, 웃음, 유머, 공연&강연",https://www.hooh.kr/sub/teacher/next.asp?m_idx=2467
2479,이영진,감성대장간 대표,"동기부여, 열정, 프로정신, 인생스토리, 도전, 성공, 자기관리, 삶의자세, 자기계발, 꿈, 비전,인문학, 역사, 고전, 철학,소통, 커뮤니케이션, 관계,교육, 자녀교육, 인성, 글쓰기,힐링, 희망, 웃음, 마음",https://www.hooh.kr/sub/teacher/next.asp?m_idx=2479
1588,류재국,철학박사,"인문학, 고전, 철학, 예술, 문화, 문학",https://www.hooh.kr/sub/teacher/next.asp?m_idx=1588
2239,박영훈,수학자,"교육, 자녀교육, 공부법, 입시, 부모교육",https://www.hooh.kr/sub/teacher/next.asp?m_idx=2239
2240,김중미,작가,"동기부여, 삶의자세,인문학, 문학,소통, 커뮤니케이션, 가족,교육, 부모교육, 글쓰기,취업, 직업관",https://www.hooh.kr/sub/teacher/next.asp?m_idx=2240
2241,신정민,EH마음이음연구소장,"리더십,소통, 커뮤니케이션,스트레스, 심리,마음",https://www.hooh.kr/sub/teacher/next.asp?m_idx=2241
2289,김동수,(주)NH투자증권,"경제, 주식,소통, 스피치,취업, 면접",https://www.hooh.kr/sub/teacher/next.asp?m_idx=2289
2339,조기원,Canada Christian 대학 & 대학원 상담심리 & 코칭학과  교수,"동기부여, 열정, 프로정신, 도전, 삶의자세, 자기계발,경영/조직, 리더십, 조직문화,소통, 커뮤니케이션,건강, 심리,교육, 자녀교육, 공부법, 부모교육,취업, 진로",https://www.hooh.kr/sub/teacher/next.asp?m_idx=2339
2385,김성원,"한겨레교육 강사, 방송작가","인문학, 문학,건강, 심리,교육, 글쓰기,힐링",https://www.hooh.kr/sub/teacher/next.asp?m_idx=2385
2387,안경상,강사,"동기부여, 자기관리, 삶의자세,건강, 스트레스, 식이요법, 노후, 정신,힐링, 행복",https://www.hooh.kr/sub/teacher/next.asp?m_idx=2387
2406,백금기,실천경영연구소장,"동기부여, 열정, 인생스토리, 도전, 성공, 자기관리, 자기계발, 꿈, 비전",https://www.hooh.kr/sub/teacher/next.asp?m_idx=2406
2430,조문형,"카피라이터, 중앙대학교 객원교수","창의/마케팅, 창의력, 광고, 마케팅, 콘텐츠",https://www.hooh.kr/sub/teacher/next.asp?m_idx=2430
1896,최태규,크리에이티브놀이터 상상공장 페스티벌디렉터,"동기부여, 자기관리, 삶의자세, 자기계발,인문학, 예술, 문화, 음악,소통, 관계, 부부,창의/마케팅, 마케팅, 콘텐츠",https://www.hooh.kr/sub/teacher/next.asp?m_idx=1896
1907,이용제,"대학교수, 시각디자이너","인문학, 예술, 문화,창의/마케팅, 창의력, 디자인",https://www.hooh.kr/sub/teacher/next.asp?m_idx=1907
1915,최만호,마노행복웃음연구소장,"동기부여, 삶의자세,소통,건강, 노후,교육, 인성, 부모교육,힐링, 웃음, 행복, 유머",https://www.hooh.kr/sub/teacher/next.asp?m_idx=1915
1918,윤나겸,절세TV대표,"경제, 자산관리, 부동산, 재테크, 투자, 세무/법률",https://www.hooh.kr/sub/teacher/next.asp?m_idx=1918
1919,김윤태,체인지컨설팅 대표,"인문학, 역사, 고전,경영/조직, 리더십",https://www.hooh.kr/sub/teacher/next.asp?m_idx=1919
1920,김기연,힐링펀연구소 소장,"소통, 커뮤니케이션, 관계, 가족,건강, 스트레스, 웃음,교육, 자녀교육, 부모교육,힐링, 웃음, 행복, 유머, 마음",https://www.hooh.kr/sub/teacher/next.asp?m_idx=1920
1921,김시선,영화 유튜버,"인문학, 예술, 문화, 영화,창의/마케팅, 창의력, 콘텐츠",https://www.hooh.kr/sub/teacher/next.asp?m_idx=1921
1934,김희영,한국열정연구소장,"동기부여, 열정, 도전, 성공, 비전, 마인드셋,세일즈, 설득, 고객관리,힐링, 행복",https://www.hooh.kr/sub/teacher/next.asp?m_idx=1934
1950,남병웅,웰빙생활건강연구소 소장,"동기부여, 인생스토리, 도전, 삶의자세, 자기계발,건강, 스트레스, 노후,힐링, 웃음, 유머,인생이모작",https://www.hooh.kr/sub/teacher/next.asp?m_idx=1950
1971,이형재,"작가, 강사","동기부여, 도전, 자기관리, 자기계발, 꿈,교육, 공부법",https://www.hooh.kr/sub/teacher/next.asp?m_idx=1971
1976,가전주부(최서영),"크리에이터, 작가","동기부여, 열정, 인생스토리, 도전, 삶의자세, 꿈, 마인드셋,소통, 관계, 부부,창의/마케팅, 콘텐츠",https://www.hooh.kr/sub/teacher/next.asp?m_idx=1976
1980,김상욱,경희대학교 물리학과 교수,"AI/미래, Ai(인공지능), 미래기술, 우주,인문학, 문화, 과학,창의/마케팅, 창의력",https://www.hooh.kr/sub/teacher/next.asp?m_idx=1980
1999,배순탁,음악작가,"동기부여, 열정, 프로정신, 인생스토리, 꿈,인문학, 예술, 문화, 영화,힐링",https://www.hooh.kr/sub/teacher/next.asp?m_idx=1999
2217,신경식,이화여대 교수,"AI/미래, Ai(인공지능), DX, 빅데이터, 미래기술",https://www.hooh.kr/sub/teacher/next.asp?m_idx=2217
2218,김태희,시네마 테라피 대표,"인문학, 역사, 미술, 예술, 문화, 영화",https://www.hooh.kr/sub/teacher/next.asp?m_idx=2218
2219,김묘은,디지털리터러시교육협회 대표,"AI/미래, 디지털기술,교육, 자녀교육, 부모교육",https://www.hooh.kr/sub/teacher/next.asp?m_idx=2219
2220,정지영(아임해피TV),부동산컨설턴트,"경제, 부동산, 재테크, 투자",https://www.hooh.kr/sub/teacher/next.asp?m_idx=2220
2221,임헌수,거상스쿨(주) 대표,"소통, 프레젠테이션,창의/마케팅, 광고, 마케팅, SNS, 디자인",https://www.hooh.kr/sub/teacher/next.asp?m_idx=2221
2224,김태원,인하대학교 해양과학과 교수,"사회/환경, ESG",https://www.hooh.kr/sub/teacher/next.asp?m_idx=2224
2235,이한승,H &Han solution 대표,"동기부여, 자기계발,AI/미래, 미래기술, 산업, 융합,경영/조직, 경영, 리더십,소통, 커뮤니케이션,퍼스널브랜딩,창의/마케팅, 창의력, 디자인",https://www.hooh.kr/sub/teacher/next.asp?m_idx=2235
27568,김승준,모모성형외과 서울점 대표원장,"건강, 스트레스, 의학",https://www.hooh.kr/sub/teacher/next.asp?m_idx=27568
27579,고경빈,그랑에듀컨설팅 대표,"소통, 커뮤니케이션, 관계, 스피치, 가족, 부부,취업, 면접",https://www.hooh.kr/sub/teacher/next.asp?m_idx=27579
27581,김하나,힐링씨티 대표,"동기부여, 열정, 삶의자세,소통, 커뮤니케이션,건강, 스트레스, 비만, 심리,힐링, 마음",https://www.hooh.kr/sub/teacher/next.asp?m_idx=27581
27582,이지연,뉴로웍스 대표,"동기부여, 자기관리, 자기계발,인문학, 뇌과학,경영/조직, 리더십,퍼스널브랜딩,건강, 스트레스, 노후, 심리, 정신,교육, 자녀교육, 독서법, 부모교육,창의/마케팅, 상상력, 창의력",https://www.hooh.kr/sub/teacher/next.asp?m_idx=27582
27583,김명희,청강문화산업대 스타일리스트전공 교수,"퍼스널브랜딩, 이미지메이킹, 뷰티, 패션, 퍼스널컬러, 호감, 스타일링",https://www.hooh.kr/sub/teacher/next.asp?m_idx=27583
27597,김휘수(제이크),슈퍼플래닝 대표,"AI/미래, 디지털기술, IT, Ai(인공지능), DX, 미래기술, 모바일웹, 융합,경영/조직, 창업, 스타트업,창의/마케팅, 디자인,취업, 직업관",https://www.hooh.kr/sub/teacher/next.asp?m_idx=27597
27600,김영화,더와이컨설팅 대표,"경영/조직, 리더십, 조직문화, 조직관리, 목표관리, 조직활성화, 위기관리, 협력, 협업, 상생",https://www.hooh.kr/sub/teacher/next.asp?m_idx=27600
27603,양지열,변호사,"동기부여, 인생스토리,인문학, 예술,경제, 세무/법률,취업, 진로, 직업관",https://www.hooh.kr/sub/teacher/next.asp?m_idx=27603
27606,김영호,유통9단 김영호유통아카데미 대표,"경영/조직, 경영, 경영전략, CEO, 창업, 스타트업,독서법,창의/마케팅, 창의력, 마케팅, 콘텐츠,세일즈, 협상, 유통, 판매,취업, 면접",https://www.hooh.kr/sub/teacher/next.asp?m_idx=27606
27608,오재철,여행사진작가,"인문학,교육, 부모교육,힐링, 여행",https://www.hooh.kr/sub/teacher/next.asp?m_idx=27608
27613,양흥열,WHY코칭 대표코치,"동기부여, 자기관리, 자기계발, 마인드셋,경영/조직, 리더십, 조직관리,소통, 커뮤니케이션,세일즈, 협상",https://www.hooh.kr/sub/teacher/next.asp?m_idx=27613
27621,김재경,카이스트 수리과학과 부교수,"AI/미래, IT, Ai(인공지능), 미래기술,인문학",https://www.hooh.kr/sub/teacher/next.asp?m_idx=27621
27622,황인선,㈜구루미 화상사회연구소장,"교육, 글쓰기,창의/마케팅, 상상력, 창의력, 마케팅,사회/환경, ESG",https://www.hooh.kr/sub/teacher/next.asp?m_idx=27622
27624,최학희,시니어라이프비즈니스 대표,"경제, 노후,퍼스널브랜딩,건강, 노후,창의/마케팅, 마케팅,취업, 인생이모작",https://www.hooh.kr/sub/teacher/next.asp?m_idx=27624
27626,박주근,리더스인덱스 대표이사,"경영/조직, 경영, 리더십, 조직문화",https://www.hooh.kr/sub/teacher/next.asp?m_idx=27626
27628,김미선,그리다북 그리다붓 대표,"동기부여, 자기계발,AI/미래, Ai(인공지능),인문학, 미술, 예술,창의/마케팅, 디자인,힐링, 실습&체험",https://www.hooh.kr/sub/teacher/next.asp?m_idx=27628
27629,최유미,한국미래인재교육협회 대표,"교육, 법정의무교육,힐링, 희망, 나눔, 봉사,취업, 면접, 이력서(자소서), 진로, 직업관",https://www.hooh.kr/sub/teacher/next.asp?m_idx=27629
27652,손지훈,LG,"AI/미래, 트렌드, Ai(인공지능),경영/조직, 경영, 조직문화, 조직관리, 조직활성화, 경영전략,취업, 면접, 진로",https://www.hooh.kr/sub/teacher/next.asp?m_idx=27652
27655,울림,과학 커뮤니케이터,"동기부여, 도전, 꿈,AI/미래, 우주,인문학, 과학,소통, 커뮤니케이션",https://www.hooh.kr/sub/teacher/next.asp?m_idx=27655
27656,김용진,BizHRD컨설팅 김용진,"동기부여, 자기관리, 삶의자세, 자기계발, 비전,경영/조직, 리더십, 경영전략, 변화,퍼스널브랜딩,교육, 글쓰기,세일즈, 고객관리",https://www.hooh.kr/sub/teacher/next.asp?m_idx=27656
27666,주영준,(주)파로스학습코칭 대표,"동기부여, 도전, 자기관리, 자기계발, 비전,소통, 커뮤니케이션,교육, 자녀교육, 공부법, 인성, 부모교육",https://www.hooh.kr/sub/teacher/next.asp?m_idx=27666
26654,박창진,치과의사,"건강, 의학",https://www.hooh.kr/sub/teacher/next.asp?m_idx=26654
25833,김재민,세계경제인문연구소 소장,"인문학, 역사, 세계,경영/조직, 경영, 창업, 스타트업,경제, 경제전망",https://www.hooh.kr/sub/teacher/next.asp?m_idx=25833
29972,주성환,주식회사 백프로 대표,"동기부여, 삶의자세, 자기계발, 마인드셋,경영/조직, 창업,퍼스널브랜딩,건강, 스트레스",https://www.hooh.kr/sub/teacher/next.asp?m_idx=29972
29984,조현정,MBTI 전문가,"자기계발,경영/조직, 조직활성화,소통, 커뮤니케이션, 가족, 부부,퍼스널브랜딩, MBTI,교육, 자녀교육",https://www.hooh.kr/sub/teacher/next.asp?m_idx=29984
29998,정건강,노무사,"경영/조직, 조직문화, 조직관리,경제, 세무/법률",https://www.hooh.kr/sub/teacher/next.asp?m_idx=29998
30006,선우의성,유크랩마케팅 대표,"창의/마케팅, 마케팅, 콘텐츠, SNS",https://www.hooh.kr/sub/teacher/next.asp?m_idx=30006
30017,이재민,퀀터스테크놀로지스 CEO,"AI/미래, Ai(인공지능), 빅데이터,경제, 금융, 투자",https://www.hooh.kr/sub/teacher/next.asp?m_idx=30017
30040,김성진,한국스마트미디어협회 이사,"AI/미래, 트렌드, 디지털기술, Ai(인공지능), 빅데이터, 미래기술, 사물인터넷, 블록체인, 메타버스,창의/마케팅, 마케팅, 콘텐츠, SNS",https://www.hooh.kr/sub/teacher/next.asp?m_idx=30040
26685,이지은,알다컨설팅 대표,"동기부여, 자기계발,인문학, 영화,경영/조직, 리더십, 조직관리, 조직활성화,소통, 커뮤니케이션, 프레젠테이션,퍼스널브랜딩, CS,건강, 스트레스,힐링, 실습&체험",https://www.hooh.kr/sub/teacher/next.asp?m_idx=26685
26694,김용기,BRAVE SALES LAB 대표,"경영/조직, 경영, 경영전략,소통, 스피치, 프레젠테이션,세일즈",https://www.hooh.kr/sub/teacher/next.asp?m_idx=26694
29445,박주원,(주)블록오디세이 상무이사,"AI/미래, 디지털기술, IT, Ai(인공지능), 블록체인,경영/조직, 조직문화,경제, 금융, 디지털자산",https://www.hooh.kr/sub/teacher/next.asp?m_idx=29445
29446,김은경,번지피트니스 번짐 대표,"동기부여, 인생스토리, 도전,건강, 비만, 운동,힐링, 실습&체험",https://www.hooh.kr/sub/teacher/next.asp?m_idx=29446
29448,김지현,"건축 연구원, 미디어아티스트","AI/미래, 디지털기술, Ai(인공지능), 미래기술, 산업, 융합, 메타버스,인문학, 예술, 문화,창의/마케팅, 상상력, 창의력, 디자인",https://www.hooh.kr/sub/teacher/next.asp?m_idx=29448
29466,최종연,"TOC 대표, 중앙대학교 창업경영대학원 객원교수","경영/조직, 경영, 리더십, 조직문화, 조직관리, 조직활성화, 협력, 협업, 상생, 창업,취업, 면접",https://www.hooh.kr/sub/teacher/next.asp?m_idx=29466
29527,남경미,더행복 심리상담센터 대표,"소통, 커뮤니케이션, 관계, 가족, 부부,건강, 심리,교육, 부모교육",https://www.hooh.kr/sub/teacher/next.asp?m_idx=29527
29562,한상우,(주)굿앤피플 대표,"동기부여, 비전,경영/조직, 목표관리, 조직활성화,취업, 면접, 진로",https://www.hooh.kr/sub/teacher/next.asp?m_idx=29562
29565,오두환,한국운동의과학협회 대표,"건강, 의학, 운동",https://www.hooh.kr/sub/teacher/next.asp?m_idx=29565
29571,최경선,국제반려동물교육문화원 원장,"힐링, 마음",https://www.hooh.kr/sub/teacher/next.asp?m_idx=29571
29608,최남길(담묵),(사)한국수묵캘리그라피협회 이사장,"꿈,예술,힐링, 희망, 마음, 나눔",https://www.hooh.kr/sub/teacher/next.asp?m_idx=29608
29650,정아름,닥터비유티풀이미지케어 대표,"퍼스널브랜딩, 이미지메이킹, 뷰티, 패션, 퍼스널컬러, 호감, 스타일링",https://www.hooh.kr/sub/teacher/next.asp?m_idx=29650
29655,송상석,한국금융연수원 겸임교수,"경제, 금융, 세무/법률",https://www.hooh.kr/sub/teacher/next.asp?m_idx=29655
29664,김민정,리네아스토리 대표,"동기부여, 자기계발,인문학, 미술, 예술, 영화,경영/조직, 리더십, 조직활성화,소통, 커뮤니케이션, 관계, 스피치, 프레젠테이션,퍼스널브랜딩, MBTI,건강, 스트레스, 심리,독서법, 글쓰기,설득,힐링, 행복, 마음",https://www.hooh.kr/sub/teacher/next.asp?m_idx=29664
29688,오수인,슈크림마을 대표,"동기부여, 열정, 프로정신, 도전, 자기계발,경영/조직, 창업, 스타트업,창의/마케팅, 마케팅, 콘텐츠, SNS",https://www.hooh.kr/sub/teacher/next.asp?m_idx=29688
29691,이규연,언론인,"AI/미래, 트렌드, 빅데이터,사회/환경, 사회이슈",https://www.hooh.kr/sub/teacher/next.asp?m_idx=29691
29755,장성연,타우요가앤필라테스 소담점 평생교육원장,"동기부여, 자기관리,건강, 스트레스, 비만, 심리,힐링, 마음, 실습&체험",https://www.hooh.kr/sub/teacher/next.asp?m_idx=29755
29769,김시덕,개그맨,"동기부여, 인생스토리,소통, 가족,힐링, 희망",https://www.hooh.kr/sub/teacher/next.asp?m_idx=29769
29772,홍용진,고려대학교 역사교육과 교수,"인문학, 역사, 고전, 예술, 세계, 문화",https://www.hooh.kr/sub/teacher/next.asp?m_idx=29772
29782,최우영,"퀀터스 테크놀로지 팀장, 머니메이커스 공동대표","경제, 주식, 자산관리, 재테크, 투자",https://www.hooh.kr/sub/teacher/next.asp?m_idx=29782
29784,지영애,마법의딸기 창립멤버(CBO),"경영/조직, 경영전략, 창업, 스타트업,퍼스널브랜딩,창의/마케팅, 마케팅,사회/환경, ESG",https://www.hooh.kr/sub/teacher/next.asp?m_idx=29784
29787,고유미,메디컬코칭센터 대표,"건강, 스트레스, 심리,힐링",https://www.hooh.kr/sub/teacher/next.asp?m_idx=29787
29789,김호성,휴앤 마음디자인 센터 원장,"동기부여, 삶의자세,인문학, 뇌과학,소통, 커뮤니케이션, 관계, 가족, 부부,건강, 심리,교육, 자녀교육",https://www.hooh.kr/sub/teacher/next.asp?m_idx=29789
29796,류수민,리안에듀케이션 대표,"경영/조직, 리더십,소통, 프레젠테이션,건강, 스트레스, 심리,힐링, 마음,사회/환경, ESG",https://www.hooh.kr/sub/teacher/next.asp?m_idx=29796
29826,강양석,딥스킬 대표,"AI/미래, IT, Ai(인공지능), 빅데이터,경영/조직, 경영, 리더십, 경영전략, 변화",https://www.hooh.kr/sub/teacher/next.asp?m_idx=29826
29829,구대회,"구대회커피랩, 여니북스 대표","인문학, 문화,힐링, 실습&체험",https://www.hooh.kr/sub/teacher/next.asp?m_idx=29829
29830,최진석(아보카도최),오피스랩 대표,"경영/조직, 창업, 스타트업,세일즈, 판매",https://www.hooh.kr/sub/teacher/next.asp?m_idx=29830
29833,김영민(대니얼코치),커리어와이 대표,"경영/조직, 리더십, 조직문화, 조직관리, 협력, 협업, 상생, 창업,소통, 프레젠테이션,퍼스널브랜딩,창의/마케팅, 마케팅, 콘텐츠, SNS,세일즈, 고객관리,취업, 진로",https://www.hooh.kr/sub/teacher/next.asp?m_idx=29833
29847,조윤호,주식회사 티엠에스 인더스트리 대표이사,"경영/조직, 창업, 스타트업",https://www.hooh.kr/sub/teacher/next.asp?m_idx=29847
29866,인덕수,MOT Partners 대표 컨설턴트,"경영/조직, 경영, 경영전략, 스타트업,창의/마케팅, 마케팅,세일즈, 판매,사회/환경, ESG",https://www.hooh.kr/sub/teacher/next.asp?m_idx=29866
29868,송지성,한양대학교 디자인대학 교수,"AI/미래, 디지털기술, Ai(인공지능), 미래기술,창의/마케팅, 상상력, 창의력, 디자인",https://www.hooh.kr/sub/teacher/next.asp?m_idx=29868
29870,전승민,과학전문기자 및 저술가,"AI/미래, Ai(인공지능), 미래기술, 로봇, 산업,인문학, 과학",https://www.hooh.kr/sub/teacher/next.asp?m_idx=29870
29876,임은정,한국여성스타트업협회장,"경영/조직, 리더십, 창업, 스타트업,퍼스널브랜딩,창의/마케팅, 마케팅",https://www.hooh.kr/sub/teacher/next.asp?m_idx=29876
29882,김대영(시크리스),리얼네이처코리아 대표,"경영/조직, 창업, 스타트업,창의/마케팅, 마케팅, 콘텐츠, SNS,세일즈, 판매",https://www.hooh.kr/sub/teacher/next.asp?m_idx=29882
29885,지상철,고려대학교 창업경영대학원 교수,"경영/조직, 경영, 경영전략, 창업, 스타트업",https://www.hooh.kr/sub/teacher/next.asp?m_idx=29885
29888,오효선,안전컨설턴트,"AI/미래, 산업,경영/조직, 경영, 위기관리,취업, 인생이모작",https://www.hooh.kr/sub/teacher/next.asp?m_idx=29888
29892,박은정,㈜그린앤프로덕트 대표,"동기부여, 성공,경영/조직, 창업, 스타트업,사회/환경, ESG",https://www.hooh.kr/sub/teacher/next.asp?m_idx=29892
29894,장진수,㈜플랜브로 공동 대표,"경영/조직, 창업, 스타트업,세일즈, 판매, 고객관리",https://www.hooh.kr/sub/teacher/next.asp?m_idx=29894
29901,권영산,오앤이컨설팅 대표,"동기부여, 인생스토리, 도전, 성공,AI/미래, 빅데이터, 비즈니스, 융합,경영/조직, 경영, 경영전략, 위기관리, 창업, 스타트업,경제, 경제전망, 부동산, 재테크,교육, 글쓰기, 법정의무교육,창의/마케팅, 마케팅, 콘텐츠,세일즈, 협상, 유통,사회/환경, 사회이슈,취업, 직업관",https://www.hooh.kr/sub/teacher/next.asp?m_idx=29901
29904,유장준,스타트업세일즈연구소 소장,"경영/조직, 조직관리, 창업, 스타트업,창의/마케팅, 마케팅,세일즈, 협상, 고객관리",https://www.hooh.kr/sub/teacher/next.asp?m_idx=29904
29905,최재현,지앤씨컴퍼니 대표,"경영/조직, 경영, 경영전략, 창업, 스타트업,교육, 글쓰기,창의/마케팅, 마케팅",https://www.hooh.kr/sub/teacher/next.asp?m_idx=29905
29908,우건철,"디웨이브 주식회사 대표, 연세퍼스트구강내과치과의원 원장","동기부여, 자기계발,경영/조직, 창업, 스타트업,건강, 의학,교육, 공부법,취업, 직업관",https://www.hooh.kr/sub/teacher/next.asp?m_idx=29908
29911,송종빈 (은하수밴드),은하수밴드 베이시스트,"동기부여, 자기계발,인문학, 예술,힐링, 희망, 공연&강연,취업, 직업관",https://www.hooh.kr/sub/teacher/next.asp?m_idx=29911
29919,밴드파람,탭댄스 보컬밴드,"힐링, 공연&강연",https://www.hooh.kr/sub/teacher/next.asp?m_idx=29919
29927,정태일,비즈니스 라이팅 전문가/ 스피치라이터(연설문작가),"AI/미래, Ai(인공지능),교육, 글쓰기,취업, 이력서(자소서), 직업관",https://www.hooh.kr/sub/teacher/next.asp?m_idx=29927
29931,이송민,취업왕 이쌤,"취업, 면접, 이력서(자소서), 진로, 직업관",https://www.hooh.kr/sub/teacher/next.asp?m_idx=29931
29936,문준영,대구경북과학기술원 겸직교수,"인문학, 역사, 고전, 미술, 예술, 세계, 문화",https://www.hooh.kr/sub/teacher/next.asp?m_idx=29936
29940,황은오,"동아방송예술대학교 교수, 드라마 작가","AI/미래, 트렌드, Ai(인공지능),인문학, 영화,창의/마케팅, 상상력, 창의력, 콘텐츠,취업, 직업관",https://www.hooh.kr/sub/teacher/next.asp?m_idx=29940
29071,고철종,전 SBS 대외협력실장,"동기부여, 인생스토리, 성공, 자기관리, 삶의자세, 자기계발, 꿈,소통, 커뮤니케이션, 관계,힐링, 종교, 행복, 마음,사회/환경, 정치",https://www.hooh.kr/sub/teacher/next.asp?m_idx=29071
29085,전상원,(주)에이엘넷 대표,"AI/미래, 트렌드, 디지털기술, IT, Ai(인공지능), 정보보안, 블록체인, 핀테크, 융합",https://www.hooh.kr/sub/teacher/next.asp?m_idx=29085
29097,한경표,시니어 여행대학 대표,"동기부여, 인생스토리, 도전, 삶의자세,인문학, 세계, 문화,힐링, 행복, 여행",https://www.hooh.kr/sub/teacher/next.asp?m_idx=29097
29102,이기동,한국금융범죄예방연구센터 소장,"동기부여, 자기계발,경제, 금융",https://www.hooh.kr/sub/teacher/next.asp?m_idx=29102
29134,한정수,"연두컴퍼니 대표, 알파큐브파트너스 공동대표","경제, 금융, 주식, 경제전망, 재테크, 투자, 디지털자산",https://www.hooh.kr/sub/teacher/next.asp?m_idx=29134
29143,박민수,(주)더스마트컴퍼니 대표,"경제, 자산관리, 부동산, 재테크, 투자, 세무/법률",https://www.hooh.kr/sub/teacher/next.asp?m_idx=29143
29144,정상권,(주)조이펀 대표이사,"AI/미래, 디지털기술, IT, Ai(인공지능), 미래기술, 사물인터넷, 융합, 메타버스",https://www.hooh.kr/sub/teacher/next.asp?m_idx=29144
29148,김알밥,인스타툰 ‘재테크하는 알밥’ 작가,"경제, 재테크,창의/마케팅, 콘텐츠",https://www.hooh.kr/sub/teacher/next.asp?m_idx=29148
29154,손지인,페이워크 대표,"경영/조직, 경영, 조직문화, 조직관리, 창업, 스타트업",https://www.hooh.kr/sub/teacher/next.asp?m_idx=29154
29155,조은지,한국대학생인재협회 CEO,"동기부여, 자기관리, 자기계발, 비전, 마인드셋,창의/마케팅, 마케팅,세일즈",https://www.hooh.kr/sub/teacher/next.asp?m_idx=29155
29160,김지은,"중앙대학교 광고홍보학과 객원교수, 기업 커뮤니케이션 컨설턴트","동기부여, 비전,경영/조직, 리더십, 조직문화, 경영전략, 위기관리,소통, 커뮤니케이션,창의/마케팅, 광고",https://www.hooh.kr/sub/teacher/next.asp?m_idx=29160
29162,최환규,퇴직심리학자,"동기부여, 자기관리,소통, 커뮤니케이션, 관계,건강, 스트레스, 노후, 심리,취업, 인생이모작",https://www.hooh.kr/sub/teacher/next.asp?m_idx=29162
29164,이림,이미커피 대표,"경영/조직, 창업,창의/마케팅,세일즈, 판매,인생이모작",https://www.hooh.kr/sub/teacher/next.asp?m_idx=29164
29169,김명희,"인피니티코칭 대표, 고려대학교 겸임교수","경영/조직, 리더십, 조직문화, 조직관리, 조직활성화,소통, 커뮤니케이션, 관계,창의/마케팅, 창의력",https://www.hooh.kr/sub/teacher/next.asp?m_idx=29169
29170,김승중,티지더블유 CEO,"경영/조직, 리더십, 조직관리, 협력, 협업, 상생, 스타트업,소통, 커뮤니케이션, 관계",https://www.hooh.kr/sub/teacher/next.asp?m_idx=29170
29171,박진우,"GAM컨설팅 소장, 심리학박사","경영/조직, 리더십, 조직문화, 조직활성화, 변화, 협력, 협업, 상생,소통, 관계",https://www.hooh.kr/sub/teacher/next.asp?m_idx=29171
29177,오민규,"오미노 스튜디오 대표, 물리치료사","건강, 운동,힐링, 실습&체험",https://www.hooh.kr/sub/teacher/next.asp?m_idx=29177
29180,유보라,라이프컬러링 대표,"동기부여, 자기관리, 삶의자세, 자기계발,교육, 글쓰기,힐링, 행복, 마음",https://www.hooh.kr/sub/teacher/next.asp?m_idx=29180
29184,최영민,재테크 전문 작가,"동기부여, 자기계발,경제, 투자,교육, 자녀교육,창의/마케팅, 마케팅",https://www.hooh.kr/sub/teacher/next.asp?m_idx=29184
29196,위나연(에디터YEON),"작가, 콘텐츠 기획자","동기부여, 인생스토리, 자기관리, 자기계발, 비전,교육, 글쓰기,창의/마케팅, 광고, 콘텐츠",https://www.hooh.kr/sub/teacher/next.asp?m_idx=29196
29200,최재경,M&H가계경제연구소 소장,"경제, 금융, 자산관리, 재무설계, 재테크, 노후",https://www.hooh.kr/sub/teacher/next.asp?m_idx=29200
29210,서상욱,프롬더레드 대표,"AI/미래, IT, 산업,경영/조직, 창업, 스타트업,진로",https://www.hooh.kr/sub/teacher/next.asp?m_idx=29210
29233,백진충,㈜브랜드날다 대표이사,"경영, 혁신, 경영전략, 창업, 스타트업,프레젠테이션,퍼스널브랜딩,교육, 글쓰기,창의/마케팅, 창의력, 광고, 마케팅, 콘텐츠,세일즈, 고객관리",https://www.hooh.kr/sub/teacher/next.asp?m_idx=29233
29234,백영선,플라잉웨일 대표,"동기부여, 자기계발,경영/조직, 조직문화,퍼스널브랜딩,창의/마케팅, 마케팅, 콘텐츠",https://www.hooh.kr/sub/teacher/next.asp?m_idx=29234
29235,이도훈,"작가,영화평론가, 칼럼니스트","동기부여, 인생스토리, 도전, 자기계발, 마인드셋,취업, 진로",https://www.hooh.kr/sub/teacher/next.asp?m_idx=29235
29236,정혜윤,더클라쎄 특허법률사무소 변리사,"경영/조직, 경영,경제, 세무/법률",https://www.hooh.kr/sub/teacher/next.asp?m_idx=29236
29254,전상현,HBC자산관리센터  대표,"경제, 금융, 주식, 자산관리, 부동산, 투자",https://www.hooh.kr/sub/teacher/next.asp?m_idx=29254
29263,김정규,창조경제진흥원 원장,"AI/미래, Ai(인공지능), 빅데이터, 산업,경영/조직, 창업,사회/환경",https://www.hooh.kr/sub/teacher/next.asp?m_idx=29263
29277,정민아,성결대학교 영화영상학과 교수,"인문학, 예술, 문화, 문학, 영화,창의/마케팅, 콘텐츠",https://www.hooh.kr/sub/teacher/next.asp?m_idx=29277
29278,윤석진,충남대학교 국어국문학과 교수,"인문학, 예술, 문화",https://www.hooh.kr/sub/teacher/next.asp?m_idx=29278
29289,강지혜,Wisdom Production 대표,"동기부여, 자기계발, 마인드셋,소통,창의/마케팅, 마케팅, SNS,세일즈, 판매",https://www.hooh.kr/sub/teacher/next.asp?m_idx=29289
29298,조부경,더(THE)성장연구소 소장,"경영/조직, 리더십, 조직문화, 조직관리, 조직활성화, 협력, 협업, 상생,소통, 커뮤니케이션,퍼스널브랜딩, MBTI",https://www.hooh.kr/sub/teacher/next.asp?m_idx=29298
29351,배준하,탐 커뮤니케이션즈 소장,"동기부여, 비전,경영/조직, 조직활성화,소통, 가족, 부부,힐링, 행복, 유머",https://www.hooh.kr/sub/teacher/next.asp?m_idx=29351
29358,박병무,큐포아이(Q4i) 대표,"경영/조직, 리더십, 혁신, 경영전략,소통, 커뮤니케이션,창의/마케팅, 마케팅",https://www.hooh.kr/sub/teacher/next.asp?m_idx=29358
29362,권다원,비전 공감 연구소 대표,"경영/조직, 리더십, 조직활성화,경제, 금융,소통, 커뮤니케이션, 스피치, 프레젠테이션,퍼스널브랜딩, 이미지메이킹, CS,취업, 진로",https://www.hooh.kr/sub/teacher/next.asp?m_idx=29362
29366,임성준,(주)엠와이소셜컴퍼니 이사,"경영/조직, 조직문화, 조직활성화, 경영전략, 창업, 스타트업,창의/마케팅, 마케팅",https://www.hooh.kr/sub/teacher/next.asp?m_idx=29366
29400,이기송,브루스피티컨설팅 대표,"AI/미래, 디지털기술, Ai(인공지능),경영/조직, 창업,소통, 프레젠테이션,교육, 글쓰기,창의/마케팅, 콘텐츠",https://www.hooh.kr/sub/teacher/next.asp?m_idx=29400
29424,김진수,크리에이티브 이미진 대표,"동기부여, 프로정신, 자기계발,소통, 스피치,퍼스널브랜딩, 이미지메이킹, 뷰티, 패션, 호감, 스타일링",https://www.hooh.kr/sub/teacher/next.asp?m_idx=29424
29425,김령아,"작가, 어학원 대표","소통, 커뮤니케이션, 관계, 스피치, 가족",https://www.hooh.kr/sub/teacher/next.asp?m_idx=29425
27680,김태형,피인스 대표,"동기부여, 자기계발,경영/조직, 리더십, 조직문화, 조직관리, 조직활성화, 협력, 협업, 상생,소통, 커뮤니케이션, 관계,취업, 직업관",https://www.hooh.kr/sub/teacher/next.asp?m_idx=27680
27681,김글리,라이프아티스트 대표,"동기부여, 삶의자세, 자기계발, 마인드셋,인문학, 문학,교육, 글쓰기,힐링, 마음, 자존감, 여행,취업, 진로, 인생이모작",https://www.hooh.kr/sub/teacher/next.asp?m_idx=27681
27703,박찬우,왓이즈넥스트 대표,"소통, 커뮤니케이션,창의/마케팅, 광고, 마케팅, 콘텐츠, SNS",https://www.hooh.kr/sub/teacher/next.asp?m_idx=27703
27725,김준형(카준형),오토유레카 대표,"동기부여, 열정, 프로정신, 인생스토리, 도전, 성공, 삶의자세, 꿈, 마인드셋,소통, 스피치,세일즈, 협상, 설득, 판매, 고객관리",https://www.hooh.kr/sub/teacher/next.asp?m_idx=27725
27727,강상경,서울대학교 사회복지학과 교수,"건강, 노후, 심리, 정신,힐링, 나눔,사회/환경, 사회이슈",https://www.hooh.kr/sub/teacher/next.asp?m_idx=27727
27729,김흥규,아주대학교 정치외교학과 교수,"사회/환경, 정치, 국제정세, 사회이슈",https://www.hooh.kr/sub/teacher/next.asp?m_idx=27729
27734,박인영,사이버한국외대 경영학부 교수,"AI/미래, 트렌드, IT, Ai(인공지능), DX,창의/마케팅, 창의력, 마케팅, 콘텐츠",https://www.hooh.kr/sub/teacher/next.asp?m_idx=27734
27741,김인걸,한국안보정책연구소 테러·범죄 센터장,"동기부여, 자기관리, 삶의자세, 자기계발,경영/조직, 리더십, 조직문화, 조직관리, 위기관리",https://www.hooh.kr/sub/teacher/next.asp?m_idx=27741
27747,정진주,"크리오아로마연구소 소장, 국제 아로마테라피스트","건강, 스트레스, 심리,힐링, 희망, 행복, 마음, 나눔",https://www.hooh.kr/sub/teacher/next.asp?m_idx=27747
27749,최승철,국토교통부 지정 법정교육 기관 (재)영진건설기술교육원,"경영/조직, 경영, 경영전략",https://www.hooh.kr/sub/teacher/next.asp?m_idx=27749
27750,김동윤,고려대학교 산학협력중점 교수,"AI/미래, 미래기술,경영/조직, 경영, 리더십, 혁신, 경영전략,창의/마케팅, 마케팅,세일즈",https://www.hooh.kr/sub/teacher/next.asp?m_idx=27750
27756,황희재,"(주)파워리서치 책임연구원, 서일대학교 교수","AI/미래, 빅데이터,창의/마케팅, 마케팅",https://www.hooh.kr/sub/teacher/next.asp?m_idx=27756
27771,이은영,대한수납정리협회 대표,"동기부여, 삶의자세,퍼스널브랜딩, 정리수납,힐링",https://www.hooh.kr/sub/teacher/next.asp?m_idx=27771
27778,고상진,모모毛毛의원 부산점 대표원장,"건강, 스트레스, 의학",https://www.hooh.kr/sub/teacher/next.asp?m_idx=27778
27779,강동우,모모毛毛의원 대구점 대표원장,"건강, 스트레스, 의학",https://www.hooh.kr/sub/teacher/next.asp?m_idx=27779
27780,서현직,스타트업 마케팅 팀장,"경영/조직, 리더십, 조직문화, 조직관리,창의/마케팅, 마케팅",https://www.hooh.kr/sub/teacher/next.asp?m_idx=27780
27781,박상구,NGO 대한민국 헌법수호단 대표,"경제, 세무/법률,사회/환경, 정치, 사회이슈",https://www.hooh.kr/sub/teacher/next.asp?m_idx=27781
27794,김나리,나다운말연구소 소장,"소통, 커뮤니케이션, 관계,퍼스널브랜딩, CS, 호감",https://www.hooh.kr/sub/teacher/next.asp?m_idx=27794
27810,정광열,(주)케이펙한국산업교육센터 대표이사,"경영/조직, 경영, 조직문화, 혁신, 목표관리, 경영전략, 위기관리",https://www.hooh.kr/sub/teacher/next.asp?m_idx=27810
27850,홍정기,차의과학대학교 정교수,"건강, 의학, 노후, 운동",https://www.hooh.kr/sub/teacher/next.asp?m_idx=27850
27968,서동주,다리핏의원 대표원장,"동기부여, 열정, 인생스토리, 도전, 성공, 자기관리, 삶의자세, 자기계발,건강, 스트레스, 비만, 식이요법, 의학, 노후",https://www.hooh.kr/sub/teacher/next.asp?m_idx=27968
27969,하규용,가야계연구소 소장,"건강, 한의학",https://www.hooh.kr/sub/teacher/next.asp?m_idx=27969
27974,이병우,중국시장문화연구소 소장,"인문학, 문화,경영/조직, 경영, 경영전략,세일즈, 협상, 유통",https://www.hooh.kr/sub/teacher/next.asp?m_idx=27974
27979,조경래,작가,"인문학, 역사, 한국사,경제,교육, 공부법,사회/환경, 사회이슈",https://www.hooh.kr/sub/teacher/next.asp?m_idx=27979
27987,이윌리엄,"前 BBC, CNN 본부 저널리스트","경영/조직, 협력, 협업, 상생,소통, 커뮤니케이션,교육, 공부법,창의/마케팅, 마케팅, 콘텐츠,사회/환경, 사회이슈",https://www.hooh.kr/sub/teacher/next.asp?m_idx=27987
28000,신용은,은가비 인권교육센터 센터장,"경영/조직, 조직문화,소통, 부부,교육, 자녀교육, 여성학, 성교육, 부모교육,힐링, 자존감",https://www.hooh.kr/sub/teacher/next.asp?m_idx=28000
28001,양태원,컨설팅 법인 EDS 대표이사,"인문학, 철학,경영/조직, 리더십, 조직문화, 조직관리, 조직활성화, 협력, 협업, 상생,소통, 커뮤니케이션,퍼스널브랜딩, 이미지메이킹,취업, 진로",https://www.hooh.kr/sub/teacher/next.asp?m_idx=28001
28024,백현웅,나무리더십트레이닝 대표,"경영/조직, 리더십, 조직문화, 조직관리, 조직활성화, 협력, 협업, 상생",https://www.hooh.kr/sub/teacher/next.asp?m_idx=28024
28035,김홍진,백석대학교 사범학부 정교수,"경영/조직, 조직문화,소통, 커뮤니케이션, 관계,퍼스널브랜딩, MBTI,건강, 스트레스,교육, 인성, 부모교육",https://www.hooh.kr/sub/teacher/next.asp?m_idx=28035
28059,편현주,"미술랭가이드 대표, 도슨트","인문학, 미술, 예술, 세계, 문화,힐링",https://www.hooh.kr/sub/teacher/next.asp?m_idx=28059
28079,서경주,서경주 가야금컴퍼니 대표,"힐링, 공연&강연",https://www.hooh.kr/sub/teacher/next.asp?m_idx=28079
28080,최영한,"(사)한국운동재활협회 이사, 픽스유 운동재활센터 대표","건강, 스트레스, 비만, 노후, 운동",https://www.hooh.kr/sub/teacher/next.asp?m_idx=28080
28082,손의식,홍익대학교 강사,"인문학, 미술, 예술,소통, 커뮤니케이션, 스피치,교육, 글쓰기,창의/마케팅, 디자인",https://www.hooh.kr/sub/teacher/next.asp?m_idx=28082
28088,김효주,스피치랩스 대표,"인문학, 영화,소통, 스피치, 프레젠테이션, 연애,힐링",https://www.hooh.kr/sub/teacher/next.asp?m_idx=28088
28095,정찬훈,"AI Literacy, 재무설계, 영업, 취업 전문강사","AI/미래, 디지털기술, Ai(인공지능),경제, 주식, 자산관리, 재무설계, 부동산, 재테크, 세무/법률,세일즈, 협상, 설득, 판매, 고객관리,취업, 진로",https://www.hooh.kr/sub/teacher/next.asp?m_idx=28095
28107,이주원,천문학 전문 작가,"AI/미래, 우주,인문학, 과학,힐링,진로",https://www.hooh.kr/sub/teacher/next.asp?m_idx=28107
28135,김준모,건국대학교 교수,"경영/조직, 경영, 혁신,사회/환경, ESG",https://www.hooh.kr/sub/teacher/next.asp?m_idx=28135
28141,조숙경,한국에너지공과대학교 교수,"AI/미래, Ai(인공지능),인문학, 과학",https://www.hooh.kr/sub/teacher/next.asp?m_idx=28141
28143,이재성,한의사,"건강, 비만, 식이요법, 의학",https://www.hooh.kr/sub/teacher/next.asp?m_idx=28143
28144,윤기영,한국외국어대학교 미래학 겸임교수,"AI/미래, 트렌드, 산업, 비즈니스,경영/조직, 경영, 경영전략",https://www.hooh.kr/sub/teacher/next.asp?m_idx=28144
28146,김홍열,덕성여자대학교 겸임교수,"AI/미래, 디지털기술, Ai(인공지능), DX, 빅데이터, 미래기술, 산업, 정보보안,사회/환경, 사회이슈",https://www.hooh.kr/sub/teacher/next.asp?m_idx=28146
28150,박제윤,"과학철학자, 신경철학자","AI/미래, Ai(인공지능),인문학, 철학, 과학, 뇌과학,교육, 자녀교육, 공부법",https://www.hooh.kr/sub/teacher/next.asp?m_idx=28150
28157,유원상,고려대학교 경영대학 교수,"경영/조직, 경영, 경영전략,창의/마케팅, 마케팅,사회/환경, ESG",https://www.hooh.kr/sub/teacher/next.asp?m_idx=28157
28164,유승철,이화여자대학교 커뮤니케이션·미디어학부 교수,"AI/미래, Ai(인공지능), 메타버스,경영/조직, 경영전략,창의/마케팅, 마케팅, 콘텐츠,세일즈, 설득",https://www.hooh.kr/sub/teacher/next.asp?m_idx=28164
28177,박태윤,성균관대학교 경영대학 교수,"경영/조직, 조직관리, 목표관리, 경영전략, CEO",https://www.hooh.kr/sub/teacher/next.asp?m_idx=28177
28180,이근,중앙대학교 경제학부 석학교수,"경제, 경제전망,사회/환경, 국제정세",https://www.hooh.kr/sub/teacher/next.asp?m_idx=28180
28181,홍경식,국제금융센터 부원장,"경제, 금융, 경제전망, 세무/법률,사회/환경, 국제정세",https://www.hooh.kr/sub/teacher/next.asp?m_idx=28181
28183,이석현,솔리디엄 대표,"경영/조직, 경영, 리더십, 조직문화, 혁신, 조직관리, 목표관리, 경영전략, CEO, 위기관리",https://www.hooh.kr/sub/teacher/next.asp?m_idx=28183
28185,서기석,Open Your Eyes 대표,"AI/미래, 비즈니스,경영/조직, 리더십, 혁신, 목표관리, 경영전략, 변화,창의/마케팅, 창의력, 마케팅,사회/환경, ESG",https://www.hooh.kr/sub/teacher/next.asp?m_idx=28185
28186,서용석,KAIST 문술미래전략대학원 교수,"AI/미래, Ai(인공지능), 미래기술, 산업,경영/조직, 조직관리, 변화,취업, 직업관",https://www.hooh.kr/sub/teacher/next.asp?m_idx=28186
28194,김동호,서울대학교 산업인력개발학과 교수,"경영/조직, 경영, 조직관리, 조직활성화,교육",https://www.hooh.kr/sub/teacher/next.asp?m_idx=28194
28198,한수정,연세대학교 교육대학원 평생교육경영 전공주임,"경영/조직, 리더십, 조직문화, 혁신, 조직관리, 조직활성화, 협력, 협업, 상생",https://www.hooh.kr/sub/teacher/next.asp?m_idx=28198
28200,윤명훈,원티드랩 사업 총괄,"AI/미래, Ai(인공지능), DX,경영/조직, 리더십, 조직문화, 조직관리, 조직활성화, 경영전략, 협력, 협업, 상생",https://www.hooh.kr/sub/teacher/next.asp?m_idx=28200
28201,안현수,알앤비디파트너스 대표 컨설턴트,"AI/미래, 트렌드, Ai(인공지능), DX, 비즈니스,경영/조직, 스타트업,창의/마케팅, 창의력, 마케팅",https://www.hooh.kr/sub/teacher/next.asp?m_idx=28201
28207,정찬민,개그맨,"동기부여, 도전, 꿈,소통, 부부,힐링, 웃음, 유머",https://www.hooh.kr/sub/teacher/next.asp?m_idx=28207
28244,조안나,조이교육컨설팅 대표,"경영/조직, 리더십, 조직문화, 조직관리,소통, 커뮤니케이션,퍼스널브랜딩, CS,힐링, 마음",https://www.hooh.kr/sub/teacher/next.asp?m_idx=28244
28261,김승환,인카운터경영연구소 소장,"경영/조직, 경영, 창업, 스타트업,창의/마케팅, 마케팅,사회/환경, ESG,취업, 진로",https://www.hooh.kr/sub/teacher/next.asp?m_idx=28261
28263,이성식,디노베이션 파트너스 대표,"퍼스널브랜딩,창의/마케팅, 창의력, 디자인",https://www.hooh.kr/sub/teacher/next.asp?m_idx=28263
28273,권노아,코칭연구소 노아 대표,"경영/조직, 리더십, 조직문화, 목표관리,소통, 커뮤니케이션,취업, 인생이모작",https://www.hooh.kr/sub/teacher/next.asp?m_idx=28273
28277,박상훈,플랜브로 CEO,"경영/조직, 창업, 스타트업,창의/마케팅, 마케팅",https://www.hooh.kr/sub/teacher/next.asp?m_idx=28277
28283,김영롱,"유튜브 롱롱TV 운영, 작가","동기부여, 인생스토리,소통, 가족,건강, 노후,힐링, 마음",https://www.hooh.kr/sub/teacher/next.asp?m_idx=28283
28285,우은빈,취업컨설팅 커벤져스 대표,"동기부여, 인생스토리, 도전, 삶의자세, 자기계발, 마인드셋,힐링, 희망, 행복,취업, 면접",https://www.hooh.kr/sub/teacher/next.asp?m_idx=28285
28291,강래구,보건복지부 국립나주병원 개인정보보호담당,"교육, 법정의무교육",https://www.hooh.kr/sub/teacher/next.asp?m_idx=28291
28302,김상춘,강원대학교 첨단AI공학과 명예교수,"AI/미래, 디지털기술, IT, Ai(인공지능), DX, 빅데이터, 정보보안",https://www.hooh.kr/sub/teacher/next.asp?m_idx=28302
28303,김성규,중부대학교 소프트웨어공학부 교수,"AI/미래, 디지털기술, IT, Ai(인공지능), 빅데이터, 정보보안, 블록체인",https://www.hooh.kr/sub/teacher/next.asp?m_idx=28303
28307,김용운,"ISACA Korea 이사, 개인정보보호 전문강사","교육, 법정의무교육",https://www.hooh.kr/sub/teacher/next.asp?m_idx=28307
28310,김주형,개인정보보호 전문강사,"AI/미래, 정보보안,교육, 법정의무교육",https://www.hooh.kr/sub/teacher/next.asp?m_idx=28310
28337,조혜진,오늘앤라이프 대표,"동기부여, 성공, 자기관리, 삶의자세, 꿈, 마인드셋,퍼스널브랜딩, 정리수납",https://www.hooh.kr/sub/teacher/next.asp?m_idx=28337
28338,이정걸,순천향대학교 경영학과 외래교수,"경제, 금융, 자산관리, 재무설계, 부동산, 재테크",https://www.hooh.kr/sub/teacher/next.asp?m_idx=28338
28340,김민혁,금융교육 전문강사,"경제, 금융, 재무설계, 부동산, 노후",https://www.hooh.kr/sub/teacher/next.asp?m_idx=28340
28345,김찬명,케이워크케어 대표이사,"건강, 스트레스, 운동,힐링, 실습&체험",https://www.hooh.kr/sub/teacher/next.asp?m_idx=28345
28354,주영두,"인별트립대표, 여행사진작가","인문학, 세계, 문화,힐링, 행복, 마음, 여행",https://www.hooh.kr/sub/teacher/next.asp?m_idx=28354
28355,오형수,"K트래블아카데미 대표, 여행 컨설턴트","퍼스널브랜딩, CS,세일즈, 판매, 고객관리,힐링, 여행",https://www.hooh.kr/sub/teacher/next.asp?m_idx=28355
28366,김형숙,한국십시일강예술교육협회 대표,"AI/미래, IT, Ai(인공지능),교육, 글쓰기",https://www.hooh.kr/sub/teacher/next.asp?m_idx=28366
28376,서지현,법무법인 영 변호사,"동기부여, 열정, 프로정신, 도전, 자기관리,AI/미래, 정보보안,경영/조직, 스타트업,경제, 세무/법률,교육, 공부법,취업, 이력서(자소서), 인생이모작",https://www.hooh.kr/sub/teacher/next.asp?m_idx=28376
28380,노선영,노선영교육연구소 소장,"동기부여, 열정, 도전, 삶의자세,소통, 커뮤니케이션, 가족,교육, 부모교육,힐링, 마음",https://www.hooh.kr/sub/teacher/next.asp?m_idx=28380
28384,박정현,SNS마케팅교육연구소 대표,"동기부여, 인생스토리, 자기관리,AI/미래, Ai(인공지능),인문학,창업,소통, 가족,창의/마케팅, 마케팅, SNS,취업, 인생이모작",https://www.hooh.kr/sub/teacher/next.asp?m_idx=28384
28385,임창덕,한국농촌희망연구원 원장,"경제, 재무설계, 노후, 세무/법률,건강, 노후, 심리,사회/환경,취업, 인생이모작",https://www.hooh.kr/sub/teacher/next.asp?m_idx=28385
28387,우재영,"청농대학 아카데미 원장, 경제학 박사","인문학,경영/조직, 협력, 협업, 상생,경제, 재테크",https://www.hooh.kr/sub/teacher/next.asp?m_idx=28387
28389,김현주,채움교육컨설팅 대표,"AI/미래, 트렌드,경영/조직, 경영, 조직문화, 경영전략, 협력, 협업, 상생,소통, 커뮤니케이션,퍼스널브랜딩, MBTI,창의/마케팅, 마케팅, SNS,사회/환경, ESG,취업, 면접, 인생이모작",https://www.hooh.kr/sub/teacher/next.asp?m_idx=28389
28394,손정민,"한국생성형AI교육연구소 소장, 배프 대표","동기부여,AI/미래, Ai(인공지능),경영/조직, 리더십, 조직관리",https://www.hooh.kr/sub/teacher/next.asp?m_idx=28394
28395,김영임,한국인재개발아카데미 대표,"경영/조직, 리더십, 조직문화, 조직관리, 조직활성화,소통, 커뮤니케이션, 관계,퍼스널브랜딩, CS",https://www.hooh.kr/sub/teacher/next.asp?m_idx=28395
28396,윤수정,포트럭테이블 Project Leader,"동기부여, 자기관리,경영/조직, 리더십, 조직문화, 조직관리, 목표관리, 조직활성화, 협력, 협업, 상생,소통, 커뮤니케이션,퍼스널브랜딩, 이미지메이킹, CS, MBTI,건강, 스트레스,교육, 글쓰기, 법정의무교육,힐링, 마음",https://www.hooh.kr/sub/teacher/next.asp?m_idx=28396
28399,고경신,"이룸에듀커뮤니케이션 대표, 스피치 강사","소통, 커뮤니케이션, 관계, 스피치, 프레젠테이션,퍼스널브랜딩, 이미지메이킹, 호감, MBTI,건강, 스트레스,힐링, 마음",https://www.hooh.kr/sub/teacher/next.asp?m_idx=28399
28432,임서령,인앤아웃뷰티 대표,"경영/조직, 리더십,퍼스널브랜딩, 이미지메이킹, CS, 뷰티, 퍼스널컬러,취업, 면접",https://www.hooh.kr/sub/teacher/next.asp?m_idx=28432
28437,박미례,한국문화유산회회복원연구소 이사장,"인문학, 미술, 예술, 문화",https://www.hooh.kr/sub/teacher/next.asp?m_idx=28437
28438,이미루,전문강사,"AI/미래, Ai(인공지능),인문학, 세계, 문화,경제, 경제전망,퍼스널브랜딩,창의/마케팅, 마케팅, 콘텐츠, SNS,세일즈,취업, 이력서(자소서)",https://www.hooh.kr/sub/teacher/next.asp?m_idx=28438
28446,김종완(김집),작가,"인문학, 세계, 문화,힐링, 행복, 마음, 여행",https://www.hooh.kr/sub/teacher/next.asp?m_idx=28446
28466,서명순,부산북부미술치료센터 대표,"인문학, 미술, 예술,경영/조직, 창업,건강, 스트레스, 심리,교육, 자녀교육, 부모교육,힐링, 마음",https://www.hooh.kr/sub/teacher/next.asp?m_idx=28466
28474,조경훈,충청남도여성가족청소년사회서비스원 원장,"동기부여, 삶의자세,AI/미래, 트렌드, 산업,사회/환경,취업, 인생이모작",https://www.hooh.kr/sub/teacher/next.asp?m_idx=28474
28482,이신규,미래진로진학센터 대표,"AI/미래, 산업,경영/조직, 리더십, 창업,소통, 프레젠테이션,교육, 자녀교육, 부모교육,종교,이력서(자소서), 진로",https://www.hooh.kr/sub/teacher/next.asp?m_idx=28482
28501,박지현,말소리연구소 대표,"소통, 커뮤니케이션, 관계, 스피치, 프레젠테이션",https://www.hooh.kr/sub/teacher/next.asp?m_idx=28501
28535,원혜영,웰다잉문화운동 공동대표,"인문학,힐링, 마음, 나눔",https://www.hooh.kr/sub/teacher/next.asp?m_idx=28535
28552,이현정,작가,"AI/미래, Ai(인공지능),소통, 커뮤니케이션, 관계, 가족, 부부,교육, 자녀교육, 공부법, 육아, 독서법, 인성, 부모교육, 글쓰기",https://www.hooh.kr/sub/teacher/next.asp?m_idx=28552
29000,김영,Had 컨설팅 대표,"경영/조직, 리더십, 창업,창의/마케팅, 마케팅,세일즈, 고객관리",https://www.hooh.kr/sub/teacher/next.asp?m_idx=29000
29008,이범기,보험연수원 [알아야 판다] 전임강사,"세일즈, 협상, 설득, 판매",https://www.hooh.kr/sub/teacher/next.asp?m_idx=29008
29022,김경옥,"경영지도사/인사조직, ESG 경영 컨설턴트","AI/미래, Ai(인공지능),경영/조직, 경영, 리더십, 조직문화, 조직관리, 경영전략,교육, 여성학, 법정의무교육,사회/환경, ESG,취업, 인생이모작",https://www.hooh.kr/sub/teacher/next.asp?m_idx=29022
29040,박성만,한국경영품질연구소 수석연구원,"경영/조직, 경영, 경영전략, 위기관리",https://www.hooh.kr/sub/teacher/next.asp?m_idx=29040
29063,한진희,전문강사,"인문학, 미술,경영/조직, 리더십, 조직문화, 조직관리, 변화, 협력, 협업, 상생,소통, 커뮤니케이션,퍼스널브랜딩, CS,건강, 심리",https://www.hooh.kr/sub/teacher/next.asp?m_idx=29063
29066,이기복,가상솔루션/시뮬레이션 개발 연구원,"AI/미래, IT, Ai(인공지능), 빅데이터,창의/마케팅, 창의력,취업, 면접, 이력서(자소서), 진로, 직업관, 인생이모작",https://www.hooh.kr/sub/teacher/next.asp?m_idx=29066
30782,강다현,"디앤에이치글로벌 대표,세종사이버대학교 유통물류학과 겸임교수","경제, 세무/법률,창의/마케팅, 마케팅,세일즈, 유통",https://www.hooh.kr/sub/teacher/next.asp?m_idx=30782
30784,최광종,찬란한컴퍼니 대표,"AI/미래, 디지털기술, Ai(인공지능), 비즈니스,경영/조직, 경영, 경영전략, 창업, 스타트업,창의/마케팅, 마케팅, 콘텐츠,세일즈, 유통, 판매",https://www.hooh.kr/sub/teacher/next.asp?m_idx=30784
30798,오세란,마음매니지먼트 대표,"인문학, 미술, 예술,건강, 스트레스,힐링, 마음",https://www.hooh.kr/sub/teacher/next.asp?m_idx=30798
30802,박미섬,대구한국일보 프리랜서 기자,"동기부여, 자기계발,인문학, 문학, 시,교육, 글쓰기,힐링",https://www.hooh.kr/sub/teacher/next.asp?m_idx=30802
30815,김신웅,김신웅 행복경영연구소장,"동기부여, 삶의자세, 자기계발, 꿈,교육, 독서법,힐링, 희망, 행복, 마음",https://www.hooh.kr/sub/teacher/next.asp?m_idx=30815
30827,이연진,국민대학교 사회학과 교수,"AI/미래, 빅데이터,인문학,소통, 가족,교육, 자녀교육, 입시, 부모교육,사회/환경, 사회이슈",https://www.hooh.kr/sub/teacher/next.asp?m_idx=30827
30889,박수학,중국전문가,"동기부여, 인생스토리, 성공,사회/환경, 정치, 국제정세, 사회이슈",https://www.hooh.kr/sub/teacher/next.asp?m_idx=30889
30892,김지훈(포메뽀꼬),재테크 인플루언서,"경제, 금융, 주식, 자산관리, 재무설계, 재테크, 투자, 노후",https://www.hooh.kr/sub/teacher/next.asp?m_idx=30892
30900,허정선,"인문학자, 교육자","동기부여, 자기관리, 삶의자세,인문학,소통, 관계,힐링, 종교, 행복, 마음",https://www.hooh.kr/sub/teacher/next.asp?m_idx=30900
30936,홍인혜(루나파크),"웹툰작가, 카피라이터, 에세이스트, 시인","동기부여, 인생스토리,인문학, 시,교육, 글쓰기,창의/마케팅, 상상력, 마케팅, 콘텐츠,취업, 인생이모작",https://www.hooh.kr/sub/teacher/next.asp?m_idx=30936
30946,이승묵,하이퍼라운지 데이터 어드바이저,"AI/미래, 디지털기술, DX, 빅데이터, 비즈니스,경영/조직, 경영, 경영전략",https://www.hooh.kr/sub/teacher/next.asp?m_idx=30946
30969,박경진,(주)둥울 외국기업변호사(영미권),"동기부여, 자기계발,AI/미래, IT, Ai(인공지능), 비즈니스,경영/조직, 창업, 스타트업,창의/마케팅, 마케팅,세일즈, 유통, 판매",https://www.hooh.kr/sub/teacher/next.asp?m_idx=30969
30980,이남옥(이레지나),"한국상담대학원대학교 교수,서울부부가족치료연구소 소장","소통, 커뮤니케이션, 관계, 가족, 부부",https://www.hooh.kr/sub/teacher/next.asp?m_idx=30980
30986,강성민,재정회계법인 공인회계사,"경제, 금융, 자산관리, 재무설계, 재테크, 노후, 세무/법률",https://www.hooh.kr/sub/teacher/next.asp?m_idx=30986
30993,김숙영,엘오브이인재개발원(주) 대표,"경영/조직, 조직활성화,소통, 커뮤니케이션,건강, 스트레스, 노후, 정신,힐링, 희망, 웃음, 마음, 실습&체험,취업, 인생이모작",https://www.hooh.kr/sub/teacher/next.asp?m_idx=30993
31010,김민선,김민선차문화연구소 & 글로벌티아카데미 대표,"인문학,건강, 스트레스,힐링, 실습&체험",https://www.hooh.kr/sub/teacher/next.asp?m_idx=31010
31028,김명주,작가,"동기부여, 인생스토리, 자기관리, 삶의자세, 자기계발,퍼스널브랜딩, 이미지메이킹,창의/마케팅, 마케팅, 콘텐츠, SNS",https://www.hooh.kr/sub/teacher/next.asp?m_idx=31028
31030,카라 킴 (김은선),Forever Young Life Coaching 대표(라이프코치),"동기부여, 인생스토리, 자기관리, 자기계발,경영/조직, 리더십, 변화,건강, 스트레스, 정신",https://www.hooh.kr/sub/teacher/next.asp?m_idx=31030
31039,한승재,(주)이사대학 대표,"동기부여, 열정, 프로정신, 도전, 성공, 꿈, 마인드셋,경영/조직, 경영, 리더십, 조직문화, 경영전략, CEO, 창업, 스타트업,퍼스널브랜딩",https://www.hooh.kr/sub/teacher/next.asp?m_idx=31039
31045,류성완,"EBS 역사 강사 (한국사, 세계사)","동기부여, 인생스토리, 삶의자세,인문학, 역사, 한국사, 영화,교육, 자녀교육, 공부법, 입시",https://www.hooh.kr/sub/teacher/next.asp?m_idx=31045
31065,이혜선,ONTR 대표,"동기부여, 자기관리,건강, 스트레스, 비만, 운동,힐링, 실습&체험",https://www.hooh.kr/sub/teacher/next.asp?m_idx=31065
31075,유백선,(주)달란트컨설팅그룹 대표 컨설턴트,"경영/조직, 리더십,경제, 주식, 자산관리, 재테크, 투자,소통, 커뮤니케이션, 스피치,건강, 스트레스",https://www.hooh.kr/sub/teacher/next.asp?m_idx=31075
31087,윤재중,PublicArtSeoul 대표,"인문학, 미술, 예술, 문화,힐링, 종교",https://www.hooh.kr/sub/teacher/next.asp?m_idx=31087
31101,임영선,선심리상담센터 센터장,"동기부여, 자기관리, 삶의자세,인문학, 미술,소통, 커뮤니케이션, 관계,건강, 심리,교육, 자녀교육, 부모교육,힐링, 희망, 행복",https://www.hooh.kr/sub/teacher/next.asp?m_idx=31101
31118,이현오,더즐거움 대표,"경영/조직, 조직문화, 조직활성화, 협력, 협업, 상생,소통, 커뮤니케이션, 관계,힐링, 웃음, 마음, 실습&체험",https://www.hooh.kr/sub/teacher/next.asp?m_idx=31118
31124,최성호,(사) 장애인 지역공동체 사회복지사,"힐링, 희망, 마음, 나눔, 봉사,취업, 직업관",https://www.hooh.kr/sub/teacher/next.asp?m_idx=31124
31125,김시열,(주)도서출판 레이앤비크 대표이사,"인문학, 역사, 예술, 세계, 문화,경영/조직, 리더십,사회/환경, 정치, 국제정세",https://www.hooh.kr/sub/teacher/next.asp?m_idx=31125
31128,은하수밴드,은하수밴드,"인문학, 예술, 문화,힐링, 공연&강연",https://www.hooh.kr/sub/teacher/next.asp?m_idx=31128
31129,전희진,성균관대학교 어학원 강사,"인문학, 역사, 예술,교육, 글쓰기,힐링, 마음, 실습&체험",https://www.hooh.kr/sub/teacher/next.asp?m_idx=31129
31134,이희대,"광운대 교수, 국제인공지능윤리협회 이사","AI/미래, 트렌드, 디지털기술, Ai(인공지능), 빅데이터, 산업, 비즈니스, 융합,경영/조직, 창업, 스타트업,창의/마케팅, 마케팅, 콘텐츠",https://www.hooh.kr/sub/teacher/next.asp?m_idx=31134
31141,이진혁,(주)타이드스퀘어 이사,"창의/마케팅, 마케팅, 콘텐츠,힐링, 여행",https://www.hooh.kr/sub/teacher/next.asp?m_idx=31141
31169,장재환,비코 인터내셔널 대표,"AI/미래, 산업, 비즈니스,경영/조직, 창업,세일즈, 유통",https://www.hooh.kr/sub/teacher/next.asp?m_idx=31169
31182,김하나(헤일리 킴),영어 스피킹 강사(헤일리 쌤),"교육, 공부법",https://www.hooh.kr/sub/teacher/next.asp?m_idx=31182
31197,서이랑,뷰티인서울 대표,"경영/조직, 창업,창의/마케팅, 마케팅,세일즈, 협상, 유통, 판매",https://www.hooh.kr/sub/teacher/next.asp?m_idx=31197
31222,박지원,"변호사, 통역사","동기부여, 인생스토리, 자기계발, 꿈,교육, 공부법, 입시,취업, 진로, 직업관",https://www.hooh.kr/sub/teacher/next.asp?m_idx=31222
31229,김동옥,느린아이연구소 소장,"소통, 가족,교육, 자녀교육, 육아, 부모교육",https://www.hooh.kr/sub/teacher/next.asp?m_idx=31229
31230,신인순,인파워병원교육컨설팅 대표,"경영/조직, 리더십, 조직문화, 조직관리, 목표관리, 경영전략, 협력, 협업, 상생,소통, 커뮤니케이션,세일즈, 고객관리",https://www.hooh.kr/sub/teacher/next.asp?m_idx=31230
31244,연공흠,미래청렴교육연구소 대표,"경영/조직, 조직문화, 조직관리,경제, 세무/법률,사회/환경, ESG",https://www.hooh.kr/sub/teacher/next.asp?m_idx=31244
31245,원미영,㈜더미컴퍼니 대표,"경영/조직, 리더십, 조직문화, 혁신, 조직관리, 조직활성화,취업, 면접, 이력서(자소서)",https://www.hooh.kr/sub/teacher/next.asp?m_idx=31245
31251,최수연,블루글로벌컴퍼니 대표,"경영/조직, 리더십, 조직관리, 창업,소통, 커뮤니케이션,퍼스널브랜딩, CS,창의/마케팅, 마케팅,세일즈, 고객관리",https://www.hooh.kr/sub/teacher/next.asp?m_idx=31251
31255,진화림,CL스피치아카데미 대표원장,"소통, 커뮤니케이션, 관계, 스피치, 가족,취업, 면접",https://www.hooh.kr/sub/teacher/next.asp?m_idx=31255
31258,김수오,"작가, 유아교육전문가","소통, 커뮤니케이션, 관계, 가족,교육, 자녀교육, 육아, 부모교육",https://www.hooh.kr/sub/teacher/next.asp?m_idx=31258
31272,김소연,캘리그라피 강사(소원살롱 대표),"동기부여, 삶의자세, 자기계발, 마인드셋,경영/조직, 조직문화, 조직활성화,건강, 스트레스, 심리,힐링, 희망, 마음, 실습&체험",https://www.hooh.kr/sub/teacher/next.asp?m_idx=31272
31280,황선범,노무법인산천 노동문제연구소 대표 공인노무사,"동기부여, 삶의자세,인문학, 역사,경영/조직, 조직문화, 조직활성화,경제, 세무/법률,교육, 인성",https://www.hooh.kr/sub/teacher/next.asp?m_idx=31280
31293,박현민,"우주웍스 & 우주북스 대표, 대중문화평론가, K-콘텐츠 전문가","AI/미래, 트렌드,인문학, 문화,소통, 커뮤니케이션,교육, 글쓰기,창의/마케팅, 창의력, 마케팅, 콘텐츠,나눔,사회/환경, ESG,취업, 진로, 직업관",https://www.hooh.kr/sub/teacher/next.asp?m_idx=31293
31294,조한기,K-컬처 콘텐츠연구소 학술연구교수,"동기부여, 삶의자세,인문학, 역사, 영화,교육, 글쓰기,창의/마케팅, 콘텐츠",https://www.hooh.kr/sub/teacher/next.asp?m_idx=31294
31295,신시열,씨엔에스네이처 공동대표,"AI/미래, 디지털기술, 산업, 비즈니스,경영/조직, 경영, 경영전략,사회/환경, 정치",https://www.hooh.kr/sub/teacher/next.asp?m_idx=31295
31308,김두리,건양대학교 간호학과 교수,"동기부여, 자기관리, 삶의자세, 마인드셋,소통, 커뮤니케이션, 관계, 가족, 부부,건강, 스트레스, 의학, 노후, 심리,행복, 마음",https://www.hooh.kr/sub/teacher/next.asp?m_idx=31308
31311,곽혜신,보통날 마음치유연구소 대표,"인문학, 예술, 영화,건강, 스트레스, 심리,교육, 부모교육,힐링, 희망, 행복, 마음",https://www.hooh.kr/sub/teacher/next.asp?m_idx=31311
31312,장경희,시니어미래연구소 대표,"동기부여, 인생스토리, 자기관리, 삶의자세,인문학, 철학, 예술, 문화, 영화,건강, 노후,힐링, 희망, 행복, 마음, 자존감,취업, 인생이모작",https://www.hooh.kr/sub/teacher/next.asp?m_idx=31312
31374,엄성우,서울대학교 윤리교육과 교수,"인문학, 고전, 철학, 문화, 과학,사회/환경, ESG, 사회이슈",https://www.hooh.kr/sub/teacher/next.asp?m_idx=31374
31394,이재열,서울대학교 사회학과 교수,"경영/조직, 리더십, 혁신, 협력, 협업, 상생,사회/환경, 정치, ESG, 사회이슈",https://www.hooh.kr/sub/teacher/next.asp?m_idx=31394
31395,허윤정,단국대학교병원 권역외상센터 외상외과 조교수,"동기부여, 프로정신, 인생스토리, 도전, 삶의자세,건강, 의학",https://www.hooh.kr/sub/teacher/next.asp?m_idx=31395
31408,이태영,배우,"동기부여, 자기계발, 꿈, 마인드셋,소통, 커뮤니케이션, 스피치,퍼스널브랜딩, 이미지메이킹,힐링, 행복,취업, 진로",https://www.hooh.kr/sub/teacher/next.asp?m_idx=31408
31411,여경수,국립순천대학교 학술연구교수,"인문학, 역사, 문화,경제, 세무/법률",https://www.hooh.kr/sub/teacher/next.asp?m_idx=31411
31467,윤상윤,쏘시오테크 본부장,"자기계발,경영/조직, 리더십, 조직관리,소통, 커뮤니케이션, 프레젠테이션,교육, 글쓰기,취업, 면접, 이력서(자소서)",https://www.hooh.kr/sub/teacher/next.asp?m_idx=31467
31484,유채연,그레이프메모리 대표,"경영/조직, 창업, 스타트업,창의/마케팅, 마케팅,세일즈, 설득, 유통, 판매",https://www.hooh.kr/sub/teacher/next.asp?m_idx=31484
31490,지영준,라면 완전정복 연구소 대표,"인문학, 역사, 문화,창의/마케팅, 마케팅, 콘텐츠,취업, 진로, 직업관",https://www.hooh.kr/sub/teacher/next.asp?m_idx=31490
31502,문택주,챗GPT 강사,"AI/미래, 디지털기술, Ai(인공지능), DX, 미래기술",https://www.hooh.kr/sub/teacher/next.asp?m_idx=31502
31512,조숙현,아트북프레스 대표,"인문학, 미술, 예술,힐링, 마음",https://www.hooh.kr/sub/teacher/next.asp?m_idx=31512
31517,박동주,글로벌공감교육센터 대표,"AI/미래, Ai(인공지능),경영/조직, 리더십,소통, 관계, 스피치,힐링, 웃음",https://www.hooh.kr/sub/teacher/next.asp?m_idx=31517
31518,권영승,교육강사,"동기부여, 삶의자세, 자기계발, 꿈,경영/조직, 경영, 위기관리,소통, 커뮤니케이션, 관계,교육, 법정의무교육,힐링, 행복, 나눔, 봉사, 공연&강연,사회/환경, ESG",https://www.hooh.kr/sub/teacher/next.asp?m_idx=31518
31570,박상윤,인터미션 대표,"인문학, 예술,경영/조직, 조직문화, 조직활성화,창의력,힐링, 공연&강연,취업, 진로",https://www.hooh.kr/sub/teacher/next.asp?m_idx=31570
31574,박중훈,"영화배우, 영화감독","동기부여, 열정, 인생스토리, 도전, 삶의자세,인문학, 철학, 예술, 문화, 영화",https://www.hooh.kr/sub/teacher/next.asp?m_idx=31574
31575,조지은,옥스퍼드 대학교 한국언어학 정교수,"AI/미래,소통, 커뮤니케이션,교육, 자녀교육, 공부법, 부모교육",https://www.hooh.kr/sub/teacher/next.asp?m_idx=31575
31578,최종훈,"작가, 한국고대근동학회 회원","인문학, 역사, 문화, 과학",https://www.hooh.kr/sub/teacher/next.asp?m_idx=31578
30101,임수진,리더스클럽 대표,"동기부여, 마인드셋,소통, 커뮤니케이션,퍼스널브랜딩, CS,교육, 글쓰기,창의/마케팅, 창의력, 광고, 마케팅, 콘텐츠, SNS,세일즈, 협상, 설득, 판매, 고객관리",https://www.hooh.kr/sub/teacher/next.asp?m_idx=30101
30115,권혁필,에듀펫 대표,"동기부여, 프로정신, 인생스토리, 도전, 성공, 삶의자세, 꿈,소통, 가족,힐링",https://www.hooh.kr/sub/teacher/next.asp?m_idx=30115
30116,윤금미,AI 콘텐츠/챗GPT/업무효율/유튜브 교육 강사,"AI/미래, 트렌드, IT, Ai(인공지능),교육, 글쓰기,창의/마케팅, 마케팅, 콘텐츠, SNS, 디자인",https://www.hooh.kr/sub/teacher/next.asp?m_idx=30116
30126,정진서,힐사운드톤엔테크 음향연구소 대표,"동기부여, 인생스토리, 꿈, 마인드셋,인문학, 예술,힐링, 종교, 공연&강연",https://www.hooh.kr/sub/teacher/next.asp?m_idx=30126
30135,이채현,소크라테스북클럽 원장,"동기부여, 삶의자세, 자기계발,교육, 독서법, 글쓰기,창의/마케팅, 창의력",https://www.hooh.kr/sub/teacher/next.asp?m_idx=30135
30144,김옥현,대한수맥학회 회장,"건강, 스트레스, 심리, 정신,교육, 자녀교육, 부모교육",https://www.hooh.kr/sub/teacher/next.asp?m_idx=30144
30145,황승진,스탠퍼드경영대학원 석좌명예교수,"AI/미래, DX, 빅데이터, 비즈니스,경영/조직, 경영, 리더십, 혁신, 경영전략, CEO, 변화, 스타트업,사회/환경, ESG",https://www.hooh.kr/sub/teacher/next.asp?m_idx=30145
30148,이진선,UX·UI 디자이너,"동기부여, 성공,교육, 글쓰기,창의/마케팅, 상상력, 창의력, 디자인,취업, 진로",https://www.hooh.kr/sub/teacher/next.asp?m_idx=30148
30158,강환규,더위즈덤 대표,"동기부여, 성공, 자기관리, 삶의자세, 자기계발, 꿈, 비전,인문학, 뇌과학,경영/조직, 리더십, 창업,소통, 커뮤니케이션, 가족, 부부,교육, 자녀교육, 공부법, 부모교육,세일즈, 협상, 설득, 판매",https://www.hooh.kr/sub/teacher/next.asp?m_idx=30158
30181,김경민,리버스마운틴 대표,"동기부여, 도전, 성공, 비전,경영/조직, 조직문화, 목표관리, 창업, 스타트업",https://www.hooh.kr/sub/teacher/next.asp?m_idx=30181
30183,최재운,광운대학교 경영학부 빅데이터경영전공 교수,"AI/미래, 트렌드, Ai(인공지능), DX, 미래기술, 비즈니스,인문학,교육, 자녀교육, 부모교육",https://www.hooh.kr/sub/teacher/next.asp?m_idx=30183
30186,이재홍,주식회사 업스타터컴퍼니 대표,"경영/조직, 경영, 경영전략, 창업, 스타트업,소통, 스피치,창의/마케팅, 마케팅",https://www.hooh.kr/sub/teacher/next.asp?m_idx=30186
30189,조지훈,펫로스 전문 심리상담센터 “안녕” 원장,"소통, 커뮤니케이션, 관계,건강, 심리, 정신,힐링, 마음",https://www.hooh.kr/sub/teacher/next.asp?m_idx=30189
30193,박제정,"한양여자대학교 겸임교수 , 아트컨설턴트","AI/미래, Ai(인공지능), 미래기술, 블록체인,인문학, 예술,경영/조직, 협력, 협업, 상생,교육, 글쓰기,힐링, 마음",https://www.hooh.kr/sub/teacher/next.asp?m_idx=30193
30196,정미희,서인천 가정폭력·성폭력 통합상담소,"동기부여, 삶의자세, 꿈, 비전,소통, 커뮤니케이션, 관계, 가족, 부부,교육, 성교육, 인성, 부모교육, 법정의무교육,취업, 진로",https://www.hooh.kr/sub/teacher/next.asp?m_idx=30196
30197,송선욱,밸류에이터 대표,"경영/조직, 조직문화, 협력, 협업, 상생, 창업,창의/마케팅, 마케팅",https://www.hooh.kr/sub/teacher/next.asp?m_idx=30197
30198,한성희,심플리파이어 대표,"경영/조직, 경영, 리더십, 목표관리, 경영전략, 변화, 창업, 스타트업",https://www.hooh.kr/sub/teacher/next.asp?m_idx=30198
30223,김완필,제주특별자치도청 공무원,"힐링, 희망, 마음, 나눔, 봉사",https://www.hooh.kr/sub/teacher/next.asp?m_idx=30223
30235,이우진,데이터 사이언티스트,"동기부여, 열정, 자기계발,트렌드, 디지털기술, IT, 빅데이터, 미래기술, 사물인터넷, 모바일웹, 사물통신, 로봇, 산업, 정보보안, 비즈니스, 블록체인, 핀테크, 융합,취업, 면접, 이력서(자소서), 진로, 직업관, 인생이모작",https://www.hooh.kr/sub/teacher/next.asp?m_idx=30235
30252,최범언,영훈초등학교 교사,"동기부여, 삶의자세, 꿈,교육, 자녀교육, 공부법, 독서법",https://www.hooh.kr/sub/teacher/next.asp?m_idx=30252
30257,염서울,테라피 바디 시리즈 연구소 소장,"동기부여, 자기관리,건강, 비만, 식이요법, 의학, 운동,힐링, 마음",https://www.hooh.kr/sub/teacher/next.asp?m_idx=30257
30280,장래혁,글로벌사이버대학교 뇌교육학과 학과장,"동기부여, 자기계발,AI/미래, Ai(인공지능),인문학, 뇌과학,경영/조직, 리더십, CEO,교육, 자녀교육, 독서법, 부모교육,창의/마케팅, 창의력",https://www.hooh.kr/sub/teacher/next.asp?m_idx=30280
30307,김현경,"한국현대에니어그램협회 대표, 작가","동기부여, 자기관리, 삶의자세, 자기계발,인문학, 미술,소통, 커뮤니케이션, 관계,퍼스널브랜딩, MBTI,건강, 심리,교육, 자녀교육, 인성,취업, 진로, 직업관, 인생이모작",https://www.hooh.kr/sub/teacher/next.asp?m_idx=30307
30326,남상욱,착한사진연구소 대표.스마트폰사진분야 강사,"인문학,창의/마케팅, 광고, 콘텐츠, SNS, 디자인,힐링, 실습&체험",https://www.hooh.kr/sub/teacher/next.asp?m_idx=30326
30330,박미현,"오늘성장연구소 대표, 기과학기술대학교 외래교수","동기부여, 자기관리, 삶의자세, 자기계발,소통, 커뮤니케이션,퍼스널브랜딩, MBTI,건강, 스트레스, 심리,교육,취업, 면접, 이력서(자소서), 진로, 직업관",https://www.hooh.kr/sub/teacher/next.asp?m_idx=30330
30350,도영태,아하러닝연구소 대표,"동기부여, 자기계발,AI/미래, Ai(인공지능),경영/조직, 조직문화, 조직관리, 조직활성화, 변화,소통, 프레젠테이션,퍼스널브랜딩, MBTI,교육, 글쓰기,창의/마케팅, 창의력,취업, 면접, 직업관, 인생이모작",https://www.hooh.kr/sub/teacher/next.asp?m_idx=30350
30351,오미현,코칭앤코 대표,"동기부여, 자기계발, 마인드셋,경영/조직, 리더십, 조직문화,소통, 커뮤니케이션, 관계,취업, 면접, 이력서(자소서)",https://www.hooh.kr/sub/teacher/next.asp?m_idx=30351
30364,신하영,"딥앤와이드 출판사 대표, 작가","동기부여, 자기계발,인문학, 문학,교육, 글쓰기,창의/마케팅, 콘텐츠",https://www.hooh.kr/sub/teacher/next.asp?m_idx=30364
30365,신유안,"예술적온도 대표, 포토그래퍼","창의/마케팅, 콘텐츠, SNS, 디자인,힐링",https://www.hooh.kr/sub/teacher/next.asp?m_idx=30365
30369,박지현,"과학커뮤니케이터(바다다), 저술가","인문학, 과학,소통, 스피치,사회/환경,취업, 진로",https://www.hooh.kr/sub/teacher/next.asp?m_idx=30369
30371,김태호,"코칭온스쿨 대표, 김태호 심리코칭센터 대표","동기부여, 열정, 프로정신, 자기관리, 삶의자세, 자기계발, 꿈,목표관리,소통, 커뮤니케이션, 관계, 가족, 부부,건강, 심리,교육, 자녀교육, 공부법, 독서법, 부모교육,취업, 진로, 직업관",https://www.hooh.kr/sub/teacher/next.asp?m_idx=30371
30390,유병준,서울대학교 경영대학 교수,"AI/미래, 트렌드, 디지털기술, Ai(인공지능), DX, 산업, 비즈니스,경영/조직, 경영, 혁신, 경영전략",https://www.hooh.kr/sub/teacher/next.asp?m_idx=30390
30395,장중호,서울과학종합대학원 AI 대학원 교수,"동기부여, 자기계발,AI/미래, 디지털기술, IT, Ai(인공지능), DX, 빅데이터,경영/조직, 경영, 리더십, 경영전략",https://www.hooh.kr/sub/teacher/next.asp?m_idx=30395
30397,김규연,뀨코치의 셀프코칭 대표,"동기부여, 자기계발,경영/조직, 리더십,소통, 커뮤니케이션,교육, 공부법,힐링, 마음",https://www.hooh.kr/sub/teacher/next.asp?m_idx=30397
30402,오윤성,"순천향대학교 경찰행정학과 교수, 한국범죄심리학회 이사","소통, 관계, 가족,교육, 자녀교육, 인성, 부모교육,사회/환경, 사회이슈",https://www.hooh.kr/sub/teacher/next.asp?m_idx=30402
30409,라의형,오투힐 대표,"동기부여, 열정, 도전, 성공, 자기관리, 자기계발, 비전, 마인드셋,경영/조직, 혁신, 조직관리, CEO, 변화",https://www.hooh.kr/sub/teacher/next.asp?m_idx=30409
30422,이정현,달리아스쿨 대표,"동기부여, 삶의자세, 마인드셋,소통, 커뮤니케이션, 관계, 가족, 부부,힐링, 행복, 마음",https://www.hooh.kr/sub/teacher/next.asp?m_idx=30422
30425,장재진,언어치료사,"소통, 가족,교육, 자녀교육, 부모교육",https://www.hooh.kr/sub/teacher/next.asp?m_idx=30425
30426,윤미애,벤츠 여성 이사/ 최단기 임원,"동기부여, 열정, 프로정신, 인생스토리, 도전, 성공, 자기계발, 꿈, 마인드셋,경영/조직, 목표관리,소통, 커뮤니케이션,세일즈, 협상, 설득, 판매, 고객관리",https://www.hooh.kr/sub/teacher/next.asp?m_idx=30426
30431,김하영(논디김하영),‘데이오프 프로젝트’ 대표. 인플루언서,"동기부여, 자기계발,퍼스널브랜딩,창의/마케팅, 콘텐츠, SNS, 디자인,세일즈, 판매",https://www.hooh.kr/sub/teacher/next.asp?m_idx=30431
30432,안정희,마음맞춤연구소 소장,"소통, 커뮤니케이션, 관계, 가족, 부부,퍼스널브랜딩, MBTI,교육, 자녀교육, 인성, 부모교육,힐링, 마음, 자존감",https://www.hooh.kr/sub/teacher/next.asp?m_idx=30432
30468,임다정,자존감연구소 소장,"동기부여, 도전, 자기관리, 삶의자세, 자기계발, 마인드셋,소통, 커뮤니케이션, 관계,퍼스널브랜딩, MBTI,건강, 스트레스, 심리,힐링, 마음, 자존감, 실습&체험",https://www.hooh.kr/sub/teacher/next.asp?m_idx=30468
30543,김진석,EBSi 입시정보 대표강사,"교육, 자녀교육, 공부법, 입시,취업, 진로",https://www.hooh.kr/sub/teacher/next.asp?m_idx=30543
30546,이정아,더관계연구소 소장,"소통, 커뮤니케이션, 관계, 가족, 부부,퍼스널브랜딩, MBTI,교육, 자녀교육, 육아, 인성, 부모교육,힐링, 마음, 자존감",https://www.hooh.kr/sub/teacher/next.asp?m_idx=30546
30555,이소연,조인 젠 블렌드 대표,"동기부여, 삶의자세,인문학, 예술,경영/조직, 리더십,소통, 관계, 가족,힐링, 마음, 실습&체험",https://www.hooh.kr/sub/teacher/next.asp?m_idx=30555
30594,김태봉,오마이빌딩 대표,"경제, 자산관리, 부동산, 재테크, 투자, 경매",https://www.hooh.kr/sub/teacher/next.asp?m_idx=30594
30617,이종서,휴먼에너지 대표,"동기부여, 자기계발,경영/조직, 창업,퍼스널브랜딩,교육, 독서법, 글쓰기,창의/마케팅, 콘텐츠",https://www.hooh.kr/sub/teacher/next.asp?m_idx=30617
30622,서인우,(전)카카오브레인,"AI/미래, 디지털기술, Ai(인공지능), DX, 빅데이터, 미래기술, 비즈니스, 융합",https://www.hooh.kr/sub/teacher/next.asp?m_idx=30622
30637,정진,생활교육 마스터클래스,"경영/조직, 조직문화,경제, 세무/법률,소통, 커뮤니케이션, 관계, 가족,건강, 심리,교육, 자녀교육, 인성, 부모교육,세일즈, 협상",https://www.hooh.kr/sub/teacher/next.asp?m_idx=30637
30685,박민철,아웃핏코드,"동기부여, 자기관리,퍼스널브랜딩, 이미지메이킹, 뷰티, 패션, 호감, 스타일링",https://www.hooh.kr/sub/teacher/next.asp?m_idx=30685
30697,김정현,대한ADHD지원협회 공동대표,"건강, 스트레스, 심리, 정신,교육, 자녀교육, 육아, 부모교육,힐링, 희망, 행복, 마음",https://www.hooh.kr/sub/teacher/next.asp?m_idx=30697
30698,한상기 (한쌤),한쌤경찰연구소 소장,"동기부여, 자기관리, 삶의자세,경영/조직, 조직문화, 조직활성화, 협력, 협업, 상생,경제, 세무/법률,소통, 커뮤니케이션, 관계, 부부,힐링, 행복",https://www.hooh.kr/sub/teacher/next.asp?m_idx=30698
30738,사경환,밸류애드 대표,"AI/미래, 디지털기술, IT, Ai(인공지능), 빅데이터, 비즈니스,소통, 커뮤니케이션,교육, 글쓰기",https://www.hooh.kr/sub/teacher/next.asp?m_idx=30738
30741,김용진,"서강대학교 교수, 전략기획부 원장","경영/조직, 경영, 혁신, 경영전략, 위기관리,사회/환경, ESG",https://www.hooh.kr/sub/teacher/next.asp?m_idx=30741
30742,민은정,인터브랜드 CCO,"경영/조직, 혁신, 경영전략,소통,퍼스널브랜딩, 이미지메이킹,창의/마케팅, 창의력, 광고, 마케팅, 콘텐츠, 디자인",https://www.hooh.kr/sub/teacher/next.asp?m_idx=30742
30743,허종호,서울여자대학교 경영학과 교수,"창의/마케팅, 마케팅,세일즈, 설득, 판매",https://www.hooh.kr/sub/teacher/next.asp?m_idx=30743
30747,이승주,중앙대학교 정치국제학과 교수,"경제, 경제전망,사회/환경, 정치, 국제정세",https://www.hooh.kr/sub/teacher/next.asp?m_idx=30747
30761,전중환,경희대학교 국제캠퍼스 후마니타스칼리지 교수,"동기부여, 삶의자세,인문학, 철학, 과학",https://www.hooh.kr/sub/teacher/next.asp?m_idx=30761
30765,원민우,원민우아동청소년발달센터 대표,"건강, 심리, 정신,교육, 자녀교육, 육아, 부모교육",https://www.hooh.kr/sub/teacher/next.asp?m_idx=30765
30768,이민석,국민대학교 소프트웨어학부 교수,"AI/미래, 트렌드, 디지털기술, IT, Ai(인공지능), 빅데이터, 미래기술",https://www.hooh.kr/sub/teacher/next.asp?m_idx=30768
30770,오힘찬,"테크칼럼니스트, 골든래빗 마케터","AI/미래, 디지털기술, IT, Ai(인공지능), DX",https://www.hooh.kr/sub/teacher/next.asp?m_idx=30770
35776,박선정,㈜네오모듈 대표이사,"AI/미래, Ai(인공지능),경영,취업, 진로",https://www.hooh.kr/sub/teacher/next.asp?m_idx=35776
35801,양은연,미술 인문학 강사,"동기부여, 삶의자세,인문학, 철학, 미술, 예술, 문화",https://www.hooh.kr/sub/teacher/next.asp?m_idx=35801
35816,이금란,경일대학교 미래융합대학 조교수,"동기부여,교육, 자녀교육, 공부법, 부모교육",https://www.hooh.kr/sub/teacher/next.asp?m_idx=35816
35828,최승은(베개씨),컴퍼니B 대표,"소통, 커뮤니케이션, 관계, 스피치,힐링, 자존감, 공연&강연",https://www.hooh.kr/sub/teacher/next.asp?m_idx=35828
35840,윤형선,"보이스솔루션 대표, 보이스 힐러","소통, 커뮤니케이션, 스피치,퍼스널브랜딩, 이미지메이킹,창의/마케팅, 콘텐츠,면접",https://www.hooh.kr/sub/teacher/next.asp?m_idx=35840
35861,한송이,전) 배구선수,"동기부여, 열정, 프로정신, 도전, 자기관리, 마인드셋,경영/조직, 리더십",https://www.hooh.kr/sub/teacher/next.asp?m_idx=35861
35884,김신동,㈜데일리랩스 대표이사,"동기부여, 인생스토리, 도전, 성공, 자기관리, 삶의자세, 마인드셋,AI/미래, 디지털기술, IT, Ai(인공지능),인문학, 세계, 문화,경영/조직, 창업,소통, 커뮤니케이션,퍼스널브랜딩",https://www.hooh.kr/sub/teacher/next.asp?m_idx=35884
35885,현유석,MBC 콘텐츠전략 PD,"창의/마케팅, 상상력, 마케팅, 콘텐츠, SNS,취업, 진로, 직업관",https://www.hooh.kr/sub/teacher/next.asp?m_idx=35885
35922,주영훈,한글컨텐츠 글터 대표,"인문학,경영/조직, 리더십,교육, 글쓰기,창의/마케팅, 창의력,힐링, 실습&체험",https://www.hooh.kr/sub/teacher/next.asp?m_idx=35922
35953,송지혜 (Aura Song),한양대학교 비트코인화폐철학과 겸임교수 / VIVUM 문화기술컨설팅 대표,"AI/미래, 디지털기술, 산업, 비즈니스, 블록체인,인문학, 문화,경제, 디지털자산",https://www.hooh.kr/sub/teacher/next.asp?m_idx=35953
35981,김태리,㈜정말스튜디오 대표,"소통, 커뮤니케이션, 스피치, 프레젠테이션,세일즈, 설득",https://www.hooh.kr/sub/teacher/next.asp?m_idx=35981
35998,김은영,서울대학교 정신건강의학과 교수,"동기부여, 삶의자세, 마인드셋,경영/조직, 리더십,건강, 스트레스, 심리, 정신,힐링, 마음",https://www.hooh.kr/sub/teacher/next.asp?m_idx=35998
36020,이청연,㈜Cyis. 싸이즈 대표이사,"동기부여, 열정, 인생스토리, 도전, 성공,소통, 가족,힐링, 희망, 행복, 마음",https://www.hooh.kr/sub/teacher/next.asp?m_idx=36020
36041,전대수,한국스피치교육센터 대표,"소통, 커뮤니케이션, 스피치, 프레젠테이션",https://www.hooh.kr/sub/teacher/next.asp?m_idx=36041
36085,전승엽,잠실에프엠의원 대표원장,"동기부여, 자기관리,건강, 비만, 식이요법, 의학",https://www.hooh.kr/sub/teacher/next.asp?m_idx=36085
36087,김준태,"인트렌드랩 대표, 마케팅 컨설턴트","동기부여, 자기계발,AI/미래, 빅데이터, 비즈니스,경영/조직, 리더십, 경영전략,창의/마케팅, 광고, 마케팅, 콘텐츠",https://www.hooh.kr/sub/teacher/next.asp?m_idx=36087
36088,추동훈,매일경제신문사 산업부 기자,"AI/미래, 트렌드, 비즈니스,경영/조직, 경영, 경영전략,경제, 경제전망, 부동산, 재테크",https://www.hooh.kr/sub/teacher/next.asp?m_idx=36088
36091,조현주,"함께성장교육연구소 대표, 수필가","인문학, 고전, 미술,소통, 커뮤니케이션, 가족,건강, 심리,교육, 독서법, 부모교육, 글쓰기,힐링, 마음",https://www.hooh.kr/sub/teacher/next.asp?m_idx=36091
36093,전호겸,경제전문가,"AI/미래, 디지털기술, 미래기술, 비즈니스,경제",https://www.hooh.kr/sub/teacher/next.asp?m_idx=36093
36101,고명한,"작가, 심리학자","동기부여, 인생스토리, 자기관리, 삶의자세, 자기계발,인문학,퍼스널브랜딩,건강, 심리,힐링, 희망, 행복, 마음,취업, 인생이모작",https://www.hooh.kr/sub/teacher/next.asp?m_idx=36101
36104,윤종훈,변호사,"동기부여, 자기계발,경영/조직, 조직문화,경제, 세무/법률,교육, 글쓰기,취업, 진로, 직업관",https://www.hooh.kr/sub/teacher/next.asp?m_idx=36104
36108,박승원,UX라이팅 에이전시 기획자,"경영/조직, 경영전략,소통,건강, 심리,교육, 글쓰기,창의/마케팅, 창의력, 마케팅, 콘텐츠, 디자인",https://www.hooh.kr/sub/teacher/next.asp?m_idx=36108
36111,김성효(효라클),글로벌사이버대학교 재테크마케팅학과 교수,"경제, 주식, 경제전망, 투자",https://www.hooh.kr/sub/teacher/next.asp?m_idx=36111
36114,김용대,서울대학교 통계학과 교수,"AI/미래, 트렌드, 디지털기술, Ai(인공지능), 빅데이터, 미래기술",https://www.hooh.kr/sub/teacher/next.asp?m_idx=36114
36129,이한나,"TBN경인교통방송 MC, 아나운서","동기부여, 삶의자세, 자기계발, 마인드셋,소통, 커뮤니케이션, 관계, 스피치, 프레젠테이션,퍼스널브랜딩,취업, 면접, 이력서(자소서)",https://www.hooh.kr/sub/teacher/next.asp?m_idx=36129
36130,노유진,한국소통리더십연구소 대표,"경영/조직, 리더십, 조직활성화,소통, 커뮤니케이션, 프레젠테이션,취업, 면접",https://www.hooh.kr/sub/teacher/next.asp?m_idx=36130
36142,양은선,세움코치 대표,"경영/조직, 리더십, 조직관리, 조직활성화, 협력, 협업, 상생,소통, 커뮤니케이션, 관계,건강, 스트레스,교육, 자녀교육, 부모교육,힐링, 행복, 마음, 자존감, 실습&체험,취업, 진로",https://www.hooh.kr/sub/teacher/next.asp?m_idx=36142
36166,강영운,매일경제신문 기자,"AI/미래, 산업,인문학, 역사, 세계, 문화,경제, 금융",https://www.hooh.kr/sub/teacher/next.asp?m_idx=36166
36171,신재남,감성하모니 성(性)연구소 소장,"경영/조직, 조직문화,소통, 관계, 가족, 부부,교육, 성교육, 부모교육, 법정의무교육,사회/환경, 사회이슈",https://www.hooh.kr/sub/teacher/next.asp?m_idx=36171
36177,김소정,다누리폭력예방교육센터 대표,"경영/조직, 리더십, 조직문화,교육, 자녀교육, 성교육,사회/환경, 사회이슈",https://www.hooh.kr/sub/teacher/next.asp?m_idx=36177
36178,황빈,빈스 GST 아카데미 대표,"인문학, 문학,교육, 성교육, 인성, 법정의무교육",https://www.hooh.kr/sub/teacher/next.asp?m_idx=36178
36190,강시현,새울림 교육센터 대표,"인문학, 미술, 영화,경영/조직, 리더십, 조직관리,소통, 커뮤니케이션, 스피치,교육, 자녀교육, 여성학, 성교육, 부모교육,취업, 인생이모작",https://www.hooh.kr/sub/teacher/next.asp?m_idx=36190
36193,윤하정,문화전문기자,"인문학, 예술, 세계, 문화,힐링, 여행, 공연&강연",https://www.hooh.kr/sub/teacher/next.asp?m_idx=36193
36196,김선웅(굽시니스트),만화가,"인문학, 역사, 한국사,사회/환경, 정치",https://www.hooh.kr/sub/teacher/next.asp?m_idx=36196
36203,황재윤,지능정보기술연구소 대표이사,"AI/미래, 정보보안,경제, 자산관리, 재무설계, 재테크, 노후,취업, 인생이모작",https://www.hooh.kr/sub/teacher/next.asp?m_idx=36203
36207,김성수,"일본 게이오대학교 경영대학원 특별초빙 부교수, 데이터크런치 대표이사","Ai(인공지능), 미래기술, 산업,역사",https://www.hooh.kr/sub/teacher/next.asp?m_idx=36207
36208,박정근,"(사)한국코칭능력개발원(KCDC) 원장, ㈜인터내셔널스포츠그룹(ISG) 대표","동기부여, 프로정신, 도전, 성공, 자기계발, 비전,경영/조직, 리더십, 목표관리, 조직활성화,건강, 심리, 정신,힐링, 행복, 워라벨",https://www.hooh.kr/sub/teacher/next.asp?m_idx=36208
36209,양다솔,에세이스트,"동기부여, 인생스토리, 자기관리, 자기계발,인문학, 문학,교육, 글쓰기,창의/마케팅,취업, 진로",https://www.hooh.kr/sub/teacher/next.asp?m_idx=36209
36212,양재우,"인천시민대학 경제인문학 교수, 에코라이후 대표","인문학, 영화,경제, 재무설계, 투자, 노후",https://www.hooh.kr/sub/teacher/next.asp?m_idx=36212
36233,지윤정,"㈜윌토피아 대표이사, 성신여자대학교 창업대학 외래교수","AI/미래, DX,경영/조직, 리더십, 경영전략, 변화, 창업,창의/마케팅, 마케팅,세일즈, 고객관리",https://www.hooh.kr/sub/teacher/next.asp?m_idx=36233
36247,윤영선,심산기념사업회 회장,"동기부여, 인생스토리, 도전, 삶의자세, 꿈,인문학, 역사, 문화,취업, 직업관, 인생이모작",https://www.hooh.kr/sub/teacher/next.asp?m_idx=36247
36258,김병민,"현대해상 전임강사 및 지점장, 세일즈 강사","소통, 커뮤니케이션,세일즈, 설득, 판매, 고객관리",https://www.hooh.kr/sub/teacher/next.asp?m_idx=36258
36261,윤강진,한샘 RH제휴점부 충청영업팀장,"동기부여, 열정, 프로정신, 성공,세일즈, 설득, 판매, 고객관리",https://www.hooh.kr/sub/teacher/next.asp?m_idx=36261
36298,허안나,스킬플러스 대표,"동기부여, 자기계발, 마인드셋,AI/미래, 디지털기술, IT, Ai(인공지능), DX,경영/조직, 리더십, 조직문화, 협력, 협업, 상생,소통, 커뮤니케이션,힐링, 워라벨, 실습&체험",https://www.hooh.kr/sub/teacher/next.asp?m_idx=36298
36304,김진희,한국교육개발원 선임연구위원,"인문학, 문화,경영/조직, 리더십, 협력, 협업, 상생,취업, 직업관",https://www.hooh.kr/sub/teacher/next.asp?m_idx=36304
36330,강금석,"KAIST 경영대학 부교수, AI 대학원 겸임교수, 산업및시스템공학과 겸임교수","AI/미래, 디지털기술, Ai(인공지능), 빅데이터, 미래기술, 비즈니스,경영/조직, 경영, 리더십, CEO",https://www.hooh.kr/sub/teacher/next.asp?m_idx=36330
36332,장비준,글로벌 컨설팅펌 전략 컨설턴트,"비즈니스,경영/조직, 경영전략,소통, 스피치, 프레젠테이션,창의/마케팅, 광고, 마케팅, 콘텐츠",https://www.hooh.kr/sub/teacher/next.asp?m_idx=36332
36342,윤성중,세계시민교육원 원장,"동기부여, 삶의자세, 자기계발,인문학, 문화,교육, 글쓰기,사회/환경, ESG",https://www.hooh.kr/sub/teacher/next.asp?m_idx=36342
36347,김학우(Kim Paul Hakwoo),폴김경영전략연구소 대표,"동기부여, 열정, 도전, 성공, 꿈, 비전, 마인드셋,경영/조직, 리더십, 조직문화, 혁신, 조직관리, 목표관리, 경영전략, 변화,세일즈, 협상, 설득, 판매, 고객관리",https://www.hooh.kr/sub/teacher/next.asp?m_idx=36347
36361,강윤정,마중물교육파트너스 대표,"인문학, 문학,힐링, 희망, 나눔,취업, 인생이모작",https://www.hooh.kr/sub/teacher/next.asp?m_idx=36361
36367,최순화,프리랜서 강사,"소통, 관계, 가족,사회/환경, 사회이슈",https://www.hooh.kr/sub/teacher/next.asp?m_idx=36367
36370,허유정,㈜소우주컴퍼니 대표,"동기부여, 인생스토리, 도전,인문학, 예술, 세계, 음악,창의/마케팅, 콘텐츠,취업, 진로",https://www.hooh.kr/sub/teacher/next.asp?m_idx=36370
36391,현혜미,"AI & 스마트워크 강사, 컨텐츠 기획 프리랜서 강사","AI/미래, 디지털기술, Ai(인공지능),창의/마케팅, 마케팅, 콘텐츠",https://www.hooh.kr/sub/teacher/next.asp?m_idx=36391
36397,최연수,㈜미래기획소 대표,"비즈니스,경영/조직, 경영전략, 창업,퍼스널브랜딩, 뷰티,창의/마케팅, 마케팅,세일즈, 판매",https://www.hooh.kr/sub/teacher/next.asp?m_idx=36397
36413,나선희,나선희스피치커뮤니케이션즈 대표,"소통, 커뮤니케이션, 관계, 스피치",https://www.hooh.kr/sub/teacher/next.asp?m_idx=36413
36415,박지만,(사)한국청소년정신건강협회 대표이사,"소통, 커뮤니케이션, 관계, 가족, 부부,교육, 자녀교육, 육아, 부모교육,힐링, 마음,취업, 진로",https://www.hooh.kr/sub/teacher/next.asp?m_idx=36415
36422,김준태,성균관대학교 유학대학 유학동양학과 초빙교수,"인문학, 고전, 철학, 한국사,경영/조직, 리더십, CEO",https://www.hooh.kr/sub/teacher/next.asp?m_idx=36422
36461,권대정,시사TV코리아 대표이사,"동기부여, 성공,소통, 커뮤니케이션, 관계, 스피치",https://www.hooh.kr/sub/teacher/next.asp?m_idx=36461
36463,서현정,The Board Partners Founder & CEO,"동기부여, 열정, 인생스토리, 도전, 성공, 자기계발, 비전,AI/미래, 비즈니스,경영/조직, 경영, 리더십, 혁신, 경영전략, 변화, 위기관리,사회/환경,취업, 진로, 직업관",https://www.hooh.kr/sub/teacher/next.asp?m_idx=36463
36478,윤수연,모드파티 COO,"AI/미래, 디지털기술, IT, Ai(인공지능), DX, 미래기술, 사물인터넷, 비즈니스, 블록체인, 핀테크, 융합,인문학,경영/조직, 경영, 조직문화, 조직관리, 경영전략,경제, 부동산,취업, 진로",https://www.hooh.kr/sub/teacher/next.asp?m_idx=36478
36480,정호선,해피크리에이터스 대표,"동기부여, 열정, 인생스토리, 도전, 성공, 자기관리, 자기계발, 꿈, 비전,AI/미래, 트렌드, 디지털기술, Ai(인공지능),경영/조직, 리더십, 목표관리, 경영전략,경제, 자산관리, 재무설계,소통, 커뮤니케이션, 관계,창의/마케팅, 마케팅,세일즈, 협상, 설득, 판매, 고객관리,힐링, 행복, 자존감",https://www.hooh.kr/sub/teacher/next.asp?m_idx=36480
36482,이정훈,도서출판 책과강연 대표 기획자,"동기부여, 열정, 프로정신, 인생스토리, 도전, 성공, 자기관리, 삶의자세, 자기계발, 꿈, 비전,인문학, 철학,경영/조직, 경영, 리더십, 혁신, 목표관리, 경영전략, CEO, 변화,퍼스널브랜딩,교육, 글쓰기,창의/마케팅, 상상력, 창의력, 광고, 마케팅, 콘텐츠,힐링, 희망",https://www.hooh.kr/sub/teacher/next.asp?m_idx=36482
36489,이조은,시간상점(이조은캘리그라피) 대표,"동기부여, 자기계발, 비전,경영/조직, 조직문화,교육, 글쓰기,창의/마케팅,힐링, 마음, 실습&체험",https://www.hooh.kr/sub/teacher/next.asp?m_idx=36489
36496,김예나,"MHN 기자, 서울호서실용예술전문학교 교수","동기부여, 열정, 도전, 삶의자세, 자기계발, 꿈, 비전,소통, 커뮤니케이션, 스피치,이미지메이킹,교육,창의/마케팅, 콘텐츠,취업, 진로",https://www.hooh.kr/sub/teacher/next.asp?m_idx=36496
36503,강민지,"미술사가,  작가","인문학, 역사, 미술, 예술, 세계, 문화,혁신, 변화",https://www.hooh.kr/sub/teacher/next.asp?m_idx=36503
36504,김재완,역사 스토리텔러,"인문학, 역사, 미술, 예술, 문화, 한국사, 영화,창의/마케팅, 콘텐츠,힐링, 희망,사회/환경, 사회이슈",https://www.hooh.kr/sub/teacher/next.asp?m_idx=36504
36506,김춘성,"명품안전컨설팅 대표, 신성대학교 화공과 겸임교수","경영/조직, 경영, 리더십, 조직문화, 혁신, 조직관리, 목표관리, 조직활성화, 경영전략, 변화, 위기관리,사회/환경, 사회이슈",https://www.hooh.kr/sub/teacher/next.asp?m_idx=36506
36517,이재하,"프리랜서 컨설팅 강사, 작가","동기부여, 자기계발,경영/조직, 리더십, 조직문화,소통, 커뮤니케이션",https://www.hooh.kr/sub/teacher/next.asp?m_idx=36517
36520,차석호,미라클드림 대표,"동기부여, 자기계발,AI/미래, 트렌드, 디지털기술, IT, 빅데이터, 미래기술,경영/조직, 혁신, 변화,교육, 공부법, 독서법, 글쓰기",https://www.hooh.kr/sub/teacher/next.asp?m_idx=36520
36522,이정태,PD/ 크리에이터,"동기부여, 열정, 프로정신, 인생스토리, 도전, 성공, 자기계발, 꿈,AI/미래, 트렌드, 디지털기술, Ai(인공지능),경영/조직, 혁신, 창업, 스타트업,창의/마케팅, 상상력, 창의력, 콘텐츠, SNS,진로",https://www.hooh.kr/sub/teacher/next.asp?m_idx=36522
36532,울랄라세션,울랄라세션,"동기부여, 프로정신,인문학, 예술, 문화,힐링, 희망, 웃음, 행복, 마음, 공연&강연",https://www.hooh.kr/sub/teacher/next.asp?m_idx=36532
36534,임정열,소방기술사,"동기부여, 열정, 인생스토리, 도전, 성공, 자기계발, 꿈,진로, 직업관, 인생이모작",https://www.hooh.kr/sub/teacher/next.asp?m_idx=36534
36538,노현숙,"인터포스 대표, 인공지능 콘텐츠 강사","AI/미래, 디지털기술, Ai(인공지능), 비즈니스,창의/마케팅, 콘텐츠",https://www.hooh.kr/sub/teacher/next.asp?m_idx=36538
36545,한기덕,에니어그램 전문강사,"동기부여, 자기계발, 꿈, 비전, 마인드셋,소통, 커뮤니케이션, 관계,퍼스널브랜딩, MBTI,교육, 자녀교육, 공부법, 인성, 부모교육, 글쓰기,힐링, 행복, 자존감,취업, 진로, 직업관",https://www.hooh.kr/sub/teacher/next.asp?m_idx=36545
36558,권혜경,전) 성남시청 아나운서,"동기부여, 프로정신, 자기계발,소통, 커뮤니케이션, 스피치, 프레젠테이션,퍼스널브랜딩, 이미지메이킹, 호감, 스타일링",https://www.hooh.kr/sub/teacher/next.asp?m_idx=36558
36566,조성자,부동산 대표 공인중개사,"동기부여, 자기관리,경제, 자산관리, 부동산,사회/환경, 사회이슈",https://www.hooh.kr/sub/teacher/next.asp?m_idx=36566
36575,장현주,㈜씨앤에이애드넷 대표,"동기부여, 열정, 프로정신, 인생스토리, 도전, 성공, 자기관리, 삶의자세, 자기계발, 꿈, 비전,인문학,경영/조직, 리더십,소통, 커뮤니케이션, 관계, 스피치, 가족, 부부, 프레젠테이션,창의/마케팅, 상상력, 창의력, 광고,세일즈, 협상, 설득, 고객관리,힐링, 희망, 웃음, 행복,취업, 면접, 이력서(자소서), 진로, 직업관, 인생이모작",https://www.hooh.kr/sub/teacher/next.asp?m_idx=36575
36578,위선임,"프리랜서 작가, 강연가","동기부여, 열정, 인생스토리, 도전, 성공, 자기계발, 꿈, 비전,소통, 커뮤니케이션, 관계,건강, 스트레스, 심리, 정신,교육, 글쓰기,힐링, 희망, 행복, 워라벨, 마음, 자존감, 여행,취업, 진로, 직업관",https://www.hooh.kr/sub/teacher/next.asp?m_idx=36578
36595,조은하,에이픽스 대표,"동기부여, 자기계발,AI/미래, 트렌드, 디지털기술, IT, Ai(인공지능), DX, 빅데이터, 미래기술,경영/조직, 조직문화, 혁신, 경영전략, 변화,창의/마케팅, 광고, 마케팅, 콘텐츠",https://www.hooh.kr/sub/teacher/next.asp?m_idx=36595
36609,오행자,웃음치료 강사,"경영/조직, 리더십, 조직활성화,소통, 커뮤니케이션, 관계,힐링, 희망, 웃음, 행복, 유머",https://www.hooh.kr/sub/teacher/next.asp?m_idx=36609
36610,임종권,㈜바름브레인 대표,"경영/조직, 경영, 조직관리, 조직활성화, 경영전략, 위기관리,경제, 자산관리, 재무설계, 투자",https://www.hooh.kr/sub/teacher/next.asp?m_idx=36610
36617,서보경,"펀드매니저, 작가","AI/미래, 트렌드, 산업, 비즈니스,경영/조직, 리더십, 조직문화, 혁신, 경영전략,소통, 커뮤니케이션",https://www.hooh.kr/sub/teacher/next.asp?m_idx=36617
36619,백승호,자산관리사,"경제, 주식, 자산관리, 재무설계, 경제전망, 재테크, 투자, 노후, 세무/법률",https://www.hooh.kr/sub/teacher/next.asp?m_idx=36619
36627,김상운,동아일보 기자,"인문학, 역사, 문화, 한국사,사회/환경, 정치, 남북관계, 국제정세",https://www.hooh.kr/sub/teacher/next.asp?m_idx=36627
36633,김경곤,동국대학교 국제통상학과 교수​,"동기부여, 삶의자세, 마인드셋,AI/미래, 트렌드, Ai(인공지능), 비즈니스,경영/조직, 변화,경제, 자산관리, 경제전망, 투자,사회/환경, 국제정세, 사회이슈",https://www.hooh.kr/sub/teacher/next.asp?m_idx=36633
36634,조문교,세무법인 대표세무사,"경제, 금융, 자산관리, 노후, 세무/법률",https://www.hooh.kr/sub/teacher/next.asp?m_idx=36634
36635,정성목,㈜포인트업 대표,"동기부여, 성공, 자기계발, 마인드셋,경영/조직, 리더십, 혁신, 조직관리, 경영전략, 협력, 협업, 상생, 창업,경제, 재테크, 노후,취업, 직업관, 인생이모작",https://www.hooh.kr/sub/teacher/next.asp?m_idx=36635
36637,엄창호,작가 / 문학박사,"동기부여, 삶의자세, 마인드셋,인문학, 역사, 철학, 문화,힐링, 마음, 자존감,사회/환경, 사회이슈",https://www.hooh.kr/sub/teacher/next.asp?m_idx=36637
36638,이금호,짐홀릭 대표,"동기부여, 도전, 성공, 자기관리, 마인드셋,건강, 스트레스, 노후",https://www.hooh.kr/sub/teacher/next.asp?m_idx=36638
36641,송하영,"뭉클 대표, 피아니스트","인문학, 고전, 철학, 예술, 세계, 문학, 음악,힐링, 행복, 공연&강연",https://www.hooh.kr/sub/teacher/next.asp?m_idx=36641
36642,김준혁,연세대학교 치과대학 치의학교육학교실 조교수,"AI/미래, Ai(인공지능), 미래기술,인문학, 철학,건강, 의학, 심리,사회/환경, ESG, 사회이슈",https://www.hooh.kr/sub/teacher/next.asp?m_idx=36642
36643,유윤한,"과학 전문 작가, 번역가, 편집자","동기부여,인문학, 문학, 과학",https://www.hooh.kr/sub/teacher/next.asp?m_idx=36643
36645,양정훈,"한국존엄과사회연구소 이사, 작가","인문학,경영/조직, 조직문화, 혁신, 조직관리, 협력, 협업, 상생,소통, 커뮤니케이션, 관계,힐링, 여행,사회/환경",https://www.hooh.kr/sub/teacher/next.asp?m_idx=36645
36647,이동민,진주교육대학교 사회과교육과 교수,"인문학, 역사, 철학, 문화,사회/환경, ESG",https://www.hooh.kr/sub/teacher/next.asp?m_idx=36647
36650,차우진,"엔터문화연구소 대표, 음악평론가","AI/미래, 산업,경영/조직, 리더십, 경영전략,창의/마케팅, 창의력, 콘텐츠, SNS",https://www.hooh.kr/sub/teacher/next.asp?m_idx=36650
36652,노현재,정신건강의학과 전문의,"동기부여, 자기관리, 마인드셋,인문학, 뇌과학,소통, 관계,건강, 스트레스, 심리, 정신,힐링, 워라벨, 마음, 자존감",https://www.hooh.kr/sub/teacher/next.asp?m_idx=36652
36672,이혜진,잇셀프컴퍼니 공동대표,"동기부여, 자기관리, 삶의자세, 마인드셋,인문학, 철학,소통, 관계,건강, 스트레스, 심리,힐링, 희망, 워라벨, 마음, 자존감",https://www.hooh.kr/sub/teacher/next.asp?m_idx=36672
36687,김지호,"편집자, 작가, 언어치료사","동기부여, 자기계발,소통,교육, 자녀교육, 부모교육, 글쓰기",https://www.hooh.kr/sub/teacher/next.asp?m_idx=36687
36704,김태봉,아주대학교 경제학과 교수,"경제, 금융, 경제전망, 투자, 디지털자산,사회/환경, 국제정세, 사회이슈",https://www.hooh.kr/sub/teacher/next.asp?m_idx=36704
36709,한창훈,피터의 커뮤니케이션 대표,"경영/조직, 리더십, 조직문화, 조직관리, 협력, 협업, 상생,소통, 프레젠테이션,설득",https://www.hooh.kr/sub/teacher/next.asp?m_idx=36709
36710,강희종,아시아경제 산업IT부 부장,"AI/미래, 트렌드, 미래기술, 산업, 융합,경영/조직, 혁신, 경영전략, 변화,경제, 경제전망, 투자,사회/환경, ESG, 사회이슈",https://www.hooh.kr/sub/teacher/next.asp?m_idx=36710
36711,나현종,"한양대학교 경영대학원 교수, 신한자산운용 사외이사","AI/미래, 트렌드, Ai(인공지능), DX, 미래기술, 핀테크,인문학,리더십, 혁신, 경영전략,경제, 금융, 투자, 디지털자산",https://www.hooh.kr/sub/teacher/next.asp?m_idx=36711
36712,오세현,KG ICT 정보보호 컨설팅 담당자,"AI/미래, 디지털기술, Ai(인공지능), 정보보안",https://www.hooh.kr/sub/teacher/next.asp?m_idx=36712
36718,강한결,한결다온교육연구소 대표,"동기부여,경영/조직, 리더십, 조직문화, 조직활성화,소통, 커뮤니케이션,힐링, 실습&체험",https://www.hooh.kr/sub/teacher/next.asp?m_idx=36718
36720,이다인,그리다_인 교육컨설팅 대표,"동기부여, 자기계발,경영/조직, 리더십, 조직문화,소통, 커뮤니케이션",https://www.hooh.kr/sub/teacher/next.asp?m_idx=36720
36725,안정기,전) 서울시 공무원,"동기부여, 도전, 성공, 자기계발,경제, 금융, 자산관리, 재무설계, 부동산, 재테크, 경매, 노후,힐링, 행복, 워라벨",https://www.hooh.kr/sub/teacher/next.asp?m_idx=36725
36729,박종대,메리츠증권 리서치센터 생활소비재 업종 담당 애널리스트,"AI/미래, 트렌드, 산업, 비즈니스,경영/조직, 혁신, 경영전략,경제,퍼스널브랜딩, 이미지메이킹, 뷰티, 패션,세일즈, 유통, 판매, 고객관리,사회/환경, 국제정세, 사회이슈",https://www.hooh.kr/sub/teacher/next.asp?m_idx=36729
36731,이초아,"더미니멀 대표, 재테크 전문가","동기부여, 자기관리, 삶의자세, 마인드셋,경제, 자산관리, 재무설계, 재테크, 세무/법률,퍼스널브랜딩, 정리수납",https://www.hooh.kr/sub/teacher/next.asp?m_idx=36731
36750,이강,"도시양봉 봉봉봉 대표, 목사","동기부여, 삶의자세, 마인드셋,인문학, 문화, 과학,힐링, 희망, 종교, 마음, 나눔, 봉사,사회/환경, ESG, 사회이슈",https://www.hooh.kr/sub/teacher/next.asp?m_idx=36750
36766,오은,시인,"삶의자세, 자기계발, 마인드셋,인문학, 고전, 철학, 문학, 시,독서법, 글쓰기,힐링, 행복, 마음, 자존감",https://www.hooh.kr/sub/teacher/next.asp?m_idx=36766
36786,김정미,㈜한국알티센터 대표,"소통, 커뮤니케이션, 관계,교육, 자녀교육, 육아, 인성, 부모교육",https://www.hooh.kr/sub/teacher/next.asp?m_idx=36786
36788,임가은,"초등 특수교사, 경기도교육청 특수교육 에듀테크 마스터 교원","교육, 자녀교육, 공부법, 육아, 부모교육",https://www.hooh.kr/sub/teacher/next.asp?m_idx=36788
36791,김지원,초등 문해력 전문강사,"교육, 자녀교육, 공부법, 독서법, 글쓰기",https://www.hooh.kr/sub/teacher/next.asp?m_idx=36791
36792,김다정,책나무 독서교육기관 독서강사,"소통,교육, 자녀교육, 독서법, 인성, 부모교육",https://www.hooh.kr/sub/teacher/next.asp?m_idx=36792
36798,윤인진,고려대학교 사회학과  교수,"인문학, 역사, 문화,소통, 관계,사회/환경, 정치, 국제정세, 사회이슈",https://www.hooh.kr/sub/teacher/next.asp?m_idx=36798
36826,김용영,매일경제신문 엠블록 CSO,"AI/미래, 디지털기술, 미래기술, 블록체인,경제, 재테크, 투자",https://www.hooh.kr/sub/teacher/next.asp?m_idx=36826
36833,김호남(호남두),"참바디 대표, 전) 프로 축구선수","동기부여, 열정, 프로정신, 도전, 성공, 자기관리, 삶의자세, 자기계발,건강, 스트레스, 심리",https://www.hooh.kr/sub/teacher/next.asp?m_idx=36833
36837,전시진,"시리얼(SIREAL) 컨설팅 대표 , Notion Certified Consultant","동기부여, 자기계발,AI/미래, 트렌드, 디지털기술, IT, Ai(인공지능), DX, 미래기술,경영/조직, 혁신, 조직관리, 목표관리, 경영전략",https://www.hooh.kr/sub/teacher/next.asp?m_idx=36837
36839,김지희(롱제이),캡컷 크리에이터,"동기부여, 인생스토리, 도전, 성공, 꿈,퍼스널브랜딩,창의/마케팅, 창의력, 콘텐츠, SNS",https://www.hooh.kr/sub/teacher/next.asp?m_idx=36839
36882,강승구,(사)서울국제문화예술협회 부회장,"경영/조직, 혁신, 경영전략, 변화,소통, 커뮤니케이션, 관계,퍼스널브랜딩, 이미지메이킹,창의/마케팅, 창의력, 광고, 마케팅, 콘텐츠",https://www.hooh.kr/sub/teacher/next.asp?m_idx=36882
36887,김민영,컬러힐컴퍼니 대표,"인문학, 예술,경영/조직, 조직문화, 조직관리,소통, 커뮤니케이션,힐링, 마음",https://www.hooh.kr/sub/teacher/next.asp?m_idx=36887
36893,최진우,서울환경연합 생태도시전문위원,"사회/환경, ESG, 사회이슈",https://www.hooh.kr/sub/teacher/next.asp?m_idx=36893
36897,조창훈,"비욘드브레인(Beyond Brain) 대표, 문해력 교육 전문가","동기부여, 자기계발, 마인드셋,교육, 자녀교육, 독서법, 부모교육",https://www.hooh.kr/sub/teacher/next.asp?m_idx=36897
36902,이혜성,방송인,"동기부여, 자기계발, 마인드셋,소통, 커뮤니케이션, 스피치,교육, 공부법, 독서법",https://www.hooh.kr/sub/teacher/next.asp?m_idx=36902
36913,권태혁,HS오퍼레이션  대표,"동기부여, 성공,AI/미래, 비즈니스,경영/조직, 혁신, 조직관리, 목표관리, 조직활성화, 경영전략, 창업,창의/마케팅, 콘텐츠,세일즈, 판매, 고객관리",https://www.hooh.kr/sub/teacher/next.asp?m_idx=36913
36940,김대종,세종대학교 경영학과 교수,"경영/조직, 경영전략,경제, 주식, 경제전망, 부동산, 재테크, 투자",https://www.hooh.kr/sub/teacher/next.asp?m_idx=36940
36942,정미선,NMK 한국 창작음악 코디네이터,"동기부여, 열정, 인생스토리, 도전, 자기계발, 꿈,인문학, 예술, 문화, 영화, 음악,경영/조직, 리더십, 조직문화, 혁신, 조직관리, 변화, 창업,소통, 커뮤니케이션, 관계, 스피치, 가족, 부부, 프레젠테이션,교육, 자녀교육, 육아, 여성학, 인성, 부모교육,창의/마케팅, 상상력, 창의력, 콘텐츠,설득,힐링, 희망, 행복, 마음, 나눔,취업, 진로, 직업관",https://www.hooh.kr/sub/teacher/next.asp?m_idx=36942
36950,한노석,"창의력공장연구회 회장, ㈜팩토리업 대표이사","동기부여, 자기계발, 꿈, 마인드셋,인문학, 철학, 문화,소통, 커뮤니케이션,교육, 자녀교육,창의/마케팅, 상상력, 창의력,힐링, 자존감,취업, 진로, 직업관",https://www.hooh.kr/sub/teacher/next.asp?m_idx=36950
36970,이노아,기업 웰니스 코치,"동기부여, 자기관리,경영/조직, 조직활성화,건강, 스트레스,힐링, 실습&체험",https://www.hooh.kr/sub/teacher/next.asp?m_idx=36970
36999,유인호,대기업 소속 Data Scientist,"AI/미래, 트렌드, 디지털기술, IT, Ai(인공지능), DX, 빅데이터, 미래기술, 비즈니스,경영/조직, 경영전략, 변화,창의/마케팅, 창의력, 마케팅,취업, 면접, 이력서(자소서), 진로",https://www.hooh.kr/sub/teacher/next.asp?m_idx=36999
37064,왕정인,가천대학교 언어치료학 및 성악과 초빙교수/ 한국공연예술발성연구재단 간행이사/ 예송이비인후과 음성센터 발성치료사,"동기부여, 프로정신, 도전, 자기관리, 자기계발, 비전,인문학, 예술, 음악,경영/조직, 리더십, 조직문화, 변화,소통, 커뮤니케이션, 관계, 스피치, 프레젠테이션,퍼스널브랜딩, 이미지메이킹, 호감,건강, 심리, 정신,세일즈, 설득,힐링, 희망, 웃음, 행복, 워라벨, 실습&체험,취업, 면접, 직업관",https://www.hooh.kr/sub/teacher/next.asp?m_idx=37064
37092,정우돈,"다인안전산업 대표, 기능한국인","동기부여, 인생스토리, 도전, 성공, 자기관리, 삶의자세, 자기계발,경영/조직, 혁신, 경영전략,힐링, 행복,취업, 진로, 직업관, 인생이모작",https://www.hooh.kr/sub/teacher/next.asp?m_idx=37092
37130,윤덕환,"M2 Trend Labs / 트렌드연구소, 대세와 틈세 소장","AI/미래, 트렌드, Ai(인공지능), 빅데이터,경영/조직, 리더십, 조직문화, 혁신, 경영전략,교육, 독서법,창의/마케팅, 마케팅, 콘텐츠,사회/환경, 사회이슈",https://www.hooh.kr/sub/teacher/next.asp?m_idx=37130
37136,최효안,"디아젠다랩 대표, 한국경제 칼럼니스트","동기부여, 프로정신, 인생스토리, 자기관리, 삶의자세, 꿈, 마인드셋,인문학, 철학, 문화,경영/조직, 경영, 리더십, 조직문화, 조직관리, 경영전략, CEO, 변화, 위기관리,부동산,소통, 커뮤니케이션, 스피치,창의/마케팅, 마케팅, 콘텐츠,세일즈, 협상, 설득,사회/환경, 사회이슈",https://www.hooh.kr/sub/teacher/next.asp?m_idx=37136
37141,김지홍,자비스앤빌런즈 전략투자 리드,"동기부여, 도전, 성공, 자기관리, 자기계발,경영/조직, 경영, 리더십, 혁신, 조직관리, 경영전략,경제, 투자,소통, 커뮤니케이션, 관계,힐링, 실습&체험",https://www.hooh.kr/sub/teacher/next.asp?m_idx=37141
37142,임성춘,라임스 대표,"AI/미래, 트렌드, 디지털기술, IT, Ai(인공지능), DX, 빅데이터, 사물통신, 로봇, 정보보안, 비즈니스,혁신, 경영전략, 변화,부부,자녀교육, 부모교육, 법정의무교육,마케팅, 콘텐츠, SNS,행복,취업, 면접, 이력서(자소서), 진로",https://www.hooh.kr/sub/teacher/next.asp?m_idx=37142
37155,박제광,"역사학자, 큐레이터","동기부여, 도전, 삶의자세,인문학, 역사, 고전, 철학, 미술, 예술, 문화, 한국사, 과학,경영/조직, 리더십, 혁신, 경영전략, 변화, 위기관리,사회/환경, 남북관계, 분단, 국제정세",https://www.hooh.kr/sub/teacher/next.asp?m_idx=37155
37169,서종현,가치경제진흥원 원장,"동기부여, 열정, 도전, 성공, 자기계발, 마인드셋,AI/미래, 트렌드, IT, DX, 비즈니스, 융합,경영/조직, 경영, 리더십, 조직문화, 혁신, 조직관리, 목표관리, 조직활성화, 경영전략, 변화, 위기관리, 협력, 협업, 상생, 창업, 스타트업,소통, 커뮤니케이션, 관계, 프레젠테이션,퍼스널브랜딩, CS,교육,창의/마케팅, 상상력, 창의력, 광고, 마케팅, 콘텐츠,세일즈, 협상, 설득, 유통, 판매, 고객관리,사회/환경, ESG, 사회이슈,취업, 면접, 이력서(자소서), 직업관, 인생이모작",https://www.hooh.kr/sub/teacher/next.asp?m_idx=37169
37193,최정현,커니즈 에듀케이션 대표강사,"인문학,힐링, 행복, 마음, 실습&체험",https://www.hooh.kr/sub/teacher/next.asp?m_idx=37193
37242,김태용,히치하이커뮤직 제작팀장,"동기부여, 자기계발, 마인드셋,AI/미래, 트렌드, 디지털기술, IT, Ai(인공지능), 미래기술, 융합,인문학, 예술, 문화, 음악,창의/마케팅, 상상력, 창의력, 콘텐츠",https://www.hooh.kr/sub/teacher/next.asp?m_idx=37242
37251,홍정윤,건국대학교 인권센터 상담전문교수,"동기부여, 자기관리,인문학, 뇌과학,경영/조직, 리더십, 조직문화, 조직관리, 위기관리,건강, 스트레스, 심리, 정신,교육, 성교육, 인성,힐링, 마음, 자존감,사회/환경, 사회이슈",https://www.hooh.kr/sub/teacher/next.asp?m_idx=37251
37262,한지훈,"엠브릿지(THE ULTRA-INSIGHT) 원장, 작가","동기부여, 열정, 도전, 자기관리, 삶의자세, 자기계발, 마인드셋,인문학, 고전, 철학,경영/조직, 리더십, 조직관리,소통, 커뮤니케이션, 관계, 가족,비만,교육, 자녀교육, 공부법, 부모교육,힐링, 희망, 마음, 자존감",https://www.hooh.kr/sub/teacher/next.asp?m_idx=37262
37280,이경희,패션 콘텐츠 크리에이터,"동기부여, 인생스토리, 도전, 자기관리, 삶의자세, 마인드셋,퍼스널브랜딩, 이미지메이킹, 패션, 호감, 스타일링,힐링, 행복, 자존감",https://www.hooh.kr/sub/teacher/next.asp?m_idx=37280
37284,목경숙,더뷸라 대표,"경영/조직, 경영전략,창의/마케팅, 마케팅, 디자인,세일즈, 유통, 판매",https://www.hooh.kr/sub/teacher/next.asp?m_idx=37284
37290,김영미,산악인,"동기부여, 열정, 프로정신, 인생스토리, 도전, 성공,인문학,경영/조직, 리더십, 조직문화, 협력, 협업, 상생,소통, 관계,힐링, 희망, 마음, 자존감",https://www.hooh.kr/sub/teacher/next.asp?m_idx=37290
37307,황정용,동서대학교 경찰학과 교수,"동기부여, 인생스토리, 삶의자세, 마인드셋,인문학,경영/조직, 리더십, 위기관리,건강, 심리, 정신,사회/환경, 사회이슈",https://www.hooh.kr/sub/teacher/next.asp?m_idx=37307
37309,조영진,JT Makers 대표,"AI/미래, 트렌드, 디지털기술, Ai(인공지능), 미래기술,소통, 프레젠테이션,창의/마케팅, 광고, 마케팅, 콘텐츠, SNS",https://www.hooh.kr/sub/teacher/next.asp?m_idx=37309
37310,심혜린,보이스앤마인드 대표,"경영/조직, 리더십, 조직문화, 조직관리, 협력, 협업, 상생,소통, 커뮤니케이션, 관계, 스피치, 프레젠테이션,힐링, 마음, 자존감",https://www.hooh.kr/sub/teacher/next.asp?m_idx=37310
37311,신동선,크랩아카데미(경기도립노인전문용인병원) 원장,"동기부여, 자기관리, 자기계발, 마인드셋,인문학, 뇌과학,건강, 의학, 정신,교육, 자녀교육, 공부법, 독서법,창의/마케팅, 창의력,힐링, 마음",https://www.hooh.kr/sub/teacher/next.asp?m_idx=37311
37312,이기춘,다시봄심리진로상담센터 대표,"동기부여, 삶의자세, 꿈, 마인드셋,인문학,소통, 관계, 가족, 부부,힐링, 희망, 행복, 마음, 자존감,취업, 진로",https://www.hooh.kr/sub/teacher/next.asp?m_idx=37312
37323,정승규,신라약국 대표약사,"인문학, 역사, 문화, 과학, 뇌과학,건강, 비만, 의학, 심리,사회/환경, 국제정세, 사회이슈",https://www.hooh.kr/sub/teacher/next.asp?m_idx=37323
37325,심상보,"피리엔콤마 대표, 건국대학교 겸임교수, SFI 전략기획실장","인문학, 역사, 철학, 예술, 문화,퍼스널브랜딩, 이미지메이킹, 패션, 스타일링,창의/마케팅, 창의력, 디자인,사회/환경, ESG, 사회이슈",https://www.hooh.kr/sub/teacher/next.asp?m_idx=37325
37353,심현주,"인하대학교 대학원 인터랙티브 콘텐츠 전공 초빙교수,  인터랙티브콘텐츠 & 인지 기호학 LAB","AI/미래, 트렌드, 디지털기술, 미래기술, 비즈니스,인문학, 철학, 미술, 예술, 문화,창의/마케팅, 창의력, 마케팅, 콘텐츠",https://www.hooh.kr/sub/teacher/next.asp?m_idx=37353
37368,이화진,꿈몰다 대표,"동기부여, 도전, 자기관리, 자기계발, 꿈, 마인드셋,경영/조직, 리더십, 조직문화, 조직관리, 조직활성화, 협력, 협업, 상생,소통, 커뮤니케이션, 스피치, 프레젠테이션,힐링, 자존감, 실습&체험",https://www.hooh.kr/sub/teacher/next.asp?m_idx=37368
37400,피채희,피채희 퍼스널브랜딩 연구소 대표,"동기부여, 자기관리, 마인드셋,경영/조직, 리더십, 조직문화, 경영전략, 변화,소통, 커뮤니케이션, 관계, 프레젠테이션,퍼스널브랜딩, 이미지메이킹, 호감, 스타일링",https://www.hooh.kr/sub/teacher/next.asp?m_idx=37400
37438,지인,퍼포먼스 웰니스 전문가,"동기부여, 자기관리, 삶의자세,건강, 스트레스, 비만, 정신, 운동,인성,힐링, 웃음, 행복, 마음, 자존감, 실습&체험",https://www.hooh.kr/sub/teacher/next.asp?m_idx=37438
37441,정수민,"필라테스더랩 목동점, 서울컨템포러리필라테스협회 대표","동기부여, 자기관리, 자기계발,건강, 스트레스, 비만, 노후, 운동,힐링, 행복, 마음, 자존감, 실습&체험",https://www.hooh.kr/sub/teacher/next.asp?m_idx=37441
37474,최세민,원광대학교 사범대학 중등특수교육과 명예교수,"동기부여, 인생스토리,인문학, 철학, 문화,소통, 커뮤니케이션, 관계, 가족,교육, 부모교육,힐링, 희망, 행복, 마음, 나눔, 봉사, 자존감,취업, 이력서(자소서), 진로",https://www.hooh.kr/sub/teacher/next.asp?m_idx=37474
37477,이정화,아프리카 지역학 박사,"동기부여, 삶의자세,인문학, 역사, 철학, 세계, 문화,힐링, 행복, 마음, 자존감, 여행,사회/환경, 국제정세, 사회이슈",https://www.hooh.kr/sub/teacher/next.asp?m_idx=37477
37497,허정문,그로인 상담센터 대표,"동기부여, 삶의자세, 자기계발, 비전,소통, 커뮤니케이션, 관계,퍼스널브랜딩, 이미지메이킹, MBTI,건강, 스트레스, 심리, 정신,힐링, 행복, 마음, 자존감, 실습&체험",https://www.hooh.kr/sub/teacher/next.asp?m_idx=37497
37518,이은영,EY Speech & Communication 대표,"동기부여, 자기계발,경영/조직, 조직문화,소통, 커뮤니케이션, 관계, 스피치, 프레젠테이션,퍼스널브랜딩, 이미지메이킹, 호감,건강, 스트레스, 심리,취업, 면접",https://www.hooh.kr/sub/teacher/next.asp?m_idx=37518
37560,채수한,J4Studio 대표코치,"동기부여, 자기관리, 자기계발,경영/조직, 조직문화, 위기관리,건강, 스트레스, 비만, 노후, 운동,힐링, 마음, 실습&체험",https://www.hooh.kr/sub/teacher/next.asp?m_idx=37560
38750,이성희,인더비기닝 재활운동센터 서울본점,"동기부여, 자기관리, 자기계발,인문학, 뇌과학,건강, 스트레스, 의학, 노후, 심리, 정신, 운동,힐링, 행복, 마음, 자존감, 실습&체험",https://www.hooh.kr/sub/teacher/next.asp?m_idx=38750
38788,정혜원,"동화작가, 아동문학평론가","인문학, 철학, 문학,교육, 자녀교육, 독서법, 인성, 부모교육, 글쓰기,힐링, 행복, 마음, 자존감, 실습&체험",https://www.hooh.kr/sub/teacher/next.asp?m_idx=38788
38807,김성동,미국 주식·ETF 투자 전문가,"동기부여, 자기계발, 마인드셋,경제, 주식, 자산관리, 재무설계, 재테크, 투자, 노후",https://www.hooh.kr/sub/teacher/next.asp?m_idx=38807
38826,김선민,KSM 교육설계 컨설팅 그룹 대표,"인문학, 철학, 문학, 시,교육, 자녀교육, 공부법, 독서법, 인성, 부모교육, 글쓰기,힐링, 행복, 자존감",https://www.hooh.kr/sub/teacher/next.asp?m_idx=38826
38828,이응준,"㈜깨끗한세상 대표이사, 한국청소전문학원 원장","동기부여, 프로정신, 인생스토리, 도전, 꿈, 비전,경영/조직, 혁신, 목표관리, CEO, 변화, 위기관리,퍼스널브랜딩, 이미지메이킹, 정리수납,건강, 스트레스, 심리, 정신,사회/환경, ESG,취업, 진로, 직업관, 인생이모작",https://www.hooh.kr/sub/teacher/next.asp?m_idx=38828
38858,정우영,한국해양과학기술원 선임기술원,"동기부여, 자기계발, 꿈, 비전,AI/미래, 디지털기술, IT, 미래기술, 사물인터넷, 로봇,교육, 자녀교육, 공부법,취업, 면접, 이력서(자소서), 진로, 직업관",https://www.hooh.kr/sub/teacher/next.asp?m_idx=38858
38859,김지현,한국딥러닝 대표이사,"동기부여, 인생스토리, 도전, 성공, 마인드셋,AI/미래, 트렌드, 디지털기술, Ai(인공지능), DX, 미래기술, 비즈니스,경영/조직, 경영, 리더십, 혁신, 목표관리, 경영전략, CEO, 변화, 창업, 스타트업,창의/마케팅, 창의력",https://www.hooh.kr/sub/teacher/next.asp?m_idx=38859
38881,남영호,탐험가 & 사진작가,"동기부여, 열정, 프로정신, 인생스토리, 도전, 삶의자세, 자기계발, 꿈,경영/조직, 리더십, 목표관리, 협력, 협업, 상생,힐링, 희망, 마음, 자존감, 여행",https://www.hooh.kr/sub/teacher/next.asp?m_idx=38881
38893,김효겸,전문강사,"동기부여, 도전, 성공, 비전,경영/조직, 경영, 리더십, 혁신, 조직관리, 경영전략, 창업,창의/마케팅, 창의력, 마케팅, 콘텐츠,사회/환경, ESG",https://www.hooh.kr/sub/teacher/next.asp?m_idx=38893
38900,윤승규,디테일컨설팅 대표,"AI/미래, 트렌드, 디지털기술, Ai(인공지능), 비즈니스,경영/조직, 경영전략, 창업,소통, 스피치, 프레젠테이션,취업, 면접, 이력서(자소서), 진로, 직업관",https://www.hooh.kr/sub/teacher/next.asp?m_idx=38900
38916,정보석,지식정보네트워크 SNS마케팅 대표 & AI&디지털크리에이터협회 강사,"자기계발,AI/미래, 디지털기술, IT, Ai(인공지능), 비즈니스,창의/마케팅, 창의력, 마케팅, 콘텐츠, SNS",https://www.hooh.kr/sub/teacher/next.asp?m_idx=38916
38922,류청산,경인교육대학교 교수,"동기부여, 자기계발, 마인드셋,인문학, 철학, 문화,경영/조직, 리더십, 혁신, 조직관리, 경영전략, 변화, 위기관리, 협력, 협업, 상생,소통, 커뮤니케이션, 관계,교육, 자녀교육, 인성, 부모교육,힐링, 자존감, 실습&체험",https://www.hooh.kr/sub/teacher/next.asp?m_idx=38922
38956,윤현희,에파피니 심리예술 연구소 대표,"인문학, 미술, 예술, 뇌과학,건강, 스트레스, 심리,자녀교육, 부모교육,힐링, 희망, 행복, 마음",https://www.hooh.kr/sub/teacher/next.asp?m_idx=38956
38959,김희태,"㈜큐브메디컬 대표이사 및 국제난치병협회 회장, 미래국정포럼 바이오 교수","AI/미래, 트렌드, 미래기술, 융합,건강, 스트레스, 의학, 노후",https://www.hooh.kr/sub/teacher/next.asp?m_idx=38959
38967,전근룡,세계 인문학 연구원 대표 교수,"인문학, 역사, 고전, 철학, 세계, 문화, 한국사,경영/조직, 경영, 리더십, 조직문화, 혁신, 조직관리, 목표관리, 조직활성화, 경영전략, 변화, 위기관리,소통, 커뮤니케이션, 관계",https://www.hooh.kr/sub/teacher/next.asp?m_idx=38967
38973,서성구,"작가, 크리에이터","동기부여, 열정, 인생스토리, 도전, 성공, 삶의자세, 마인드셋,교육, 공부법,창의/마케팅, 콘텐츠, SNS,힐링, 희망, 자존감, 여행,취업, 진로, 직업관",https://www.hooh.kr/sub/teacher/next.asp?m_idx=38973
38997,이정주,양정실업 대표,"건강, 스트레스, 비만, 노후, 운동,힐링, 행복, 마음, 자존감, 실습&체험",https://www.hooh.kr/sub/teacher/next.asp?m_idx=38997
38998,안성진,미라클에듀 대표,"동기부여, 자기관리, 자기계발,경영/조직, 경영, 리더십, 조직문화, 목표관리, 경영전략, 변화, 협력, 협업, 상생,소통, 커뮤니케이션, 관계,힐링, 실습&체험",https://www.hooh.kr/sub/teacher/next.asp?m_idx=38998
39017,서진희,한국기술교육대학교 상담진로개발센터 상담사 & 라온 진로심리상담센터,"소통, 관계, 가족,건강, 스트레스,교육, 자녀교육, 인성,힐링, 행복, 마음, 자존감,취업, 진로, 직업관",https://www.hooh.kr/sub/teacher/next.asp?m_idx=39017
39022,김지호,아이스토리 대표,"AI/미래, 트렌드, 융합,퍼스널브랜딩, 정리수납,교육, 부모교육,창의/마케팅, 창의력, 디자인",https://www.hooh.kr/sub/teacher/next.asp?m_idx=39022
39723,오풍연,한국교직원공제회 회원사업이사,"동기부여, 열정, 프로정신, 인생스토리, 도전, 성공, 자기관리, 삶의자세, 자기계발, 꿈, 비전, 마인드셋,경영/조직, 리더십, 혁신,힐링, 행복, 자존감",https://www.hooh.kr/sub/teacher/next.asp?m_idx=39723
39734,윤주희,㈜공간치유 대표,"동기부여, 자기관리, 삶의자세, 마인드셋,퍼스널브랜딩, 정리수납,힐링, 희망, 행복, 마음, 자존감, 실습&체험",https://www.hooh.kr/sub/teacher/next.asp?m_idx=39734
40455,이재원,㈜패스트레인 CFO(Chief Financial Officer),"경영/조직, 경영, 리더십, 경영전략, CEO, 위기관리, 스타트업,경제, 금융, 주식, 재무설계, 투자,소통, 커뮤니케이션",https://www.hooh.kr/sub/teacher/next.asp?m_idx=40455
40457,이주현,파고다 강남 비즈니스영어 대표강사,"동기부여, 인생스토리, 도전, 자기관리, 자기계발,소통, 커뮤니케이션, 스피치, 프레젠테이션,이미지메이킹,교육, 자녀교육, 공부법,세일즈, 협상, 설득,취업, 면접",https://www.hooh.kr/sub/teacher/next.asp?m_idx=40457
40460,김재훈,비다발롱 통번역회사 대표이사,"동기부여, 인생스토리, 도전, 성공, 꿈, 비전, 마인드셋,경영/조직, 위기관리, 창업, 스타트업,힐링, 행복, 자존감",https://www.hooh.kr/sub/teacher/next.asp?m_idx=40460
40473,강민영,㈜베리굿정리컨설팅 정리교육 부분 이사,"동기부여, 자기관리, 삶의자세,인문학,경영/조직, 목표관리, 변화,소통, 관계,퍼스널브랜딩, 정리수납,힐링, 행복,사회/환경, ESG",https://www.hooh.kr/sub/teacher/next.asp?m_idx=40473
40474,양경미,비지니스솔루션 대표,"경영/조직, 리더십, 조직문화,소통, 커뮤니케이션, 관계,교육, 인성, 부모교육, 법정의무교육,취업, 면접, 이력서(자소서), 진로, 직업관",https://www.hooh.kr/sub/teacher/next.asp?m_idx=40474
40518,고제윤,도서출판 새한글 대표,"동기부여, 삶의자세, 꿈, 비전, 마인드셋,인문학, 철학, 예술,퍼스널브랜딩, 이미지메이킹,교육, 인성, 글쓰기,힐링, 희망, 유머, 실습&체험",https://www.hooh.kr/sub/teacher/next.asp?m_idx=40518
40540,최주희,초등학교 교사,"소통, 관계, 가족,건강, 심리,교육, 자녀교육, 인성, 부모교육,힐링, 마음",https://www.hooh.kr/sub/teacher/next.asp?m_idx=40540
40542,임하나,"피아니스트, 클래식해설가 & 국립순천대학교 외래교수","인문학, 철학, 예술, 음악,경영/조직, 리더십, 조직문화, 변화, 협력, 협업, 상생,힐링, 행복, 마음, 자존감, 공연&강연",https://www.hooh.kr/sub/teacher/next.asp?m_idx=40542
40545,박찬종,아시아케틀벨연맹 마스터트레이너 & 크레오디교육연구소 소속 강사,"동기부여, 자기관리,건강, 스트레스, 비만, 식이요법, 정신, 운동,힐링, 행복, 워라벨, 자존감, 실습&체험",https://www.hooh.kr/sub/teacher/next.asp?m_idx=40545
40563,유응준,Joon AI Consulting 대표,"동기부여, 열정, 프로정신, 도전, 성공, 자기계발, 꿈, 비전,AI/미래, 트렌드, IT, Ai(인공지능), DX, 미래기술, 로봇, 정보보안, 비즈니스, 융합,경영/조직, 경영, 리더십, 조직문화, 혁신",https://www.hooh.kr/sub/teacher/next.asp?m_idx=40563
40594,김정욱,다큐멘터리 촬영감독,"동기부여, 인생스토리, 도전, 삶의자세,AI/미래, 트렌드, 디지털기술, Ai(인공지능), 미래기술,인문학, 철학, 예술, 영화,창의/마케팅, 창의력, 콘텐츠,힐링, 행복",https://www.hooh.kr/sub/teacher/next.asp?m_idx=40594
40619,유채우,신유스튜디오 대표,"동기부여, 성공, 자기계발, 마인드셋,경영/조직, 창업, 스타트업,소통, 커뮤니케이션,창의/마케팅, 창의력, 광고, 마케팅, 콘텐츠, SNS,취업, 진로",https://www.hooh.kr/sub/teacher/next.asp?m_idx=40619
40626,조민정,뮤클 학습·감정코칭 센터 대표,"교육, 자녀교육, 공부법, 인성, 부모교육,힐링, 행복, 마음, 자존감",https://www.hooh.kr/sub/teacher/next.asp?m_idx=40626
40652,김은용,"중앙대학교 첨단광고PR대학원 외래교수/前 KPR, 제일기획,이노션","AI/미래, 트렌드, 디지털기술, 빅데이터,경영/조직, 리더십, 조직문화, 혁신, 변화, 위기관리,소통, 커뮤니케이션,창의/마케팅, 광고, 마케팅, 콘텐츠, SNS,사회/환경, ESG, 사회이슈",https://www.hooh.kr/sub/teacher/next.asp?m_idx=40652
40662,최소양,가온 건강심리연구소 대표,"건강, 스트레스, 심리, 정신,힐링, 마음, 자존감",https://www.hooh.kr/sub/teacher/next.asp?m_idx=40662
40690,신현진,건국대학교 신경안과 교수,"건강, 의학, 노후",https://www.hooh.kr/sub/teacher/next.asp?m_idx=40690
40695,정유석,단국대학교 의과대학 가정의학과 교수,"건강, 스트레스, 의학",https://www.hooh.kr/sub/teacher/next.asp?m_idx=40695
40704,윤승현,아주대학교 의과대학 재활의학교실 교수,"건강, 비만, 노후, 운동",https://www.hooh.kr/sub/teacher/next.asp?m_idx=40704
40713,김학조,하우림한의원 대표원장,"동기부여, 자기관리, 자기계발,건강, 스트레스, 의학, 노후, 한의학, 운동",https://www.hooh.kr/sub/teacher/next.asp?m_idx=40713
40719,박건수,서울대 AI연구원 물류AI 선도혁신센터장,"AI/미래, 디지털기술, Ai(인공지능), DX, 빅데이터, 미래기술, 로봇, 산업, 비즈니스,경영/조직, 혁신, 경영전략, 변화, 위기관리, 협력, 협업, 상생",https://www.hooh.kr/sub/teacher/next.asp?m_idx=40719
40722,신희영,프리랜서 아나운서 & 스피치 전문 강사,"동기부여, 자기계발,소통, 커뮤니케이션, 관계, 스피치, 프레젠테이션,퍼스널브랜딩, 이미지메이킹, 호감, 스타일링,힐링, 마음, 자존감",https://www.hooh.kr/sub/teacher/next.asp?m_idx=40722
40723,박수연,변호사,"경제, 세무/법률,소통, 커뮤니케이션, 관계, 스피치,사회/환경, 사회이슈",https://www.hooh.kr/sub/teacher/next.asp?m_idx=40723
40728,정현호,한국채권관리연구소 소장,"경영/조직, 위기관리,경제, 세무/법률",https://www.hooh.kr/sub/teacher/next.asp?m_idx=40728
40736,최동일,명지대학교 기계공학과 교수,"AI/미래, 트렌드, IT, Ai(인공지능), DX, 미래기술, 로봇, 산업, 비즈니스,인문학, 철학, 과학,경영/조직, 혁신,취업, 진로, 직업관",https://www.hooh.kr/sub/teacher/next.asp?m_idx=40736
40739,김승범,㈜긱스로프트 CSO,"인문학, 역사, 고전, 철학,경영/조직, 리더십, 혁신, 경영전략, 위기관리, 협력, 협업, 상생,창의/마케팅, 창의력, 마케팅,세일즈, 협상, 설득",https://www.hooh.kr/sub/teacher/next.asp?m_idx=40739
40740,박한슬,메디컬 라이터(Medical Writer)소속 약사,"노후,사회/환경, 사회이슈",https://www.hooh.kr/sub/teacher/next.asp?m_idx=40740
40742,박상빈,배다리 술도가 대표,"동기부여, 프로정신, 인생스토리, 삶의자세,인문학, 역사, 문화,경영/조직, 창업,힐링, 행복",https://www.hooh.kr/sub/teacher/next.asp?m_idx=40742
40743,정의훈,유진투자증권 리서치센터 선임연구원(애널리스트),"AI/미래, 트렌드, 미래기술, 산업, 비즈니스, 우주",https://www.hooh.kr/sub/teacher/next.asp?m_idx=40743
40752,박종성,LG CNS AI 컨설팅 조직 리더,"AI/미래, 트렌드, 디지털기술, Ai(인공지능), DX, 미래기술, 비즈니스,경영/조직, 리더십, 혁신, 경영전략, 변화, 위기관리",https://www.hooh.kr/sub/teacher/next.asp?m_idx=40752
40759,안병식,제주국제트레일러닝대회/Trans Jeju 국제트레일러닝 대회  레이스 디렉터,"동기부여, 열정, 도전, 꿈, 비전, 마인드셋,건강, 스트레스,힐링, 희망, 행복, 마음, 자존감, 여행, 실습&체험",https://www.hooh.kr/sub/teacher/next.asp?m_idx=40759
40844,오수화,와이 커뮤니케이션 대표,"AI/미래, 트렌드, 디지털기술, Ai(인공지능),리더십,소통, 커뮤니케이션, 스피치, 프레젠테이션,퍼스널브랜딩, 이미지메이킹, CS,창의/마케팅, 광고, 마케팅, 콘텐츠, SNS,세일즈, 협상, 설득",https://www.hooh.kr/sub/teacher/next.asp?m_idx=40844
40860,김희수,남극 세종과학기지 파견 간호사,"동기부여, 열정, 프로정신, 인생스토리, 도전, 마인드셋,경영/조직, 위기관리, 협력, 협업, 상생,힐링, 자존감,취업, 진로, 직업관",https://www.hooh.kr/sub/teacher/next.asp?m_idx=40860
40861,정석근,마라톤 지도자 & 러닝 코치,"동기부여, 열정, 인생스토리, 도전, 자기관리, 마인드셋,건강, 스트레스, 비만, 정신,힐링, 행복, 워라벨, 실습&체험",https://www.hooh.kr/sub/teacher/next.asp?m_idx=40861
40988,서선영,㈜소소도시 대표,"경영/조직, 혁신, 변화, 협력, 협업, 상생,창의/마케팅, 창의력, 콘텐츠, 디자인,사회/환경, ESG, 사회이슈",https://www.hooh.kr/sub/teacher/next.asp?m_idx=40988
41007,이범식,희망길플러스센터 대표,"동기부여, 인생스토리, 도전, 삶의자세, 꿈,인문학, 철학,경영/조직, 리더십, 조직문화, 목표관리,힐링, 희망, 행복, 마음, 자존감",https://www.hooh.kr/sub/teacher/next.asp?m_idx=41007
41168,황윤,프리랜서 작가,"동기부여, 자기계발,인문학, 역사, 철학, 미술, 예술, 문화, 한국사,교육, 독서법, 글쓰기,힐링, 마음, 여행",https://www.hooh.kr/sub/teacher/next.asp?m_idx=41168
41169,박철준 (킹스턴),에코플레이스(Eco Place) 대표,"동기부여, 프로정신, 자기계발,인문학, 문학,경영/조직, 리더십, 조직관리, 경영전략,소통, 커뮤니케이션, 관계,창의/마케팅, 창의력, 마케팅, 콘텐츠,세일즈, 협상, 설득,여행",https://www.hooh.kr/sub/teacher/next.asp?m_idx=41169
41213,신애라,"배우, 방송인","소통, 관계, 가족,교육, 육아, 인성, 부모교육,힐링, 행복, 마음, 나눔, 봉사, 자존감",https://www.hooh.kr/sub/teacher/next.asp?m_idx=41213
31582,강지수,한국디지털교육원장,"AI/미래, 디지털기술, IT, Ai(인공지능),교육, 부모교육,창의/마케팅, 마케팅",https://www.hooh.kr/sub/teacher/next.asp?m_idx=31582
31583,정은상,핏솔(FITSOL) 대표,"동기부여, 자기관리, 자기계발,퍼스널브랜딩,건강, 스트레스, 의학, 운동,힐링, 실습&체험",https://www.hooh.kr/sub/teacher/next.asp?m_idx=31583
31623,김효선,NH농협은행 부동산 수석 전문위원,"경제, 자산관리, 부동산, 재테크, 투자, 노후",https://www.hooh.kr/sub/teacher/next.asp?m_idx=31623
31662,김태종,착한한우 교육센터장,"동기부여, 프로정신,취업, 진로",https://www.hooh.kr/sub/teacher/next.asp?m_idx=31662
33539,하종현,에너지공기업 연구원,"경제, 경제전망, 세무/법률,사회/환경, 정치",https://www.hooh.kr/sub/teacher/next.asp?m_idx=33539
33562,안재윤,코어컨설팅 대표,"AI/미래, 트렌드, 디지털기술, IT, Ai(인공지능), DX, 미래기술,경영/조직, 목표관리, 협력, 협업, 상생,사회/환경, ESG",https://www.hooh.kr/sub/teacher/next.asp?m_idx=33562
33572,김효광,청렴인권경영연구소 대표,"경영/조직, 조직문화, 조직관리,경제, 세무/법률",https://www.hooh.kr/sub/teacher/next.asp?m_idx=33572
33603,강성희,한국AI디지털교육협회 협회장,"AI/미래, Ai(인공지능),인문학, 문학,교육, 자녀교육, 공부법, 부모교육,창의/마케팅, 콘텐츠,취업, 면접, 이력서(자소서), 진로, 인생이모작",https://www.hooh.kr/sub/teacher/next.asp?m_idx=33603
33606,김소정,완쏘에듀테인먼트 대표,"AI/미래, Ai(인공지능),창의/마케팅, 마케팅, 콘텐츠, SNS",https://www.hooh.kr/sub/teacher/next.asp?m_idx=33606
33609,박기화,"디지털리터러시, 생성형AI 전문 강사","AI/미래, 디지털기술, Ai(인공지능), 빅데이터, 모바일웹,교육, 글쓰기,창의/마케팅, 콘텐츠, SNS",https://www.hooh.kr/sub/teacher/next.asp?m_idx=33609
33613,정민제,"AI 도서출판 선비북스 대표, 챗GPT강사","AI/미래, Ai(인공지능), 산업,경영/조직, 창업,교육, 글쓰기,창의/마케팅, 마케팅, 콘텐츠",https://www.hooh.kr/sub/teacher/next.asp?m_idx=33613
33622,이명성,노코더스 공동대표,"AI/미래, Ai(인공지능), DX,창업,취업",https://www.hooh.kr/sub/teacher/next.asp?m_idx=33622
33632,김은희(은희쌤),은희쌤 클래스 대표,"동기부여, 자기계발,AI/미래, Ai(인공지능), DX",https://www.hooh.kr/sub/teacher/next.asp?m_idx=33632
33637,권준욱,연세대학교 보건대학원 연구교수,"건강, 의학,사회/환경, 사회이슈",https://www.hooh.kr/sub/teacher/next.asp?m_idx=33637
33658,박혜경,"에이트 스페이스 대표, 미술품 경매사","인문학, 예술, 문화",https://www.hooh.kr/sub/teacher/next.asp?m_idx=33658
33675,서주호 (런주호),러너 & 러닝 코치,"동기부여, 도전, 자기계발,건강, 운동",https://www.hooh.kr/sub/teacher/next.asp?m_idx=33675
33694,이선종,한국AI리터러시협회 회장·청주대 인공지능소프트웨어학과 겸임교수,"AI/미래, 트렌드, 디지털기술, Ai(인공지능), DX, 미래기술,경영/조직, 스타트업,교육, 자녀교육, 부모교육",https://www.hooh.kr/sub/teacher/next.asp?m_idx=33694
33704,쏠레올레,팝페라 그륩,"인문학, 예술, 문화,힐링, 공연&강연",https://www.hooh.kr/sub/teacher/next.asp?m_idx=33704
33711,한영준(두선생),"경제일간지 파이낸셜뉴스 경제부 기자, 역사학자","인문학, 역사, 세계, 문화, 한국사,사회/환경, 국제정세",https://www.hooh.kr/sub/teacher/next.asp?m_idx=33711
33713,고삼석,동국대학교 AI융합대학 석좌교수,"AI/미래, 트렌드, 디지털기술, IT, Ai(인공지능), DX, 미래기술, 산업, 융합,경영/조직, 혁신, 변화,취업, 진로",https://www.hooh.kr/sub/teacher/next.asp?m_idx=33713
33730,장재성,계명대학교 경찰행정학과 교수,"경영/조직, 리더십, 조직문화, 조직관리,소통,교육, 법정의무교육",https://www.hooh.kr/sub/teacher/next.asp?m_idx=33730
33733,이지문,(사)한국청렴운동본부 이사장,"경영/조직, 경영, 조직문화, 조직관리, 경영전략,경제, 세무/법률,사회/환경, ESG",https://www.hooh.kr/sub/teacher/next.asp?m_idx=33733
33738,김범일,"공직윤리, 기업윤리 전문강사","경영/조직, 조직문화, 조직관리,경제, 세무/법률,교육, 성교육,힐링, 희망, 마음,사회/환경, ESG",https://www.hooh.kr/sub/teacher/next.asp?m_idx=33738
33748,김거성,연세대학교 객원교수,"경영/조직, 경영, 조직문화, 조직관리,경제, 세무/법률,사회/환경, ESG",https://www.hooh.kr/sub/teacher/next.asp?m_idx=33748
33750,한유나,흥사단 조직국 차장,"경영/조직, 조직문화, 조직관리,경제, 세무/법률",https://www.hooh.kr/sub/teacher/next.asp?m_idx=33750
33762,신민섭,청렴이룸교육연구원 대표,"조직문화, 조직관리",https://www.hooh.kr/sub/teacher/next.asp?m_idx=33762
33765,박종태,전문강사,"동기부여, 성공, 자기관리, 삶의자세,AI/미래, 산업, 정보보안,경영/조직, 경영, 조직문화, 조직관리,경제, 재테크, 세무/법률,사회/환경, ESG",https://www.hooh.kr/sub/teacher/next.asp?m_idx=33765
33768,박준희,국민권익위원회 청렴전문강사,"경영/조직, 조직문화, 조직관리,교육, 법정의무교육",https://www.hooh.kr/sub/teacher/next.asp?m_idx=33768
33773,하종삼,목민심서연구소 소장,"AI/미래, Ai(인공지능),인문학, 역사,경영/조직, 조직문화, 조직관리,경제, 세무/법률",https://www.hooh.kr/sub/teacher/next.asp?m_idx=33773
33784,권수일,서울대학교 학내강사,"경영/조직, 조직문화, 조직관리,경제, 세무/법률,건강, 스트레스",https://www.hooh.kr/sub/teacher/next.asp?m_idx=33784
33790,김신철,서정대학교 사회복지학 전임교수,"경영/조직, 조직문화, 조직관리,경제, 재무설계, 노후, 세무/법률,소통, 커뮤니케이션,사회/환경, 정치",https://www.hooh.kr/sub/teacher/next.asp?m_idx=33790
33808,조증호,청렴에듀앤컨설팅연구소 대표,"인문학, 문학, 영화,경영/조직, 조직문화, 조직관리,경제, 세무/법률",https://www.hooh.kr/sub/teacher/next.asp?m_idx=33808
33818,박종성,서울시 교육청 청렴전문강사,"조직문화, 조직관리",https://www.hooh.kr/sub/teacher/next.asp?m_idx=33818
33820,최영미,한국국제협력단 연구위원,"경영/조직, 리더십, 조직문화, 혁신, 경영전략, 협력, 협업, 상생,사회/환경, 국제정세, ESG, 사회이슈",https://www.hooh.kr/sub/teacher/next.asp?m_idx=33820
33835,이광표,법무법인 한중 변호사,"인문학,경영/조직, 조직문화, 조직관리",https://www.hooh.kr/sub/teacher/next.asp?m_idx=33835
33839,김철수,한국투명성기구 이사,"경영/조직, 리더십, 조직문화, 조직관리,경제, 세무/법률",https://www.hooh.kr/sub/teacher/next.asp?m_idx=33839
33842,이광수,성결대학교 정보통신공학과 객원교수,"동기부여, 열정, 인생스토리, 자기관리,인문학, 미술,경영/조직, 리더십, 조직문화, 조직관리, 변화, 위기관리,소통, 커뮤니케이션, 프레젠테이션,힐링, 행복,취업, 면접, 인생이모작",https://www.hooh.kr/sub/teacher/next.asp?m_idx=33842
33846,하상철,대한웰다잉협회 웰다잉 전문강사,"동기부여, 자기관리,경영/조직, 조직문화, 조직관리,경제, 재무설계, 노후, 세무/법률,소통, 커뮤니케이션, 관계,건강, 노후,취업, 인생이모작",https://www.hooh.kr/sub/teacher/next.asp?m_idx=33846
33874,김도연,(사)한국콘텐츠컨설팅협회 창업 이사장,"동기부여, 도전, 자기계발, 꿈,창의/마케팅, 창의력, 콘텐츠,취업, 진로, 직업관",https://www.hooh.kr/sub/teacher/next.asp?m_idx=33874
33892,이예솝,광운대학교 로봇학부 조교수,"AI/미래, 디지털기술, IT, Ai(인공지능), 미래기술, 로봇",https://www.hooh.kr/sub/teacher/next.asp?m_idx=33892
33893,정재훈,서울시립대학교 경영학과 교수,"AI/미래, 트렌드, 디지털기술, IT, Ai(인공지능), 미래기술, 사물인터넷, 모바일웹, 사물통신, 로봇, 산업, 정보보안, 비즈니스, 융합,경영/조직, 경영, 경영전략",https://www.hooh.kr/sub/teacher/next.asp?m_idx=33893
33909,김민지,"하고마케팅 대표, G마켓 소상공인 마케팅 강사","동기부여, 인생스토리,창의/마케팅, 마케팅,세일즈, 판매,취업, 직업관",https://www.hooh.kr/sub/teacher/next.asp?m_idx=33909
33912,조희수,"에듀윌 평생교육원 운영교수, 대전광역시 서구청 공무원","동기부여, 인생스토리, 삶의자세,취업, 진로, 직업관",https://www.hooh.kr/sub/teacher/next.asp?m_idx=33912
33914,김신완,MBC PD,"교육, 자녀교육, 입시, 부모교육,창의/마케팅, 콘텐츠,취업, 면접, 진로",https://www.hooh.kr/sub/teacher/next.asp?m_idx=33914
33938,김소영,프리랜서 CS강사,"소통, 커뮤니케이션, 관계, 스피치,퍼스널브랜딩, CS,교육, 자녀교육, 인성,취업, 진로",https://www.hooh.kr/sub/teacher/next.asp?m_idx=33938
33944,전종훈,노코더스 강사,"AI/미래, 디지털기술, IT, Ai(인공지능), 미래기술, 모바일웹",https://www.hooh.kr/sub/teacher/next.asp?m_idx=33944
33954,김명섭,원플렉스짐 대표,"건강, 스트레스, 비만, 식이요법, 운동",https://www.hooh.kr/sub/teacher/next.asp?m_idx=33954
33960,이승훈,심리학 강사,"인문학, 예술, 음악,건강, 심리,힐링, 행복, 마음,사회/환경",https://www.hooh.kr/sub/teacher/next.asp?m_idx=33960
33975,최용호,팝페라그룹 ''쏠레올레'' 리더,"인문학, 예술, 문화, 음악,힐링, 공연&강연",https://www.hooh.kr/sub/teacher/next.asp?m_idx=33975
34021,변종대,"(주) 그루퍼 대표이사, (주) 엠텍스 CTO/ CMO","AI/미래, 디지털기술, Ai(인공지능), DX, 미래기술, 산업,경제, 주식",https://www.hooh.kr/sub/teacher/next.asp?m_idx=34021
34043,유성호,"연암대학교 겸임교수, 이엔푸드 대표","동기부여, 도전, 자기관리, 꿈, 비전, 마인드셋,소통, 커뮤니케이션,퍼스널브랜딩,건강, 스트레스, 비만, 식이요법,교육, 자녀교육, 공부법, 부모교육,창의/마케팅, 마케팅",https://www.hooh.kr/sub/teacher/next.asp?m_idx=34043
34065,조성문,베이직인터네셔널 인공지능센터장,"AI/미래, 디지털기술, IT, Ai(인공지능), 빅데이터, 모바일웹, 비즈니스,경제, 디지털자산",https://www.hooh.kr/sub/teacher/next.asp?m_idx=34065
34073,김니나,한걸음컨설팅 대표,"동기부여, 자기관리, 자기계발,경영/조직, 리더십, 조직활성화, 경영전략,소통, 커뮤니케이션, 관계,퍼스널브랜딩, 이미지메이킹, CS",https://www.hooh.kr/sub/teacher/next.asp?m_idx=34073
34089,김기리,"개그맨, 배우","동기부여, 열정, 인생스토리, 도전, 삶의자세,소통, 관계, 가족,힐링, 희망, 웃음, 종교, 행복, 마음, 나눔, 봉사, 공연&강연",https://www.hooh.kr/sub/teacher/next.asp?m_idx=34089
34102,이시헌,작가,"동기부여, 도전, 삶의자세, 자기계발, 꿈,AI/미래, 트렌드, Ai(인공지능),교육, 글쓰기,창의/마케팅, 콘텐츠, SNS",https://www.hooh.kr/sub/teacher/next.asp?m_idx=34102
34127,박정완,Enperson 대표,"동기부여, 자기계발,AI/미래, Ai(인공지능),경영/조직, 리더십, 조직문화, 조직관리, 경영전략,소통, 커뮤니케이션, 관계,퍼스널브랜딩,건강, 심리,창의/마케팅, 창의력, 마케팅,취업, 진로",https://www.hooh.kr/sub/teacher/next.asp?m_idx=34127
34134,이현중,나커리어연구소 대표,"동기부여, 자기계발,AI/미래, Ai(인공지능),취업, 면접, 이력서(자소서), 진로, 직업관",https://www.hooh.kr/sub/teacher/next.asp?m_idx=34134
34145,정수진,블리스랩 대표,"AI/미래, Ai(인공지능),경영/조직, 경영, 리더십, 조직문화, 조직관리,소통, 커뮤니케이션,퍼스널브랜딩, 이미지메이킹, CS,교육, 글쓰기,창의/마케팅, 창의력",https://www.hooh.kr/sub/teacher/next.asp?m_idx=34145
34156,한정화,더블유에이치컨설팅 대표,"경영/조직, 조직활성화,소통, 커뮤니케이션, 관계,퍼스널브랜딩, 이미지메이킹, CS, 스타일링,세일즈, 설득, 고객관리,힐링, 실습&체험",https://www.hooh.kr/sub/teacher/next.asp?m_idx=34156
34183,김다빈,갭인노이즈 대표,"AI/미래, 디지털기술, IT, Ai(인공지능), 융합,창의/마케팅, 콘텐츠",https://www.hooh.kr/sub/teacher/next.asp?m_idx=34183
34232,강규원,1992덮밥짜글이(필드키친) 대표,"경영/조직, 창업,창의/마케팅, 마케팅,세일즈, 판매",https://www.hooh.kr/sub/teacher/next.asp?m_idx=34232
34259,김수영,서울대학교 사회과학사회복지학과 대학 교수,"AI/미래, 트렌드,인문학, 문화,교육, 글쓰기,사회/환경, 사회이슈",https://www.hooh.kr/sub/teacher/next.asp?m_idx=34259
34282,강은진,고려대학교 민족문화연구원 연구교수,"인문학, 세계, 문화,교육, 글쓰기",https://www.hooh.kr/sub/teacher/next.asp?m_idx=34282
34291,김용준,"고려대학교 문화유산융합연구소 연구교수, 인도 고고학자","인문학, 역사, 철학, 문화,힐링, 종교",https://www.hooh.kr/sub/teacher/next.asp?m_idx=34291
34301,주민정,"크레센티아 대표, 한국서비스교육센터 대표","인문학, 영화,소통, 커뮤니케이션,퍼스널브랜딩, CS, MBTI,건강, 스트레스,교육, 부모교육,세일즈, 협상, 설득, 판매,힐링, 마음",https://www.hooh.kr/sub/teacher/next.asp?m_idx=34301
34302,은재호,한국외국어대학교 겸임교수,"경영/조직, 리더십, 조직문화, 조직관리, 협력, 협업, 상생,소통, 관계",https://www.hooh.kr/sub/teacher/next.asp?m_idx=34302
34303,최경우,웨이브51 대표,"동기부여, 자기관리, 자기계발,경영/조직, 리더십, 조직문화, 조직관리, 목표관리, 조직활성화, CEO,소통, 커뮤니케이션",https://www.hooh.kr/sub/teacher/next.asp?m_idx=34303
34304,서진영,"위메이저 이사, 교육강사","AI/미래, IT, Ai(인공지능),경영/조직, 리더십, 조직문화, 조직활성화,소통, 커뮤니케이션, 관계,퍼스널브랜딩, MBTI,취업, 이력서(자소서)",https://www.hooh.kr/sub/teacher/next.asp?m_idx=34304
34305,전성욱,국가대표 마술사,"동기부여, 프로정신, 도전, 꿈,힐링, 공연&강연,취업, 진로",https://www.hooh.kr/sub/teacher/next.asp?m_idx=34305
34307,이동형,킹스타운커피연구소 소장,"경영/조직, 조직문화, 조직활성화,힐링, 실습&체험",https://www.hooh.kr/sub/teacher/next.asp?m_idx=34307
34313,설동관,"설 엘리트 트레이닝 대표, 선수 트레이너, 교정전문가","동기부여, 자기관리,건강, 비만, 식이요법, 운동",https://www.hooh.kr/sub/teacher/next.asp?m_idx=34313
34316,정우철,MLCC매력철철 리더십센터 대표,"동기부여, 자기관리, 삶의자세, 자기계발, 마인드셋,경영/조직, 리더십, 조직문화, 협력, 협업, 상생,소통, 커뮤니케이션, 관계,퍼스널브랜딩, MBTI,교육, 공부법",https://www.hooh.kr/sub/teacher/next.asp?m_idx=34316
34320,서아람,변호사,"경제, 세무/법률,교육, 여성학, 성교육, 법정의무교육,창의/마케팅,사회/환경, 사회이슈,취업, 진로",https://www.hooh.kr/sub/teacher/next.asp?m_idx=34320
34321,김성집,Vocal meister 목소리 공방 대표,"소통, 커뮤니케이션, 스피치, 프레젠테이션,힐링, 실습&체험,취업, 면접",https://www.hooh.kr/sub/teacher/next.asp?m_idx=34321
34322,윤규훈,"스팀21 공동대표, 진로탐색 전문강사","AI/미래, Ai(인공지능), 융합,교육, 자녀교육, 공부법, 입시, 부모교육,창의/마케팅, 창의력,취업, 진로",https://www.hooh.kr/sub/teacher/next.asp?m_idx=34322
34323,김수희,주아카데미 대표강사,"인문학,소통, 커뮤니케이션,힐링, 실습&체험",https://www.hooh.kr/sub/teacher/next.asp?m_idx=34323
34324,강혜진,강스피치 스피치컨설턴트,"소통, 커뮤니케이션, 스피치,세일즈, 설득,취업, 면접",https://www.hooh.kr/sub/teacher/next.asp?m_idx=34324
34333,배학근,㈜디슨트 대표,"동기부여, 자기관리, 삶의자세, 비전, 마인드셋,건강, 스트레스, 심리, 정신,힐링, 희망, 마음",https://www.hooh.kr/sub/teacher/next.asp?m_idx=34333
34334,김경민,교육컨설팅 그로우온랩 대표,"경영/조직, 리더십, 조직문화, 조직활성화,소통, 커뮤니케이션, 관계,퍼스널브랜딩, CS,건강, 스트레스,힐링, 마음",https://www.hooh.kr/sub/teacher/next.asp?m_idx=34334
34395,금혜란,마인드플레이스 상담코칭센터  멘토코치,"동기부여, 자기계발,소통, 커뮤니케이션, 관계,취업, 진로",https://www.hooh.kr/sub/teacher/next.asp?m_idx=34395
34420,지경철,품질의맥연구소 대표,"경영/조직, 경영, 목표관리, 경영전략",https://www.hooh.kr/sub/teacher/next.asp?m_idx=34420
34456,최윤정,"한국산업의료복지연구원 전문의, 성모채움정신건강의학과병원 부원장","건강, 스트레스, 심리, 정신,교육, 부모교육,힐링, 마음, 자존감",https://www.hooh.kr/sub/teacher/next.asp?m_idx=34456
34469,심명섭,해리국제협력연구소 소장,"동기부여,인문학, 문화,소통, 커뮤니케이션, 관계,사회/환경, 국제정세,취업, 진로",https://www.hooh.kr/sub/teacher/next.asp?m_idx=34469
34475,원빈,제이드필러 이사,"AI/미래, 트렌드, IT, Ai(인공지능), 빅데이터,창의/마케팅, 광고, 마케팅, 콘텐츠, SNS",https://www.hooh.kr/sub/teacher/next.asp?m_idx=34475
34496,권혁용,휴먼AI연구소 대표,"동기부여, 자기계발,AI/미래, 디지털기술, IT, Ai(인공지능), 빅데이터, 미래기술,창의/마케팅, 마케팅, 콘텐츠, SNS,취업, 진로",https://www.hooh.kr/sub/teacher/next.asp?m_idx=34496
34511,신영환,"스터디플렉스(STUDYFLEX) 대표, 교육법인 케쌤영어 이사","교육, 자녀교육, 공부법, 입시, 부모교육, 글쓰기",https://www.hooh.kr/sub/teacher/next.asp?m_idx=34511
34531,진용진,프로덕트 코치 & 컨설턴트,"AI/미래, Ai(인공지능), 비즈니스,경영/조직, 경영, 목표관리, 경영전략, 스타트업",https://www.hooh.kr/sub/teacher/next.asp?m_idx=34531
34548,민바람,에세이 작가,"동기부여, 삶의자세,인문학, 문학,교육, 독서법,힐링, 희망, 행복, 마음",https://www.hooh.kr/sub/teacher/next.asp?m_idx=34548
34551,송건호,㈜리보온 공동창업자 & ㈜해그로시 법인 대표,"경영/조직, 경영전략, 창업, 스타트업,창의/마케팅, 마케팅",https://www.hooh.kr/sub/teacher/next.asp?m_idx=34551
34555,이승원,대치서울정형외과의원 물리치료실 실장,"건강, 노후, 운동",https://www.hooh.kr/sub/teacher/next.asp?m_idx=34555
35178,권효진,(주)우아한형제들 시니어 마케팅 디자이너,"창의/마케팅, 마케팅, 콘텐츠,취업, 이력서(자소서), 진로, 직업관",https://www.hooh.kr/sub/teacher/next.asp?m_idx=35178
35179,김영채,영지식재산사업화센터 센터장,"AI/미래, Ai(인공지능), 비즈니스,경영/조직, 경영전략, 창업, 스타트업,창의/마케팅, 마케팅,세일즈, 고객관리",https://www.hooh.kr/sub/teacher/next.asp?m_idx=35179
35183,김헌,행복골프훈련소 교장쌤,"동기부여, 삶의자세,건강, 운동,부모교육,힐링, 실습&체험",https://www.hooh.kr/sub/teacher/next.asp?m_idx=35183
35193,이상훈,클론컨설팅 대표컨설턴트,"동기부여, 성공,경영/조직, 경영전략, 창업,창의/마케팅, 광고, 마케팅,세일즈, 고객관리",https://www.hooh.kr/sub/teacher/next.asp?m_idx=35193
35200,오다영,테레스필라테스개포 필라테스 강사,"건강, 스트레스, 비만, 운동,힐링",https://www.hooh.kr/sub/teacher/next.asp?m_idx=35200
35210,서유현,소비트렌드분석센터 연구위원,"AI/미래, 트렌드,경영/조직, 경영전략,퍼스널브랜딩, 뷰티",https://www.hooh.kr/sub/teacher/next.asp?m_idx=35210
35234,홍지연,"순천향대학교교수, 더나은내일교육연구소 대표","AI/미래, Ai(인공지능),인문학,교육, 자녀교육, 공부법, 독서법, 부모교육,창의/마케팅",https://www.hooh.kr/sub/teacher/next.asp?m_idx=35234
35235,경민정,"교육문화기획 경,이로운 대표","동기부여, 자기계발,경영/조직, 리더십,소통, 커뮤니케이션, 스피치, 프레젠테이션,세일즈, 설득,취업, 면접",https://www.hooh.kr/sub/teacher/next.asp?m_idx=35235
35242,전다현,트렌드코리아 소비트렌드분석센터 연구위원,"AI/미래, 트렌드, 미래기술,인문학, 문화,경영전략,창의/마케팅, 마케팅,사회/환경, ESG",https://www.hooh.kr/sub/teacher/next.asp?m_idx=35242
35246,오철,상명대학교 글로벌경영학과 교수,"경영/조직, 혁신, 경영전략, 변화,경제, 경제전망",https://www.hooh.kr/sub/teacher/next.asp?m_idx=35246
35249,김준한,"연세대학교 경제대학원 겸임교수, 전)한국은행 국장","경제, 금융, 경제전망, 투자",https://www.hooh.kr/sub/teacher/next.asp?m_idx=35249
35252,이철형,법과학 녹취분석연구소 대표,"AI/미래, 디지털기술, Ai(인공지능), 정보보안,교육,사회/환경, 사회이슈",https://www.hooh.kr/sub/teacher/next.asp?m_idx=35252
35272,안지선,"㈜플랜파이브 연출가, 작가","인문학, 미술, 예술, 문화, 영화, 음악,교육, 글쓰기,창의/마케팅, 상상력, 창의력, 콘텐츠",https://www.hooh.kr/sub/teacher/next.asp?m_idx=35272
35316,조승현,구리어린이천문대 대표,"동기부여, 인생스토리, 꿈,AI/미래, 미래기술,인문학, 과학,창의/마케팅, 상상력,힐링, 마음, 실습&체험,취업, 진로, 직업관",https://www.hooh.kr/sub/teacher/next.asp?m_idx=35316
35331,임승원,기묘한 자동화 웹 에이전시 대표,"AI/미래, 트렌드, 디지털기술, IT, Ai(인공지능), 미래기술, 모바일웹",https://www.hooh.kr/sub/teacher/next.asp?m_idx=35331
35335,윤정훈,OB 맥주 ZITEC & Craft Brewing 상무,"인문학,힐링, 실습&체험",https://www.hooh.kr/sub/teacher/next.asp?m_idx=35335
35388,박성진,삼성세무회계 대표,"동기부여, 인생스토리, 도전, 자기계발,경영/조직, 경영, 경영전략, CEO, 창업, 스타트업,경제, 세무/법률",https://www.hooh.kr/sub/teacher/next.asp?m_idx=35388
35393,조형묵,진산회계법인 이사,"경영/조직, 조직관리, 경영전략,경제, 자산관리, 재무설계, 세무/법률",https://www.hooh.kr/sub/teacher/next.asp?m_idx=35393
35395,김예희,다인세무회계사무소 대표회계사,"경제, 주식, 자산관리, 재무설계, 재테크, 투자, 노후, 세무/법률",https://www.hooh.kr/sub/teacher/next.asp?m_idx=35395
35426,나상무,렛유인 대표 강사,"취업, 면접, 이력서(자소서)",https://www.hooh.kr/sub/teacher/next.asp?m_idx=35426
35428,김재현,㈜더엣지 대표,"AI/미래, Ai(인공지능),경영/조직, 리더십, 조직문화,소통, 프레젠테이션",https://www.hooh.kr/sub/teacher/next.asp?m_idx=35428
35432,이정연,와이드마인드 대표,"동기부여, 삶의자세, 마인드셋,인문학, 미술, 예술,힐링, 마음",https://www.hooh.kr/sub/teacher/next.asp?m_idx=35432
35433,조대연,고려대학교 교육학과 교수,"경영/조직, 리더십, 조직관리, 조직활성화, 협력, 협업, 상생",https://www.hooh.kr/sub/teacher/next.asp?m_idx=35433
35460,홍성은,성균관대학교 인공지능융합학과 부교수,"AI/미래, 디지털기술, Ai(인공지능), 미래기술, 융합",https://www.hooh.kr/sub/teacher/next.asp?m_idx=35460
35469,우창균,브릭스인베스트먼트 부장,"경제, 부동산,창의/마케팅, 마케팅, 콘텐츠",https://www.hooh.kr/sub/teacher/next.asp?m_idx=35469
35481,이대호,와이스트릿 대표,"경제, 금융, 주식, 자산관리, 재무설계, 재테크, 투자,소통, 스피치, 프레젠테이션",https://www.hooh.kr/sub/teacher/next.asp?m_idx=35481
35486,송인애,한국장애인심리지원센터 대표이사,"건강, 심리,교육, 자녀교육, 인성, 부모교육,힐링, 마음,사회/환경, 사회이슈,취업, 진로",https://www.hooh.kr/sub/teacher/next.asp?m_idx=35486
35488,강석환,스텝업 금융교육 대표,"경제, 금융, 자산관리, 재무설계, 재테크, 투자, 노후, 세무/법률",https://www.hooh.kr/sub/teacher/next.asp?m_idx=35488
35490,이천,희망재무설계 대표,"자기계발,경제, 금융, 자산관리, 재무설계, 재테크, 투자, 노후",https://www.hooh.kr/sub/teacher/next.asp?m_idx=35490
35505,박진희,한국비폭력대화교육원 수석강사,"경영/조직, 리더십, 조직문화, 협력, 협업, 상생,소통, 관계,건강, 심리",https://www.hooh.kr/sub/teacher/next.asp?m_idx=35505
35507,지현이,디지털거북이컴퍼니 대표,"AI/미래, 디지털기술, Ai(인공지능), DX,창의/마케팅, 마케팅, 콘텐츠",https://www.hooh.kr/sub/teacher/next.asp?m_idx=35507
35517,남시훈,명지대학교 국제통상학전공 부교수,"경제, 경제전망, 세무/법률,사회/환경, 국제정세",https://www.hooh.kr/sub/teacher/next.asp?m_idx=35517
35520,김문경,영화감독,"동기부여, 인생스토리, 마인드셋,인문학, 영화,창의/마케팅, 콘텐츠,취업, 진로, 직업관",https://www.hooh.kr/sub/teacher/next.asp?m_idx=35520
35558,김예지,엘리펀트컴퍼니 대표,"AI/미래, 트렌드, 디지털기술, IT, Ai(인공지능), DX, 비즈니스,경영/조직, 혁신, 경영전략, 변화,창의/마케팅, 마케팅, 콘텐츠",https://www.hooh.kr/sub/teacher/next.asp?m_idx=35558
35584,양승렬,"작가, 경복궁 해설사","동기부여, 삶의자세, 자기계발,인문학, 역사, 고전, 철학, 예술, 한국사,교육, 글쓰기,취업, 인생이모작",https://www.hooh.kr/sub/teacher/next.asp?m_idx=35584
35596,김선영,365일행복한약국 대표 약사,"건강, 식이요법, 의학, 노후",https://www.hooh.kr/sub/teacher/next.asp?m_idx=35596
35635,김현섭,"수업디자인연구소 소장,(사)교육디자인네트워크 대표","교육, 자녀교육, 공부법, 부모교육",https://www.hooh.kr/sub/teacher/next.asp?m_idx=35635
35639,이가령,우리글진흥원 교육원장,"동기부여, 자기계발,AI/미래, Ai(인공지능),인문학, 문학,소통, 부부,교육, 독서법, 글쓰기",https://www.hooh.kr/sub/teacher/next.asp?m_idx=35639
35643,김한규,비즈니스캔버스 영업 이사,"경영/조직, 경영전략,창의/마케팅, 마케팅,세일즈, 판매",https://www.hooh.kr/sub/teacher/next.asp?m_idx=35643
35653,권경률,역사 전문 작가,"동기부여, 인생스토리,인문학, 역사, 문화, 한국사",https://www.hooh.kr/sub/teacher/next.asp?m_idx=35653
35655,오정윤,한국역사인문교육원 대표,"인문학, 역사, 세계, 문화, 한국사, 영화, 과학,경영/조직, 경영, 혁신",https://www.hooh.kr/sub/teacher/next.asp?m_idx=35655
35659,강제민,"한국사 전문강사, 민주평화통일자문회의 자문위원","동기부여, 열정, 인생스토리, 성공, 삶의자세,인문학, 역사, 한국사,경영/조직, 리더십, 위기관리,교육, 자녀교육,사회/환경, 통일",https://www.hooh.kr/sub/teacher/next.asp?m_idx=35659
35666,한유미,전) 배구선수,"동기부여, 열정, 프로정신, 도전, 성공, 삶의자세, 꿈, 마인드셋",https://www.hooh.kr/sub/teacher/next.asp?m_idx=35666
35717,김대경,메피기술경영 대표,"인문학, 미술, 예술,경영/조직, 경영전략, 창업, 스타트업",https://www.hooh.kr/sub/teacher/next.asp?m_idx=35717
35719,강상현,온마클컴퍼니 대표,"AI/미래, Ai(인공지능),창의/마케팅, 마케팅, 콘텐츠, SNS,세일즈, 고객관리",https://www.hooh.kr/sub/teacher/next.asp?m_idx=35719
35741,김병철,KBC 인재경영연구소장,"동기부여, 자기관리, 삶의자세, 자기계발, 마인드셋,경영/조직, 경영, 리더십, 조직문화, 혁신, 조직관리, 경영전략, 변화,건강, 심리,세일즈, 설득",https://www.hooh.kr/sub/teacher/next.asp?m_idx=35741
